{
    "elapsed": {
        "M": {
            "54": {
                "2025-06": 0
            }
        }
    },
    "hours": {
        "1": {
            "2020-11": -6.0,
            "2020-12": -74.0,
            "2024-03": -147.0
        },
        "7": {
            "2019-12": -211.0
        }
    },
    "resources": {
        "1": {
            "2018-10": 3,
            "2018-11": 3,
            "2018-12": 2,
            "2019-01": 2,
            "2019-02": 2,
            "2019-03": 1,
            "2019-06": 1,
            "2019-07": 1,
            "2019-08": 1,
            "2019-09": 1
        },
        "13": {
            "2019-03": 1,
            "2019-04": 1,
            "2019-05": 1,
            "2019-06": 1,
            "2019-07": 1,
            "2019-08": 1,
            "2019-09": 3,
            "2019-10": 3
        },
        "2": {
            "2020-09": 1
        },
        "25": {
            "2019-05": 2,
            "2019-06": 2,
            "2019-07": 1,
            "2019-08": 1,
            "2019-09": 1,
            "2019-10": 1,
            "2019-11": 1,
            "2020-01": 1,
            "2020-02": 1,
            "2020-03": 1,
            "2020-04": 1
        }
    }
}