{
    "available": {
        "2": {
            "2018-01": -1,
            "2018-02": -1,
            "2018-03": -1
        }
    },
    "hours": {
        "10": {
            "2019-01": -31.0,
            "2019-02": -107.0
        },
        "4": {
            "2022-11": -16.0
        },
        "5": {
            "2020-01": -28.0
        }
    },
    "resources": {
        "13": {
            "2019-08": 2,
            "2019-09": 2,
            "2019-10": 2,
            "2019-11": 1,
            "2019-12": 1,
            "2020-01": 1,
            "2020-02": 2,
            "2020-03": 2,
            "2020-04": 2
        },
        "33": {
            "2018-01": 1,
            "2018-05": 1
        },
        "36": {
            "2019-10": 2
        },
        "38": {
            "2021-02": 1,
            "2021-03": 1,
            "2021-04": 1
        }
    }
}