{
    "elapsed": {
        "M": {
            "49": {
                "2025-06": 0
            }
        }
    },
    "hours": {
        "13": {
            "2021-09": -31.0,
            "2021-10": -123.0,
            "2021-11": -168.0
        },
        "4": {
            "2019-04": -182.0
        }
    },
    "resources": {
        "16": {
            "2022-05": 1
        },
        "54": {
            "2018-06": 1
        },
        "55": {
            "2018-07": 1
        },
        "56": {
            "2019-06": 4,
            "2019-07": 4,
            "2019-08": 3,
            "2019-09": 4,
            "2019-10": 3,
            "2019-11": 4,
            "2019-12": 3,
            "2020-01": 3,
            "2020-02": 3,
            "2020-03": 3,
            "2020-04": 3,
            "2020-05": 4
        },
        "58": {
            "2021-02": 2,
            "2021-03": 2,
            "2021-04": 2,
            "2021-05": 1,
            "2021-06": 1,
            "2021-07": 1,
            "2021-08": 1,
            "2021-09": 1,
            "2021-10": 1
        }
    }
}