{
    "hours": {
        "1": {
            "2022-07": -138.0,
            "2022-09": -240.0
        },
        "2": {
            "2018-05": -71.0,
            "2018-06": -112.0,
            "2025-04": -2.0,
            "2025-05": -76.0,
            "2025-06": -138.0
        },
        "3": {
            "2019-05": -99.0
        },
        "4": {
            "2022-05": -32.0
        },
        "5": {
            "2019-04": -42.0,
            "2019-05": -99.0,
            "2023-11": -21.0,
            "2023-12": -129.0
        }
    },
    "resources": {
        "1": {
            "2018-08": 3,
            "2019-06": 1,
            "2019-07": 2
        },
        "10": {
            "2018-01": 1,
            "2018-02": 1,
            "2018-03": 1
        },
        "11": {
            "2018-12": 3,
            "2019-01": 1
        },
        "12": {
            "2019-08": 1
        },
        "13": {
            "2020-03": 1,
            "2020-08": 1
        },
        "2": {
            "2019-08": 2,
            "2019-09": 1,
            "2020-03": 1,
            "2020-04": 1
        },
        "20": {
            "2018-01": 3,
            "2018-02": 3,
            "2018-03": 3,
            "2018-04": 3,
            "2018-05": 2,
            "2018-07": 1
        },
        "21": {
            "2018-08": 2,
            "2018-09": 2
        },
        "23": {
            "2020-02": 1
        },
        "3": {
            "2020-05": 1,
            "2020-06": 1
        },
        "5": {
            "2021-11": 1
        }
    }
}