{
    "hours": {
        "4": {
            "2019-10": -10.0
        },
        "7": {
            "2019-06": -31.0
        }
    },
    "resources": {
        "10": {
            "2018-09": 1,
            "2018-10": 1,
            "2018-11": 1,
            "2018-12": 1
        },
        "16": {
            "2023-08": 1
        },
        "20": {
            "2018-01": 3,
            "2018-02": 3,
            "2018-03": 3,
            "2018-04": 1
        },
        "21": {
            "2018-11": 3,
            "2018-12": 2,
            "2019-01": 1,
            "2019-07": 1,
            "2019-08": 1,
            "2019-09": 1
        }
    }
}