{
    "hours": {
        "15": {
            "2018-03": -35.0,
            "2018-04": -75.0,
            "2018-05": -75.0,
            "2018-06": -75.0,
            "2018-07": -75.0,
            "2018-08": -75.0,
            "2018-09": -75.0,
            "2022-12": -72.0
        },
        "8": {
            "2023-12": -126.0,
            "2025-01": -105.0
        }
    },
    "resources": {
        "21": {
            "2018-01": 1,
            "2018-02": 1,
            "2018-03": 1,
            "2018-04": 2,
            "2018-05": 2,
            "2018-06": 2
        },
        "31": {
            "2018-04": 1
        },
        "36": {
            "2021-10": 1,
            "2022-04": 1,
            "2022-05": 1
        },
        "38": {
            "2023-01": 4,
            "2023-02": 2,
            "2023-03": 3,
            "2023-04": 2,
            "2023-05": 2,
            "2023-06": 1,
            "2023-07": 1,
            "2023-08": 1,
            "2023-09": 1
        }
    }
}