{
    "hours": {
        "10": {
            "2019-09": -47.0,
            "2019-10": -203.0
        },
        "12": {
            "2018-07": -25.0,
            "2018-08": -25.0,
            "2018-09": -25.0,
            "2018-10": -25.0,
            "2018-11": -25.0
        }
    },
    "resources": {
        "53": {
            "2018-01": 3,
            "2018-02": 3,
            "2018-03": 4,
            "2018-04": 4,
            "2018-05": 5,
            "2018-06": 5,
            "2018-07": 5
        }
    }
}