{
    "elapsed": {
        "M": {
            "31": {
                "2025-06": 0
            }
        }
    },
    "hours": {
        "1": {
            "2020-02": -26.0,
            "2025-05": -289.0,
            "2025-06": -579.0
        },
        "2": {
            "2019-07": -232.0,
            "2019-08": -496.0,
            "2019-09": -760.0,
            "2019-12": -8.0
        },
        "6": {
            "2018-01": -198.0,
            "2018-02": -198.0
        },
        "7": {
            "2018-01": -616.0
        }
    },
    "resources": {
        "10": {
            "2018-03": 1,
            "2018-04": 1,
            "2018-11": 1
        },
        "18": {
            "2024-03": 1,
            "2024-04": 1,
            "2024-05": 1,
            "2024-06": 1,
            "2024-07": 1
        },
        "8": {
            "2024-02": 1,
            "2024-04": 1,
            "2025-01": 1
        }
    }
}