{
    "elapsed": {
        "M": {
            "101": {
                "2025-06": 0
            },
            "49": {
                "2025-06": 0
            }
        }
    },
    "hours": {
        "10": {
            "2018-06": -173.0
        },
        "11": {
            "2023-11": -290.0
        },
        "12": {
            "2024-08": -177.0
        },
        "14": {
            "2018-05": -65.0
        },
        "15": {
            "2018-03": -2.0,
            "2021-05": -13.0,
            "2021-11": -26.0,
            "2021-12": -71.0,
            "2022-01": -116.0
        },
        "6": {
            "2019-05": -26.0,
            "2019-06": -278.0
        }
    },
    "resources": {
        "11": {
            "2018-11": 1,
            "2018-12": 1,
            "2019-01": 1,
            "2019-02": 1,
            "2019-05": 1,
            "2019-06": 2
        },
        "13": {
            "2020-06": 1,
            "2021-01": 1,
            "2021-02": 1
        },
        "14": {
            "2021-03": 3,
            "2021-04": 3,
            "2021-05": 3,
            "2021-06": 3,
            "2021-07": 3,
            "2021-08": 1,
            "2021-09": 1
        },
        "15": {
            "2021-10": 3,
            "2021-11": 3,
            "2021-12": 3,
            "2022-01": 3,
            "2022-02": 3,
            "2022-03": 3,
            "2022-04": 4
        },
        "18": {
            "2024-11": 1
        },
        "20": {
            "2018-01": 1,
            "2018-05": 1,
            "2018-06": 1,
            "2018-07": 1,
            "2018-08": 2
        },
        "26": {
            "2022-10": 1,
            "2022-11": 1
        },
        "32": {
            "2018-04": 1,
            "2018-05": 1
        },
        "40": {
            "2024-10": 1
        },
        "54": {
            "2018-01": 1,
            "2018-05": 2,
            "2018-06": 2
        },
        "55": {
            "2019-05": 1
        },
        "57": {
            "2020-06": 2,
            "2020-07": 1
        },
        "64": {
            "2018-08": 1,
            "2018-09": 1,
            "2018-10": 1,
            "2019-02": 1,
            "2019-03": 1,
            "2019-04": 1
        },
        "65": {
            "2019-05": 1,
            "2019-06": 1,
            "2019-07": 1
        }
    }
}