{
    "hours": {
        "1": {
            "2020-10": -56.0,
            "2020-11": -124.0,
            "2020-12": -192.0
        },
        "3": {
            "2019-08": -3.0
        },
        "7": {
            "2019-11": -46.0,
            "2020-04": -6.0,
            "2020-05": -6.0,
            "2020-06": -6.0,
            "2020-07": -6.0,
            "2020-08": -6.0
        }
    },
    "resources": {
        "1": {
            "2018-10": 1,
            "2018-11": 1,
            "2018-12": 1,
            "2019-01": 1,
            "2019-02": 1,
            "2019-07": 2,
            "2019-08": 2,
            "2019-09": 3
        },
        "2": {
            "2019-10": 2,
            "2019-11": 2,
            "2019-12": 1
        },
        "25": {
            "2019-05": 2,
            "2019-06": 2,
            "2019-07": 2,
            "2019-08": 1,
            "2019-09": 1,
            "2019-12": 1,
            "2020-01": 1,
            "2020-02": 1,
            "2020-03": 1,
            "2020-04": 1
        }
    }
}