{
    "elapsed": {
        "M": {
            "50": {
                "2025-06": 0
            }
        }
    },
    "hours": {
        "1": {
            "2025-06": -53.0
        },
        "2": {
            "2019-07": -171.0,
            "2019-08": -435.0,
            "2019-09": -699.0
        }
    },
    "resources": {
        "10": {
            "2018-06": 1,
            "2018-07": 1,
            "2018-08": 1,
            "2018-11": 1
        },
        "18": {
            "2023-12": 1,
            "2024-04": 1,
            "2024-05": 1,
            "2024-06": 1,
            "2024-07": 1
        }
    }
}