{
    "maint_types": {
        "1": {
            "capacity": {}
        }
    },
    "maintenances": {
        "M": {
            "affects": [
                "M"
            ],
            "capacity": 9,
            "capacity_usage": 1,
            "depends_on": [
                "M"
            ],
            "duration_periods": 6,
            "elapsed_time_size": 15,
            "max_elapsed_time": 60,
            "max_used_time": 1000,
            "type": "1",
            "used_time_size": 1000
        }
    },
    "parameters": {
        "default_type2_capacity": 66,
        "elapsed_time_size": 15,
        "end": "2025-06",
        "initial_unbalance": [
            -3,
            3
        ],
        "maint_capacity": 9,
        "maint_duration": 6,
        "maint_weight": 1,
        "maintenances": {
            "M": {
                "affects": [],
                "capacity_usage": 1,
                "depends_on": [],
                "duration_periods": 4,
                "elapsed_time_size": 3,
                "max_elapsed_time": 60,
                "max_used_time": 1000,
                "priority": 0,
                "type": "1",
                "used_time_size": 1000
            },
            "VG": {
                "affects": [],
                "capacity_usage": 3,
                "depends_on": [
                    "M"
                ],
                "duration_periods": 1,
                "elapsed_time_size": 3,
                "max_elapsed_time": 8,
                "max_used_time": null,
                "priority": 10,
                "type": "2",
                "used_time_size": null
            },
            "VI": {
                "affects": [],
                "capacity_usage": 6,
                "depends_on": [
                    "M"
                ],
                "duration_periods": 1,
                "elapsed_time_size": 3,
                "max_elapsed_time": 17,
                "max_used_time": null,
                "priority": 5,
                "type": "2",
                "used_time_size": null
            },
            "VS": {
                "affects": [],
                "capacity_usage": 4,
                "depends_on": [
                    "M"
                ],
                "duration_periods": 1,
                "elapsed_time_size": null,
                "max_elapsed_time": null,
                "max_used_time": 600,
                "priority": 2,
                "type": "2",
                "used_time_size": 200
            }
        },
        "max_elapsed_time": 60,
        "max_elapsed_time_2M": null,
        "max_used_time": 1000,
        "min_avail_percent": 0.1,
        "min_avail_value": 1,
        "min_hours_perc": 0.5,
        "min_usage_period": 0,
        "num_parallel_tasks": 4,
        "num_period": 90,
        "num_resources": 60,
        "perc_add_capacity": 0.1,
        "perc_capacity": 0.15,
        "perc_in_maint": 0.07,
        "seed": 88,
        "start": "2018-01",
        "t_duration": [
            6,
            12
        ],
        "t_min_assign": [
            2,
            3,
            6
        ],
        "t_num_resource": [
            1,
            6
        ],
        "t_required_hours": [
            10,
            50,
            100
        ],
        "unavail_weight": 1
    },
    "resources": {
        "0": {
            "capacities": [
                "0"
            ],
            "code": "",
            "initial": {
                "M": {
                    "elapsed": 23,
                    "used": 334
                }
            },
            "initial_elapsed": 23,
            "initial_used": 334,
            "min_usage_period": {
                "default": 0
            },
            "states": {},
            "type": 0
        },
        "1": {
            "capacities": [
                "0"
            ],
            "code": "",
            "initial": {
                "M": {
                    "elapsed": 53,
                    "used": 900
                }
            },
            "initial_elapsed": 53,
            "initial_used": 900,
            "min_usage_period": {
                "default": 0
            },
            "states": {},
            "type": 0
        },
        "10": {
            "capacities": [
                "D",
                "C",
                "1",
                "B"
            ],
            "code": "",
            "initial": {
                "M": {
                    "elapsed": 35,
                    "used": 584
                }
            },
            "initial_elapsed": 35,
            "initial_used": 584,
            "min_usage_period": {
                "default": 0
            },
            "states": {},
            "type": 1
        },
        "11": {
            "capacities": [
                "1",
                "B"
            ],
            "code": "",
            "initial": {
                "M": {
                    "elapsed": 59,
                    "used": 967
                }
            },
            "initial_elapsed": 59,
            "initial_used": 967,
            "min_usage_period": {
                "default": 0
            },
            "states": {
                "2017-03": "11",
                "2017-04": "11",
                "2017-05": "11",
                "2017-06": "11",
                "2017-07": "11",
                "2017-08": "11",
                "2017-09": "11",
                "2017-10": "11",
                "2017-11": "11",
                "2017-12": "11"
            },
            "type": 1
        },
        "12": {
            "capacities": [
                "2"
            ],
            "code": "",
            "initial": {
                "M": {
                    "elapsed": 50,
                    "used": 834
                }
            },
            "initial_elapsed": 50,
            "initial_used": 834,
            "min_usage_period": {
                "default": 0
            },
            "states": {
                "2017-11": "22",
                "2017-12": "22"
            },
            "type": 2
        },
        "13": {
            "capacities": [
                "2"
            ],
            "code": "",
            "initial": {
                "M": {
                    "elapsed": 55,
                    "used": 867
                }
            },
            "initial_elapsed": 55,
            "initial_used": 867,
            "min_usage_period": {
                "default": 0
            },
            "states": {},
            "type": 2
        },
        "14": {
            "capacities": [
                "2"
            ],
            "code": "",
            "initial": {
                "M": {
                    "elapsed": 54,
                    "used": 917
                }
            },
            "initial_elapsed": 54,
            "initial_used": 917,
            "min_usage_period": {
                "default": 0
            },
            "states": {
                "2017-11": "22",
                "2017-12": "22"
            },
            "type": 2
        },
        "15": {
            "capacities": [
                "2"
            ],
            "code": "",
            "initial": {
                "M": {
                    "elapsed": 37,
                    "used": 567
                }
            },
            "initial_elapsed": 37,
            "initial_used": 567,
            "min_usage_period": {
                "default": 0
            },
            "states": {},
            "type": 2
        },
        "16": {
            "capacities": [
                "2"
            ],
            "code": "",
            "initial": {
                "M": {
                    "elapsed": 13,
                    "used": 250
                }
            },
            "initial_elapsed": 13,
            "initial_used": 250,
            "min_usage_period": {
                "default": 0
            },
            "states": {},
            "type": 2
        },
        "17": {
            "capacities": [
                "2"
            ],
            "code": "",
            "initial": {
                "M": {
                    "elapsed": 48,
                    "used": 817
                }
            },
            "initial_elapsed": 48,
            "initial_used": 817,
            "min_usage_period": {
                "default": 0
            },
            "states": {},
            "type": 2
        },
        "18": {
            "capacities": [
                "F",
                "3"
            ],
            "code": "",
            "initial": {
                "M": {
                    "elapsed": 45,
                    "used": 800
                }
            },
            "initial_elapsed": 45,
            "initial_used": 800,
            "min_usage_period": {
                "default": 0
            },
            "states": {},
            "type": 3
        },
        "19": {
            "capacities": [
                "3"
            ],
            "code": "",
            "initial": {
                "M": {
                    "elapsed": 51,
                    "used": 817
                }
            },
            "initial_elapsed": 51,
            "initial_used": 817,
            "min_usage_period": {
                "default": 0
            },
            "states": {
                "2017-11": "33",
                "2017-12": "33"
            },
            "type": 3
        },
        "2": {
            "capacities": [
                "0"
            ],
            "code": "",
            "initial": {
                "M": {
                    "elapsed": 53,
                    "used": 850
                }
            },
            "initial_elapsed": 53,
            "initial_used": 850,
            "min_usage_period": {
                "default": 0
            },
            "states": {},
            "type": 0
        },
        "20": {
            "capacities": [
                "F",
                "3",
                "E"
            ],
            "code": "",
            "initial": {
                "M": {
                    "elapsed": 36,
                    "used": 567
                }
            },
            "initial_elapsed": 36,
            "initial_used": 567,
            "min_usage_period": {
                "default": 0
            },
            "states": {
                "2017-09": "33",
                "2017-10": "33",
                "2017-11": "33",
                "2017-12": "33"
            },
            "type": 3
        },
        "21": {
            "capacities": [
                "F",
                "3"
            ],
            "code": "",
            "initial": {
                "M": {
                    "elapsed": 20,
                    "used": 367
                }
            },
            "initial_elapsed": 20,
            "initial_used": 367,
            "min_usage_period": {
                "default": 0
            },
            "states": {},
            "type": 3
        },
        "22": {
            "capacities": [
                "3",
                "E"
            ],
            "code": "",
            "initial": {
                "M": {
                    "elapsed": 5,
                    "used": 50
                }
            },
            "initial_elapsed": 5,
            "initial_used": 50,
            "min_usage_period": {
                "default": 0
            },
            "states": {},
            "type": 3
        },
        "23": {
            "capacities": [
                "3",
                "E"
            ],
            "code": "",
            "initial": {
                "M": {
                    "elapsed": 8,
                    "used": 134
                }
            },
            "initial_elapsed": 8,
            "initial_used": 134,
            "min_usage_period": {
                "default": 0
            },
            "states": {},
            "type": 3
        },
        "24": {
            "capacities": [
                "A",
                "0"
            ],
            "code": "",
            "initial": {
                "M": {
                    "elapsed": 60,
                    "used": 1000
                }
            },
            "initial_elapsed": 60,
            "initial_used": 1000,
            "min_usage_period": {
                "default": 0
            },
            "states": {
                "2017-10": "M",
                "2017-11": "M",
                "2017-12": "M"
            },
            "type": 0
        },
        "25": {
            "capacities": [
                "F",
                "3",
                "E"
            ],
            "code": "",
            "initial": {
                "M": {
                    "elapsed": 43,
                    "used": 767
                }
            },
            "initial_elapsed": 43,
            "initial_used": 767,
            "min_usage_period": {
                "default": 0
            },
            "states": {},
            "type": 3
        },
        "26": {
            "capacities": [
                "0"
            ],
            "code": "",
            "initial": {
                "M": {
                    "elapsed": 32,
                    "used": 550
                }
            },
            "initial_elapsed": 32,
            "initial_used": 550,
            "min_usage_period": {
                "default": 0
            },
            "states": {},
            "type": 0
        },
        "27": {
            "capacities": [
                "0"
            ],
            "code": "",
            "initial": {
                "M": {
                    "elapsed": 5,
                    "used": 117
                }
            },
            "initial_elapsed": 5,
            "initial_used": 117,
            "min_usage_period": {
                "default": 0
            },
            "states": {},
            "type": 0
        },
        "28": {
            "capacities": [
                "0"
            ],
            "code": "",
            "initial": {
                "M": {
                    "elapsed": 27,
                    "used": 484
                }
            },
            "initial_elapsed": 27,
            "initial_used": 484,
            "min_usage_period": {
                "default": 0
            },
            "states": {},
            "type": 0
        },
        "29": {
            "capacities": [
                "2"
            ],
            "code": "",
            "initial": {
                "M": {
                    "elapsed": 38,
                    "used": 667
                }
            },
            "initial_elapsed": 38,
            "initial_used": 667,
            "min_usage_period": {
                "default": 0
            },
            "states": {},
            "type": 2
        },
        "3": {
            "capacities": [
                "0"
            ],
            "code": "",
            "initial": {
                "M": {
                    "elapsed": 21,
                    "used": 300
                }
            },
            "initial_elapsed": 21,
            "initial_used": 300,
            "min_usage_period": {
                "default": 0
            },
            "states": {},
            "type": 0
        },
        "30": {
            "capacities": [
                "1",
                "B"
            ],
            "code": "",
            "initial": {
                "M": {
                    "elapsed": 11,
                    "used": 184
                }
            },
            "initial_elapsed": 11,
            "initial_used": 184,
            "min_usage_period": {
                "default": 0
            },
            "states": {},
            "type": 1
        },
        "31": {
            "capacities": [
                "2"
            ],
            "code": "",
            "initial": {
                "M": {
                    "elapsed": 11,
                    "used": 150
                }
            },
            "initial_elapsed": 11,
            "initial_used": 150,
            "min_usage_period": {
                "default": 0
            },
            "states": {},
            "type": 2
        },
        "32": {
            "capacities": [
                "0"
            ],
            "code": "",
            "initial": {
                "M": {
                    "elapsed": 10,
                    "used": 167
                }
            },
            "initial_elapsed": 10,
            "initial_used": 167,
            "min_usage_period": {
                "default": 0
            },
            "states": {},
            "type": 0
        },
        "33": {
            "capacities": [
                "3"
            ],
            "code": "",
            "initial": {
                "M": {
                    "elapsed": 60,
                    "used": 1000
                }
            },
            "initial_elapsed": 60,
            "initial_used": 1000,
            "min_usage_period": {
                "default": 0
            },
            "states": {
                "2017-10": "M",
                "2017-11": "M",
                "2017-12": "M"
            },
            "type": 3
        },
        "34": {
            "capacities": [
                "1"
            ],
            "code": "",
            "initial": {
                "M": {
                    "elapsed": 22,
                    "used": 317
                }
            },
            "initial_elapsed": 22,
            "initial_used": 317,
            "min_usage_period": {
                "default": 0
            },
            "states": {},
            "type": 1
        },
        "35": {
            "capacities": [
                "A",
                "0"
            ],
            "code": "",
            "initial": {
                "M": {
                    "elapsed": 30,
                    "used": 450
                }
            },
            "initial_elapsed": 30,
            "initial_used": 450,
            "min_usage_period": {
                "default": 0
            },
            "states": {},
            "type": 0
        },
        "36": {
            "capacities": [
                "2"
            ],
            "code": "",
            "initial": {
                "M": {
                    "elapsed": 51,
                    "used": 850
                }
            },
            "initial_elapsed": 51,
            "initial_used": 850,
            "min_usage_period": {
                "default": 0
            },
            "states": {},
            "type": 2
        },
        "37": {
            "capacities": [
                "0"
            ],
            "code": "",
            "initial": {
                "M": {
                    "elapsed": 26,
                    "used": 467
                }
            },
            "initial_elapsed": 26,
            "initial_used": 467,
            "min_usage_period": {
                "default": 0
            },
            "states": {},
            "type": 0
        },
        "38": {
            "capacities": [
                "3"
            ],
            "code": "",
            "initial": {
                "M": {
                    "elapsed": 58,
                    "used": 1000
                }
            },
            "initial_elapsed": 58,
            "initial_used": 1000,
            "min_usage_period": {
                "default": 0
            },
            "states": {},
            "type": 3
        },
        "39": {
            "capacities": [
                "0"
            ],
            "code": "",
            "initial": {
                "M": {
                    "elapsed": 13,
                    "used": 217
                }
            },
            "initial_elapsed": 13,
            "initial_used": 217,
            "min_usage_period": {
                "default": 0
            },
            "states": {},
            "type": 0
        },
        "4": {
            "capacities": [
                "0"
            ],
            "code": "",
            "initial": {
                "M": {
                    "elapsed": 3,
                    "used": 17
                }
            },
            "initial_elapsed": 3,
            "initial_used": 17,
            "min_usage_period": {
                "default": 0
            },
            "states": {},
            "type": 0
        },
        "40": {
            "capacities": [
                "1"
            ],
            "code": "",
            "initial": {
                "M": {
                    "elapsed": 49,
                    "used": 867
                }
            },
            "initial_elapsed": 49,
            "initial_used": 867,
            "min_usage_period": {
                "default": 0
            },
            "states": {},
            "type": 1
        },
        "41": {
            "capacities": [
                "2"
            ],
            "code": "",
            "initial": {
                "M": {
                    "elapsed": 45,
                    "used": 717
                }
            },
            "initial_elapsed": 45,
            "initial_used": 717,
            "min_usage_period": {
                "default": 0
            },
            "states": {
                "2017-11": "22",
                "2017-12": "22"
            },
            "type": 2
        },
        "42": {
            "capacities": [
                "2"
            ],
            "code": "",
            "initial": {
                "M": {
                    "elapsed": 37,
                    "used": 650
                }
            },
            "initial_elapsed": 37,
            "initial_used": 650,
            "min_usage_period": {
                "default": 0
            },
            "states": {
                "2017-11": "22",
                "2017-12": "22"
            },
            "type": 2
        },
        "43": {
            "capacities": [
                "2"
            ],
            "code": "",
            "initial": {
                "M": {
                    "elapsed": 46,
                    "used": 767
                }
            },
            "initial_elapsed": 46,
            "initial_used": 767,
            "min_usage_period": {
                "default": 0
            },
            "states": {},
            "type": 2
        },
        "44": {
            "capacities": [
                "0"
            ],
            "code": "",
            "initial": {
                "M": {
                    "elapsed": 19,
                    "used": 367
                }
            },
            "initial_elapsed": 19,
            "initial_used": 367,
            "min_usage_period": {
                "default": 0
            },
            "states": {},
            "type": 0
        },
        "45": {
            "capacities": [
                "0"
            ],
            "code": "",
            "initial": {
                "M": {
                    "elapsed": 52,
                    "used": 834
                }
            },
            "initial_elapsed": 52,
            "initial_used": 834,
            "min_usage_period": {
                "default": 0
            },
            "states": {},
            "type": 0
        },
        "46": {
            "capacities": [
                "3"
            ],
            "code": "",
            "initial": {
                "M": {
                    "elapsed": 23,
                    "used": 434
                }
            },
            "initial_elapsed": 23,
            "initial_used": 434,
            "min_usage_period": {
                "default": 0
            },
            "states": {},
            "type": 3
        },
        "47": {
            "capacities": [
                "1"
            ],
            "code": "",
            "initial": {
                "M": {
                    "elapsed": 17,
                    "used": 317
                }
            },
            "initial_elapsed": 17,
            "initial_used": 317,
            "min_usage_period": {
                "default": 0
            },
            "states": {},
            "type": 1
        },
        "48": {
            "capacities": [
                "2"
            ],
            "code": "",
            "initial": {
                "M": {
                    "elapsed": 34,
                    "used": 534
                }
            },
            "initial_elapsed": 34,
            "initial_used": 534,
            "min_usage_period": {
                "default": 0
            },
            "states": {},
            "type": 2
        },
        "49": {
            "capacities": [
                "2"
            ],
            "code": "",
            "initial": {
                "M": {
                    "elapsed": 56,
                    "used": 884
                }
            },
            "initial_elapsed": 56,
            "initial_used": 884,
            "min_usage_period": {
                "default": 0
            },
            "states": {},
            "type": 2
        },
        "5": {
            "capacities": [
                "0"
            ],
            "code": "",
            "initial": {
                "M": {
                    "elapsed": 24,
                    "used": 384
                }
            },
            "initial_elapsed": 24,
            "initial_used": 384,
            "min_usage_period": {
                "default": 0
            },
            "states": {},
            "type": 0
        },
        "50": {
            "capacities": [
                "C",
                "1",
                "B"
            ],
            "code": "",
            "initial": {
                "M": {
                    "elapsed": 50,
                    "used": 817
                }
            },
            "initial_elapsed": 50,
            "initial_used": 817,
            "min_usage_period": {
                "default": 0
            },
            "states": {
                "2017-07": "11",
                "2017-08": "11",
                "2017-09": "11",
                "2017-10": "11",
                "2017-11": "11",
                "2017-12": "11"
            },
            "type": 1
        },
        "51": {
            "capacities": [
                "D",
                "C",
                "1",
                "B"
            ],
            "code": "",
            "initial": {
                "M": {
                    "elapsed": 44,
                    "used": 700
                }
            },
            "initial_elapsed": 44,
            "initial_used": 700,
            "min_usage_period": {
                "default": 0
            },
            "states": {},
            "type": 1
        },
        "52": {
            "capacities": [
                "F",
                "3"
            ],
            "code": "",
            "initial": {
                "M": {
                    "elapsed": 17,
                    "used": 334
                }
            },
            "initial_elapsed": 17,
            "initial_used": 334,
            "min_usage_period": {
                "default": 0
            },
            "states": {},
            "type": 3
        },
        "53": {
            "capacities": [
                "3",
                "E"
            ],
            "code": "",
            "initial": {
                "M": {
                    "elapsed": 4,
                    "used": 84
                }
            },
            "initial_elapsed": 4,
            "initial_used": 84,
            "min_usage_period": {
                "default": 0
            },
            "states": {},
            "type": 3
        },
        "54": {
            "capacities": [
                "1",
                "C"
            ],
            "code": "",
            "initial": {
                "M": {
                    "elapsed": 60,
                    "used": 1000
                }
            },
            "initial_elapsed": 60,
            "initial_used": 1000,
            "min_usage_period": {
                "default": 0
            },
            "states": {
                "2017-10": "M",
                "2017-11": "M",
                "2017-12": "M"
            },
            "type": 1
        },
        "55": {
            "capacities": [
                "1"
            ],
            "code": "",
            "initial": {
                "M": {
                    "elapsed": 19,
                    "used": 367
                }
            },
            "initial_elapsed": 19,
            "initial_used": 367,
            "min_usage_period": {
                "default": 0
            },
            "states": {},
            "type": 1
        },
        "56": {
            "capacities": [
                "0"
            ],
            "code": "",
            "initial": {
                "M": {
                    "elapsed": 60,
                    "used": 1000
                }
            },
            "initial_elapsed": 60,
            "initial_used": 1000,
            "min_usage_period": {
                "default": 0
            },
            "states": {
                "2017-08": "M",
                "2017-09": "M",
                "2017-10": "M",
                "2017-11": "M",
                "2017-12": "M"
            },
            "type": 0
        },
        "57": {
            "capacities": [
                "2"
            ],
            "code": "",
            "initial": {
                "M": {
                    "elapsed": 19,
                    "used": 350
                }
            },
            "initial_elapsed": 19,
            "initial_used": 350,
            "min_usage_period": {
                "default": 0
            },
            "states": {},
            "type": 2
        },
        "58": {
            "capacities": [
                "3"
            ],
            "code": "",
            "initial": {
                "M": {
                    "elapsed": 41,
                    "used": 650
                }
            },
            "initial_elapsed": 41,
            "initial_used": 650,
            "min_usage_period": {
                "default": 0
            },
            "states": {
                "2017-09": "33",
                "2017-10": "33",
                "2017-11": "33",
                "2017-12": "33"
            },
            "type": 3
        },
        "59": {
            "capacities": [
                "F",
                "3"
            ],
            "code": "",
            "initial": {
                "M": {
                    "elapsed": 38,
                    "used": 667
                }
            },
            "initial_elapsed": 38,
            "initial_used": 667,
            "min_usage_period": {
                "default": 0
            },
            "states": {
                "2017-09": "33",
                "2017-10": "33",
                "2017-11": "33",
                "2017-12": "33"
            },
            "type": 3
        },
        "6": {
            "capacities": [
                "1"
            ],
            "code": "",
            "initial": {
                "M": {
                    "elapsed": 26,
                    "used": 467
                }
            },
            "initial_elapsed": 26,
            "initial_used": 467,
            "min_usage_period": {
                "default": 0
            },
            "states": {},
            "type": 1
        },
        "7": {
            "capacities": [
                "D",
                "1"
            ],
            "code": "",
            "initial": {
                "M": {
                    "elapsed": 31,
                    "used": 500
                }
            },
            "initial_elapsed": 31,
            "initial_used": 500,
            "min_usage_period": {
                "default": 0
            },
            "states": {},
            "type": 1
        },
        "8": {
            "capacities": [
                "1",
                "B"
            ],
            "code": "",
            "initial": {
                "M": {
                    "elapsed": 26,
                    "used": 450
                }
            },
            "initial_elapsed": 26,
            "initial_used": 450,
            "min_usage_period": {
                "default": 0
            },
            "states": {},
            "type": 1
        },
        "9": {
            "capacities": [
                "D",
                "C",
                "1",
                "B"
            ],
            "code": "",
            "initial": {
                "M": {
                    "elapsed": 40,
                    "used": 650
                }
            },
            "initial_elapsed": 40,
            "initial_used": 650,
            "min_usage_period": {
                "default": 0
            },
            "states": {},
            "type": 1
        }
    },
    "tasks": {
        "0": {
            "capacities": [
                "0"
            ],
            "consumption": 60,
            "end": "2018-09",
            "matricule": "",
            "min_assign": 6,
            "num_resource": 1,
            "start": "2018-01",
            "type_resource": 0
        },
        "1": {
            "capacities": [
                "0"
            ],
            "consumption": 52,
            "end": "2019-04",
            "matricule": "",
            "min_assign": 2,
            "num_resource": 3,
            "start": "2018-10",
            "type_resource": 0
        },
        "10": {
            "capacities": [
                "0"
            ],
            "consumption": 82,
            "end": "2025-06",
            "matricule": "",
            "min_assign": 6,
            "num_resource": 6,
            "start": "2025-04",
            "type_resource": 0
        },
        "11": {
            "capacities": [
                "1"
            ],
            "consumption": 15,
            "end": "2018-08",
            "matricule": "",
            "min_assign": 6,
            "num_resource": 2,
            "start": "2018-01",
            "type_resource": 1
        },
        "12": {
            "capacities": [
                "1"
            ],
            "consumption": 27,
            "end": "2019-07",
            "matricule": "",
            "min_assign": 3,
            "num_resource": 4,
            "start": "2018-09",
            "type_resource": 1
        },
        "13": {
            "capacities": [
                "1",
                "B"
            ],
            "consumption": 74,
            "end": "2020-04",
            "matricule": "",
            "min_assign": 6,
            "num_resource": 6,
            "start": "2019-08",
            "type_resource": 1
        },
        "14": {
            "capacities": [
                "1"
            ],
            "consumption": 51,
            "end": "2020-11",
            "matricule": "",
            "min_assign": 3,
            "num_resource": 5,
            "start": "2020-05",
            "type_resource": 1
        },
        "15": {
            "capacities": [
                "1"
            ],
            "consumption": 76,
            "end": "2021-06",
            "matricule": "",
            "min_assign": 6,
            "num_resource": 1,
            "start": "2020-12",
            "type_resource": 1
        },
        "16": {
            "capacities": [
                "1",
                "C"
            ],
            "consumption": 43,
            "end": "2021-12",
            "matricule": "",
            "min_assign": 6,
            "num_resource": 3,
            "start": "2021-07",
            "type_resource": 1
        },
        "17": {
            "capacities": [
                "1"
            ],
            "consumption": 47,
            "end": "2022-11",
            "matricule": "",
            "min_assign": 3,
            "num_resource": 5,
            "start": "2022-01",
            "type_resource": 1
        },
        "18": {
            "capacities": [
                "1"
            ],
            "consumption": 56,
            "end": "2023-06",
            "matricule": "",
            "min_assign": 3,
            "num_resource": 2,
            "start": "2022-12",
            "type_resource": 1
        },
        "19": {
            "capacities": [
                "1"
            ],
            "consumption": 30,
            "end": "2024-04",
            "matricule": "",
            "min_assign": 2,
            "num_resource": 6,
            "start": "2023-07",
            "type_resource": 1
        },
        "2": {
            "capacities": [
                "A",
                "0"
            ],
            "consumption": 53,
            "end": "2019-12",
            "matricule": "",
            "min_assign": 3,
            "num_resource": 1,
            "start": "2019-05",
            "type_resource": 0
        },
        "20": {
            "capacities": [
                "1"
            ],
            "consumption": 67,
            "end": "2024-11",
            "matricule": "",
            "min_assign": 3,
            "num_resource": 1,
            "start": "2024-05",
            "type_resource": 1
        },
        "21": {
            "capacities": [
                "D",
                "1"
            ],
            "consumption": 43,
            "end": "2025-06",
            "matricule": "",
            "min_assign": 2,
            "num_resource": 2,
            "start": "2024-12",
            "type_resource": 1
        },
        "22": {
            "capacities": [
                "2"
            ],
            "consumption": 60,
            "end": "2018-09",
            "matricule": "",
            "min_assign": 3,
            "num_resource": 6,
            "start": "2018-01",
            "type_resource": 2
        },
        "23": {
            "capacities": [
                "2"
            ],
            "consumption": 20,
            "end": "2019-05",
            "matricule": "",
            "min_assign": 2,
            "num_resource": 5,
            "start": "2018-10",
            "type_resource": 2
        },
        "24": {
            "capacities": [
                "2"
            ],
            "consumption": 34,
            "end": "2020-04",
            "matricule": "",
            "min_assign": 6,
            "num_resource": 4,
            "start": "2019-06",
            "type_resource": 2
        },
        "25": {
            "capacities": [
                "2"
            ],
            "consumption": 49,
            "end": "2021-01",
            "matricule": "",
            "min_assign": 3,
            "num_resource": 6,
            "start": "2020-05",
            "type_resource": 2
        },
        "26": {
            "capacities": [
                "2"
            ],
            "consumption": 38,
            "end": "2021-08",
            "matricule": "",
            "min_assign": 6,
            "num_resource": 5,
            "start": "2021-02",
            "type_resource": 2
        },
        "27": {
            "capacities": [
                "2"
            ],
            "consumption": 87,
            "end": "2022-04",
            "matricule": "",
            "min_assign": 3,
            "num_resource": 6,
            "start": "2021-09",
            "type_resource": 2
        },
        "28": {
            "capacities": [
                "2"
            ],
            "consumption": 79,
            "end": "2022-11",
            "matricule": "",
            "min_assign": 6,
            "num_resource": 2,
            "start": "2022-05",
            "type_resource": 2
        },
        "29": {
            "capacities": [
                "2"
            ],
            "consumption": 75,
            "end": "2023-05",
            "matricule": "",
            "min_assign": 2,
            "num_resource": 6,
            "start": "2022-12",
            "type_resource": 2
        },
        "3": {
            "capacities": [
                "0"
            ],
            "consumption": 78,
            "end": "2020-07",
            "matricule": "",
            "min_assign": 2,
            "num_resource": 5,
            "start": "2020-01",
            "type_resource": 0
        },
        "30": {
            "capacities": [
                "2"
            ],
            "consumption": 20,
            "end": "2024-02",
            "matricule": "",
            "min_assign": 3,
            "num_resource": 3,
            "start": "2023-06",
            "type_resource": 2
        },
        "31": {
            "capacities": [
                "2"
            ],
            "consumption": 69,
            "end": "2025-02",
            "matricule": "",
            "min_assign": 3,
            "num_resource": 3,
            "start": "2024-03",
            "type_resource": 2
        },
        "32": {
            "capacities": [
                "2"
            ],
            "consumption": 79,
            "end": "2025-06",
            "matricule": "",
            "min_assign": 3,
            "num_resource": 3,
            "start": "2025-03",
            "type_resource": 2
        },
        "33": {
            "capacities": [
                "3"
            ],
            "consumption": 63,
            "end": "2018-08",
            "matricule": "",
            "min_assign": 3,
            "num_resource": 4,
            "start": "2018-01",
            "type_resource": 3
        },
        "34": {
            "capacities": [
                "3"
            ],
            "consumption": 38,
            "end": "2019-02",
            "matricule": "",
            "min_assign": 6,
            "num_resource": 6,
            "start": "2018-09",
            "type_resource": 3
        },
        "35": {
            "capacities": [
                "3"
            ],
            "consumption": 48,
            "end": "2019-09",
            "matricule": "",
            "min_assign": 6,
            "num_resource": 4,
            "start": "2019-03",
            "type_resource": 3
        },
        "36": {
            "capacities": [
                "3"
            ],
            "consumption": 90,
            "end": "2020-04",
            "matricule": "",
            "min_assign": 6,
            "num_resource": 3,
            "start": "2019-10",
            "type_resource": 3
        },
        "37": {
            "capacities": [
                "3"
            ],
            "consumption": 44,
            "end": "2021-01",
            "matricule": "",
            "min_assign": 2,
            "num_resource": 4,
            "start": "2020-05",
            "type_resource": 3
        },
        "38": {
            "capacities": [
                "3",
                "E"
            ],
            "consumption": 57,
            "end": "2021-08",
            "matricule": "",
            "min_assign": 2,
            "num_resource": 3,
            "start": "2021-02",
            "type_resource": 3
        },
        "39": {
            "capacities": [
                "3"
            ],
            "consumption": 54,
            "end": "2022-03",
            "matricule": "",
            "min_assign": 2,
            "num_resource": 3,
            "start": "2021-09",
            "type_resource": 3
        },
        "4": {
            "capacities": [
                "0"
            ],
            "consumption": 63,
            "end": "2021-06",
            "matricule": "",
            "min_assign": 2,
            "num_resource": 6,
            "start": "2020-08",
            "type_resource": 0
        },
        "40": {
            "capacities": [
                "3"
            ],
            "consumption": 50,
            "end": "2022-10",
            "matricule": "",
            "min_assign": 3,
            "num_resource": 6,
            "start": "2022-04",
            "type_resource": 3
        },
        "41": {
            "capacities": [
                "3"
            ],
            "consumption": 38,
            "end": "2023-04",
            "matricule": "",
            "min_assign": 3,
            "num_resource": 4,
            "start": "2022-11",
            "type_resource": 3
        },
        "42": {
            "capacities": [
                "3"
            ],
            "consumption": 81,
            "end": "2023-11",
            "matricule": "",
            "min_assign": 6,
            "num_resource": 4,
            "start": "2023-05",
            "type_resource": 3
        },
        "43": {
            "capacities": [
                "3"
            ],
            "consumption": 58,
            "end": "2024-10",
            "matricule": "",
            "min_assign": 6,
            "num_resource": 6,
            "start": "2023-12",
            "type_resource": 3
        },
        "44": {
            "capacities": [
                "F",
                "3"
            ],
            "consumption": 38,
            "end": "2025-06",
            "matricule": "",
            "min_assign": 3,
            "num_resource": 5,
            "start": "2024-11",
            "type_resource": 3
        },
        "5": {
            "capacities": [
                "0"
            ],
            "consumption": 64,
            "end": "2021-12",
            "matricule": "",
            "min_assign": 2,
            "num_resource": 6,
            "start": "2021-07",
            "type_resource": 0
        },
        "6": {
            "capacities": [
                "0"
            ],
            "consumption": 64,
            "end": "2022-10",
            "matricule": "",
            "min_assign": 3,
            "num_resource": 4,
            "start": "2022-01",
            "type_resource": 0
        },
        "7": {
            "capacities": [
                "0"
            ],
            "consumption": 38,
            "end": "2023-10",
            "matricule": "",
            "min_assign": 6,
            "num_resource": 2,
            "start": "2022-11",
            "type_resource": 0
        },
        "8": {
            "capacities": [
                "0"
            ],
            "consumption": 35,
            "end": "2024-09",
            "matricule": "",
            "min_assign": 2,
            "num_resource": 4,
            "start": "2023-11",
            "type_resource": 0
        },
        "9": {
            "capacities": [
                "0"
            ],
            "consumption": 50,
            "end": "2025-03",
            "matricule": "",
            "min_assign": 6,
            "num_resource": 6,
            "start": "2024-10",
            "type_resource": 0
        }
    }
}