{
    "hours": {
        "1": {
            "2020-03": -6.0,
            "2020-04": -161.0,
            "2020-05": -316.0
        },
        "9": {
            "2019-06": -130.0,
            "2019-07": -395.0,
            "2019-08": -497.0
        }
    },
    "resources": {
        "58": {
            "2018-01": 2,
            "2018-02": 3,
            "2018-03": 3,
            "2018-04": 3,
            "2018-05": 4,
            "2018-06": 3,
            "2018-07": 3,
            "2018-08": 3,
            "2018-09": 1,
            "2018-10": 1,
            "2018-11": 2
        }
    }
}