{
    "hours": {
        "1": {
            "2024-10": -70.0
        },
        "2": {
            "2018-01": -91.0,
            "2018-02": -133.0,
            "2018-03": -175.0,
            "2018-04": -217.0,
            "2021-09": -7.0
        },
        "4": {
            "2018-01": -382.0,
            "2023-09": -2.0
        },
        "8": {
            "2018-01": -115.0,
            "2018-02": -115.0
        }
    },
    "resources": {
        "16": {
            "2023-10": 1
        },
        "4": {
            "2021-02": 6,
            "2021-03": 5,
            "2021-04": 5,
            "2021-05": 5,
            "2021-06": 5,
            "2021-07": 3
        }
    }
}