{
    "available": {
        "6": {
            "2018-01": -1,
            "2018-02": -1,
            "2018-03": -1
        }
    },
    "hours": {
        "7": {
            "2024-03": -17.0
        },
        "8": {
            "2024-07": -9.0,
            "2024-08": -57.0
        },
        "9": {
            "2023-07": -71.0
        }
    },
    "resources": {
        "34": {
            "2020-01": 1
        },
        "36": {
            "2021-06": 4,
            "2021-07": 4,
            "2021-08": 4,
            "2021-09": 3,
            "2021-10": 2,
            "2021-11": 2,
            "2021-12": 1,
            "2022-01": 1,
            "2022-02": 1,
            "2022-03": 1
        },
        "38": {
            "2023-01": 5,
            "2023-02": 5,
            "2023-03": 5,
            "2023-04": 3,
            "2023-05": 2,
            "2023-06": 1,
            "2023-07": 2,
            "2023-08": 1
        }
    }
}