{
    "capacity": {
        "1": {
            "2018-03": -1,
            "2018-04": -2,
            "2018-05": -2,
            "2018-06": -2
        }
    },
    "hours": {
        "2": {
            "2020-04": -172.0
        }
    },
    "resources": {
        "11": {
            "2018-03": 1
        },
        "13": {
            "2019-06": 1
        },
        "2": {
            "2019-07": 1,
            "2019-08": 1,
            "2019-09": 1
        },
        "42": {
            "2025-03": 1,
            "2025-04": 1,
            "2025-05": 1,
            "2025-06": 1
        }
    }
}