{
    "available": {
        "4": {
            "2020-08": -1,
            "2020-09": -1,
            "2020-10": -1,
            "2020-11": -1,
            "2020-12": -1
        }
    },
    "hours": {
        "1": {
            "2025-04": -10.0
        },
        "2": {
            "2019-07": -110.0,
            "2019-08": -374.0,
            "2019-09": -638.0
        }
    },
    "min_assign": {
        "23": {
            "2020-03": {
                "2020-03": {
                    "34": 5
                }
            }
        },
        "26": {
            "2019-07": {
                "2019-07": {
                    "33": 2
                }
            },
            "2023-11": {
                "2023-11": {
                    "39": 2
                }
            }
        },
        "44": {
            "2021-02": {
                "2021-02": {
                    "25": 2
                }
            },
            "2023-05": {
                "2023-05": {
                    "28": 2
                }
            }
        },
        "56": {
            "2020-10": {
                "2020-11": {
                    "24": 4
                }
            }
        }
    },
    "resources": {
        "10": {
            "2018-01": 1,
            "2018-02": 1,
            "2018-03": 1,
            "2018-04": 1,
            "2018-05": 1
        },
        "18": {
            "2023-12": 2,
            "2024-01": 1,
            "2024-02": 1,
            "2024-03": 1,
            "2024-04": 1,
            "2024-05": 1,
            "2024-06": 1,
            "2024-07": 1
        }
    }
}