{
    "available": {
        "22": {
            "2018-05": -1,
            "2018-06": -1
        }
    },
    "elapsed": {
        "M": {
            "7": {
                "2025-06": 0
            }
        }
    },
    "hours": {
        "13": {
            "2018-10": -111.0,
            "2018-11": -222.0,
            "2018-12": -333.0
        },
        "20": {
            "2021-04": -105.0,
            "2021-05": -289.0
        },
        "21": {
            "2021-05": -20.0
        },
        "22": {
            "2025-06": -34.0
        },
        "23": {
            "2021-08": -25.0
        },
        "8": {
            "2018-09": -28.0,
            "2023-02": -58.0
        }
    },
    "resources": {
        "105": {
            "2018-01": 3,
            "2018-02": 2,
            "2018-03": 2,
            "2018-04": 1,
            "2018-05": 2,
            "2018-06": 2,
            "2018-07": 2,
            "2018-08": 2,
            "2018-09": 2,
            "2018-10": 3,
            "2018-11": 3
        },
        "128": {
            "2018-01": 4,
            "2018-02": 4,
            "2018-03": 5,
            "2018-04": 5,
            "2018-05": 5,
            "2018-06": 5,
            "2018-07": 5
        },
        "129": {
            "2018-08": 6,
            "2018-09": 6,
            "2018-10": 6,
            "2018-11": 3,
            "2018-12": 3,
            "2019-01": 3
        },
        "130": {
            "2019-07": 1
        },
        "131": {
            "2019-10": 1,
            "2019-11": 1,
            "2019-12": 1,
            "2020-01": 1,
            "2020-02": 1,
            "2020-03": 1,
            "2020-04": 1,
            "2020-08": 1,
            "2020-09": 2
        },
        "133": {
            "2021-07": 2,
            "2021-08": 2,
            "2021-09": 2,
            "2021-10": 2,
            "2021-11": 2,
            "2022-02": 1,
            "2022-03": 1
        },
        "93": {
            "2018-01": 1,
            "2018-02": 2,
            "2018-03": 3
        }
    }
}