{
    "maint_types": {
        "1": {
            "capacity": {}
        }
    },
    "maintenances": {
        "M": {
            "affects": [
                "M"
            ],
            "capacity": 9,
            "capacity_usage": 1,
            "depends_on": [
                "M"
            ],
            "duration_periods": 6,
            "elapsed_time_size": 15,
            "max_elapsed_time": 60,
            "max_used_time": 1000,
            "type": "1",
            "used_time_size": 1000
        }
    },
    "parameters": {
        "default_type2_capacity": 66,
        "elapsed_time_size": 15,
        "end": "2025-06",
        "initial_unbalance": [
            -3,
            3
        ],
        "maint_capacity": 9,
        "maint_duration": 6,
        "maint_weight": 1,
        "maintenances": {
            "M": {
                "affects": [],
                "capacity_usage": 1,
                "depends_on": [],
                "duration_periods": 4,
                "elapsed_time_size": 3,
                "max_elapsed_time": 60,
                "max_used_time": 1000,
                "priority": 0,
                "type": "1",
                "used_time_size": 1000
            },
            "VG": {
                "affects": [],
                "capacity_usage": 3,
                "depends_on": [
                    "M"
                ],
                "duration_periods": 1,
                "elapsed_time_size": 3,
                "max_elapsed_time": 8,
                "max_used_time": null,
                "priority": 10,
                "type": "2",
                "used_time_size": null
            },
            "VI": {
                "affects": [],
                "capacity_usage": 6,
                "depends_on": [
                    "M"
                ],
                "duration_periods": 1,
                "elapsed_time_size": 3,
                "max_elapsed_time": 17,
                "max_used_time": null,
                "priority": 5,
                "type": "2",
                "used_time_size": null
            },
            "VS": {
                "affects": [],
                "capacity_usage": 4,
                "depends_on": [
                    "M"
                ],
                "duration_periods": 1,
                "elapsed_time_size": null,
                "max_elapsed_time": null,
                "max_used_time": 600,
                "priority": 2,
                "type": "2",
                "used_time_size": 200
            }
        },
        "max_elapsed_time": 60,
        "max_elapsed_time_2M": null,
        "max_used_time": 1000,
        "min_avail_percent": 0.1,
        "min_avail_value": 1,
        "min_hours_perc": 0.5,
        "min_usage_period": 0,
        "num_parallel_tasks": 4,
        "num_period": 90,
        "num_resources": 60,
        "perc_add_capacity": 0.1,
        "perc_capacity": 0.15,
        "perc_in_maint": 0.07,
        "seed": 85,
        "start": "2018-01",
        "t_duration": [
            6,
            12
        ],
        "t_min_assign": [
            2,
            3,
            6
        ],
        "t_num_resource": [
            1,
            6
        ],
        "t_required_hours": [
            10,
            50,
            100
        ],
        "unavail_weight": 1
    },
    "resources": {
        "0": {
            "capacities": [
                "0"
            ],
            "code": "",
            "initial": {
                "M": {
                    "elapsed": 52,
                    "used": 850
                }
            },
            "initial_elapsed": 52,
            "initial_used": 850,
            "min_usage_period": {
                "default": 0
            },
            "states": {},
            "type": 0
        },
        "1": {
            "capacities": [
                "0"
            ],
            "code": "",
            "initial": {
                "M": {
                    "elapsed": 60,
                    "used": 1000
                }
            },
            "initial_elapsed": 60,
            "initial_used": 1000,
            "min_usage_period": {
                "default": 0
            },
            "states": {
                "2017-08": "M",
                "2017-09": "M",
                "2017-10": "M",
                "2017-11": "M",
                "2017-12": "M"
            },
            "type": 0
        },
        "10": {
            "capacities": [
                "1"
            ],
            "code": "",
            "initial": {
                "M": {
                    "elapsed": 60,
                    "used": 1000
                }
            },
            "initial_elapsed": 60,
            "initial_used": 1000,
            "min_usage_period": {
                "default": 0
            },
            "states": {
                "2017-09": "M",
                "2017-10": "M",
                "2017-11": "M",
                "2017-12": "M"
            },
            "type": 1
        },
        "11": {
            "capacities": [
                "1"
            ],
            "code": "",
            "initial": {
                "M": {
                    "elapsed": 42,
                    "used": 717
                }
            },
            "initial_elapsed": 42,
            "initial_used": 717,
            "min_usage_period": {
                "default": 0
            },
            "states": {
                "2017-05": "11",
                "2017-06": "11",
                "2017-07": "11",
                "2017-08": "11",
                "2017-09": "11",
                "2017-10": "11",
                "2017-11": "11",
                "2017-12": "11"
            },
            "type": 1
        },
        "12": {
            "capacities": [
                "2"
            ],
            "code": "",
            "initial": {
                "M": {
                    "elapsed": 34,
                    "used": 617
                }
            },
            "initial_elapsed": 34,
            "initial_used": 617,
            "min_usage_period": {
                "default": 0
            },
            "states": {},
            "type": 2
        },
        "13": {
            "capacities": [
                "2"
            ],
            "code": "",
            "initial": {
                "M": {
                    "elapsed": 19,
                    "used": 284
                }
            },
            "initial_elapsed": 19,
            "initial_used": 284,
            "min_usage_period": {
                "default": 0
            },
            "states": {},
            "type": 2
        },
        "14": {
            "capacities": [
                "2"
            ],
            "code": "",
            "initial": {
                "M": {
                    "elapsed": 49,
                    "used": 850
                }
            },
            "initial_elapsed": 49,
            "initial_used": 850,
            "min_usage_period": {
                "default": 0
            },
            "states": {
                "2017-11": "20",
                "2017-12": "20"
            },
            "type": 2
        },
        "15": {
            "capacities": [
                "2"
            ],
            "code": "",
            "initial": {
                "M": {
                    "elapsed": 42,
                    "used": 684
                }
            },
            "initial_elapsed": 42,
            "initial_used": 684,
            "min_usage_period": {
                "default": 0
            },
            "states": {},
            "type": 2
        },
        "16": {
            "capacities": [
                "2"
            ],
            "code": "",
            "initial": {
                "M": {
                    "elapsed": 50,
                    "used": 784
                }
            },
            "initial_elapsed": 50,
            "initial_used": 784,
            "min_usage_period": {
                "default": 0
            },
            "states": {},
            "type": 2
        },
        "17": {
            "capacities": [
                "2"
            ],
            "code": "",
            "initial": {
                "M": {
                    "elapsed": 28,
                    "used": 450
                }
            },
            "initial_elapsed": 28,
            "initial_used": 450,
            "min_usage_period": {
                "default": 0
            },
            "states": {},
            "type": 2
        },
        "18": {
            "capacities": [
                "3"
            ],
            "code": "",
            "initial": {
                "M": {
                    "elapsed": 30,
                    "used": 500
                }
            },
            "initial_elapsed": 30,
            "initial_used": 500,
            "min_usage_period": {
                "default": 0
            },
            "states": {},
            "type": 3
        },
        "19": {
            "capacities": [
                "3"
            ],
            "code": "",
            "initial": {
                "M": {
                    "elapsed": 58,
                    "used": 934
                }
            },
            "initial_elapsed": 58,
            "initial_used": 934,
            "min_usage_period": {
                "default": 0
            },
            "states": {},
            "type": 3
        },
        "2": {
            "capacities": [
                "0"
            ],
            "code": "",
            "initial": {
                "M": {
                    "elapsed": 18,
                    "used": 284
                }
            },
            "initial_elapsed": 18,
            "initial_used": 284,
            "min_usage_period": {
                "default": 0
            },
            "states": {},
            "type": 0
        },
        "20": {
            "capacities": [
                "3"
            ],
            "code": "",
            "initial": {
                "M": {
                    "elapsed": 12,
                    "used": 250
                }
            },
            "initial_elapsed": 12,
            "initial_used": 250,
            "min_usage_period": {
                "default": 0
            },
            "states": {},
            "type": 3
        },
        "21": {
            "capacities": [
                "3"
            ],
            "code": "",
            "initial": {
                "M": {
                    "elapsed": 38,
                    "used": 650
                }
            },
            "initial_elapsed": 38,
            "initial_used": 650,
            "min_usage_period": {
                "default": 0
            },
            "states": {
                "2017-09": "30",
                "2017-10": "30",
                "2017-11": "30",
                "2017-12": "30"
            },
            "type": 3
        },
        "22": {
            "capacities": [
                "3"
            ],
            "code": "",
            "initial": {
                "M": {
                    "elapsed": 39,
                    "used": 650
                }
            },
            "initial_elapsed": 39,
            "initial_used": 650,
            "min_usage_period": {
                "default": 0
            },
            "states": {},
            "type": 3
        },
        "23": {
            "capacities": [
                "3"
            ],
            "code": "",
            "initial": {
                "M": {
                    "elapsed": 12,
                    "used": 184
                }
            },
            "initial_elapsed": 12,
            "initial_used": 184,
            "min_usage_period": {
                "default": 0
            },
            "states": {},
            "type": 3
        },
        "24": {
            "capacities": [
                "1"
            ],
            "code": "",
            "initial": {
                "M": {
                    "elapsed": 16,
                    "used": 300
                }
            },
            "initial_elapsed": 16,
            "initial_used": 300,
            "min_usage_period": {
                "default": 0
            },
            "states": {},
            "type": 1
        },
        "25": {
            "capacities": [
                "3"
            ],
            "code": "",
            "initial": {
                "M": {
                    "elapsed": 48,
                    "used": 800
                }
            },
            "initial_elapsed": 48,
            "initial_used": 800,
            "min_usage_period": {
                "default": 0
            },
            "states": {
                "2017-11": "30",
                "2017-12": "30"
            },
            "type": 3
        },
        "26": {
            "capacities": [
                "1"
            ],
            "code": "",
            "initial": {
                "M": {
                    "elapsed": 57,
                    "used": 934
                }
            },
            "initial_elapsed": 57,
            "initial_used": 934,
            "min_usage_period": {
                "default": 0
            },
            "states": {
                "2017-03": "11",
                "2017-04": "11",
                "2017-05": "11",
                "2017-06": "11",
                "2017-07": "11",
                "2017-08": "11",
                "2017-09": "11",
                "2017-10": "11",
                "2017-11": "11",
                "2017-12": "11"
            },
            "type": 1
        },
        "27": {
            "capacities": [
                "2"
            ],
            "code": "",
            "initial": {
                "M": {
                    "elapsed": 53,
                    "used": 884
                }
            },
            "initial_elapsed": 53,
            "initial_used": 884,
            "min_usage_period": {
                "default": 0
            },
            "states": {
                "2017-05": "20",
                "2017-06": "20",
                "2017-07": "20",
                "2017-08": "20",
                "2017-09": "20",
                "2017-10": "20",
                "2017-11": "20",
                "2017-12": "20"
            },
            "type": 2
        },
        "28": {
            "capacities": [
                "3"
            ],
            "code": "",
            "initial": {
                "M": {
                    "elapsed": 54,
                    "used": 934
                }
            },
            "initial_elapsed": 54,
            "initial_used": 934,
            "min_usage_period": {
                "default": 0
            },
            "states": {},
            "type": 3
        },
        "29": {
            "capacities": [
                "0"
            ],
            "code": "",
            "initial": {
                "M": {
                    "elapsed": 47,
                    "used": 817
                }
            },
            "initial_elapsed": 47,
            "initial_used": 817,
            "min_usage_period": {
                "default": 0
            },
            "states": {
                "2017-11": "0",
                "2017-12": "0"
            },
            "type": 0
        },
        "3": {
            "capacities": [
                "0"
            ],
            "code": "",
            "initial": {
                "M": {
                    "elapsed": 24,
                    "used": 434
                }
            },
            "initial_elapsed": 24,
            "initial_used": 434,
            "min_usage_period": {
                "default": 0
            },
            "states": {},
            "type": 0
        },
        "30": {
            "capacities": [
                "3"
            ],
            "code": "",
            "initial": {
                "M": {
                    "elapsed": 24,
                    "used": 367
                }
            },
            "initial_elapsed": 24,
            "initial_used": 367,
            "min_usage_period": {
                "default": 0
            },
            "states": {},
            "type": 3
        },
        "31": {
            "capacities": [
                "3"
            ],
            "code": "",
            "initial": {
                "M": {
                    "elapsed": 10,
                    "used": 200
                }
            },
            "initial_elapsed": 10,
            "initial_used": 200,
            "min_usage_period": {
                "default": 0
            },
            "states": {},
            "type": 3
        },
        "32": {
            "capacities": [
                "1"
            ],
            "code": "",
            "initial": {
                "M": {
                    "elapsed": 37,
                    "used": 567
                }
            },
            "initial_elapsed": 37,
            "initial_used": 567,
            "min_usage_period": {
                "default": 0
            },
            "states": {
                "2017-07": "11",
                "2017-08": "11",
                "2017-09": "11",
                "2017-10": "11",
                "2017-11": "11",
                "2017-12": "11"
            },
            "type": 1
        },
        "33": {
            "capacities": [
                "0"
            ],
            "code": "",
            "initial": {
                "M": {
                    "elapsed": 3,
                    "used": 17
                }
            },
            "initial_elapsed": 3,
            "initial_used": 17,
            "min_usage_period": {
                "default": 0
            },
            "states": {},
            "type": 0
        },
        "34": {
            "capacities": [
                "3"
            ],
            "code": "",
            "initial": {
                "M": {
                    "elapsed": 60,
                    "used": 1000
                }
            },
            "initial_elapsed": 60,
            "initial_used": 1000,
            "min_usage_period": {
                "default": 0
            },
            "states": {
                "2017-08": "M",
                "2017-09": "M",
                "2017-10": "M",
                "2017-11": "M",
                "2017-12": "M"
            },
            "type": 3
        },
        "35": {
            "capacities": [
                "3"
            ],
            "code": "",
            "initial": {
                "M": {
                    "elapsed": 47,
                    "used": 834
                }
            },
            "initial_elapsed": 47,
            "initial_used": 834,
            "min_usage_period": {
                "default": 0
            },
            "states": {},
            "type": 3
        },
        "36": {
            "capacities": [
                "0"
            ],
            "code": "",
            "initial": {
                "M": {
                    "elapsed": 34,
                    "used": 550
                }
            },
            "initial_elapsed": 34,
            "initial_used": 550,
            "min_usage_period": {
                "default": 0
            },
            "states": {},
            "type": 0
        },
        "37": {
            "capacities": [
                "1"
            ],
            "code": "",
            "initial": {
                "M": {
                    "elapsed": 14,
                    "used": 200
                }
            },
            "initial_elapsed": 14,
            "initial_used": 200,
            "min_usage_period": {
                "default": 0
            },
            "states": {},
            "type": 1
        },
        "38": {
            "capacities": [
                "0"
            ],
            "code": "",
            "initial": {
                "M": {
                    "elapsed": 34,
                    "used": 584
                }
            },
            "initial_elapsed": 34,
            "initial_used": 584,
            "min_usage_period": {
                "default": 0
            },
            "states": {},
            "type": 0
        },
        "39": {
            "capacities": [
                "0"
            ],
            "code": "",
            "initial": {
                "M": {
                    "elapsed": 7,
                    "used": 134
                }
            },
            "initial_elapsed": 7,
            "initial_used": 134,
            "min_usage_period": {
                "default": 0
            },
            "states": {},
            "type": 0
        },
        "4": {
            "capacities": [
                "0"
            ],
            "code": "",
            "initial": {
                "M": {
                    "elapsed": 16,
                    "used": 300
                }
            },
            "initial_elapsed": 16,
            "initial_used": 300,
            "min_usage_period": {
                "default": 0
            },
            "states": {},
            "type": 0
        },
        "40": {
            "capacities": [
                "2"
            ],
            "code": "",
            "initial": {
                "M": {
                    "elapsed": 33,
                    "used": 600
                }
            },
            "initial_elapsed": 33,
            "initial_used": 600,
            "min_usage_period": {
                "default": 0
            },
            "states": {
                "2017-05": "20",
                "2017-06": "20",
                "2017-07": "20",
                "2017-08": "20",
                "2017-09": "20",
                "2017-10": "20",
                "2017-11": "20",
                "2017-12": "20"
            },
            "type": 2
        },
        "41": {
            "capacities": [
                "0"
            ],
            "code": "",
            "initial": {
                "M": {
                    "elapsed": 7,
                    "used": 150
                }
            },
            "initial_elapsed": 7,
            "initial_used": 150,
            "min_usage_period": {
                "default": 0
            },
            "states": {},
            "type": 0
        },
        "42": {
            "capacities": [
                "3"
            ],
            "code": "",
            "initial": {
                "M": {
                    "elapsed": 9,
                    "used": 134
                }
            },
            "initial_elapsed": 9,
            "initial_used": 134,
            "min_usage_period": {
                "default": 0
            },
            "states": {},
            "type": 3
        },
        "43": {
            "capacities": [
                "0"
            ],
            "code": "",
            "initial": {
                "M": {
                    "elapsed": 57,
                    "used": 900
                }
            },
            "initial_elapsed": 57,
            "initial_used": 900,
            "min_usage_period": {
                "default": 0
            },
            "states": {},
            "type": 0
        },
        "44": {
            "capacities": [
                "3"
            ],
            "code": "",
            "initial": {
                "M": {
                    "elapsed": 14,
                    "used": 267
                }
            },
            "initial_elapsed": 14,
            "initial_used": 267,
            "min_usage_period": {
                "default": 0
            },
            "states": {},
            "type": 3
        },
        "45": {
            "capacities": [
                "3"
            ],
            "code": "",
            "initial": {
                "M": {
                    "elapsed": 41,
                    "used": 684
                }
            },
            "initial_elapsed": 41,
            "initial_used": 684,
            "min_usage_period": {
                "default": 0
            },
            "states": {},
            "type": 3
        },
        "46": {
            "capacities": [
                "3"
            ],
            "code": "",
            "initial": {
                "M": {
                    "elapsed": 36,
                    "used": 567
                }
            },
            "initial_elapsed": 36,
            "initial_used": 567,
            "min_usage_period": {
                "default": 0
            },
            "states": {
                "2017-09": "30",
                "2017-10": "30",
                "2017-11": "30",
                "2017-12": "30"
            },
            "type": 3
        },
        "47": {
            "capacities": [
                "0"
            ],
            "code": "",
            "initial": {
                "M": {
                    "elapsed": 17,
                    "used": 300
                }
            },
            "initial_elapsed": 17,
            "initial_used": 300,
            "min_usage_period": {
                "default": 0
            },
            "states": {},
            "type": 0
        },
        "48": {
            "capacities": [
                "2"
            ],
            "code": "",
            "initial": {
                "M": {
                    "elapsed": 39,
                    "used": 667
                }
            },
            "initial_elapsed": 39,
            "initial_used": 667,
            "min_usage_period": {
                "default": 0
            },
            "states": {
                "2017-03": "20",
                "2017-04": "20",
                "2017-05": "20",
                "2017-06": "20",
                "2017-07": "20",
                "2017-08": "20",
                "2017-09": "20",
                "2017-10": "20",
                "2017-11": "20",
                "2017-12": "20"
            },
            "type": 2
        },
        "49": {
            "capacities": [
                "0"
            ],
            "code": "",
            "initial": {
                "M": {
                    "elapsed": 12,
                    "used": 217
                }
            },
            "initial_elapsed": 12,
            "initial_used": 217,
            "min_usage_period": {
                "default": 0
            },
            "states": {},
            "type": 0
        },
        "5": {
            "capacities": [
                "0"
            ],
            "code": "",
            "initial": {
                "M": {
                    "elapsed": 20,
                    "used": 284
                }
            },
            "initial_elapsed": 20,
            "initial_used": 284,
            "min_usage_period": {
                "default": 0
            },
            "states": {},
            "type": 0
        },
        "50": {
            "capacities": [
                "1"
            ],
            "code": "",
            "initial": {
                "M": {
                    "elapsed": 10,
                    "used": 150
                }
            },
            "initial_elapsed": 10,
            "initial_used": 150,
            "min_usage_period": {
                "default": 0
            },
            "states": {},
            "type": 1
        },
        "51": {
            "capacities": [
                "0"
            ],
            "code": "",
            "initial": {
                "M": {
                    "elapsed": 19,
                    "used": 284
                }
            },
            "initial_elapsed": 19,
            "initial_used": 284,
            "min_usage_period": {
                "default": 0
            },
            "states": {},
            "type": 0
        },
        "52": {
            "capacities": [
                "3"
            ],
            "code": "",
            "initial": {
                "M": {
                    "elapsed": 60,
                    "used": 1000
                }
            },
            "initial_elapsed": 60,
            "initial_used": 1000,
            "min_usage_period": {
                "default": 0
            },
            "states": {
                "2017-09": "M",
                "2017-10": "M",
                "2017-11": "M",
                "2017-12": "M"
            },
            "type": 3
        },
        "53": {
            "capacities": [
                "3"
            ],
            "code": "",
            "initial": {
                "M": {
                    "elapsed": 54,
                    "used": 950
                }
            },
            "initial_elapsed": 54,
            "initial_used": 950,
            "min_usage_period": {
                "default": 0
            },
            "states": {},
            "type": 3
        },
        "54": {
            "capacities": [
                "0"
            ],
            "code": "",
            "initial": {
                "M": {
                    "elapsed": 18,
                    "used": 250
                }
            },
            "initial_elapsed": 18,
            "initial_used": 250,
            "min_usage_period": {
                "default": 0
            },
            "states": {},
            "type": 0
        },
        "55": {
            "capacities": [
                "3"
            ],
            "code": "",
            "initial": {
                "M": {
                    "elapsed": 3,
                    "used": 34
                }
            },
            "initial_elapsed": 3,
            "initial_used": 34,
            "min_usage_period": {
                "default": 0
            },
            "states": {},
            "type": 3
        },
        "56": {
            "capacities": [
                "3"
            ],
            "code": "",
            "initial": {
                "M": {
                    "elapsed": 5,
                    "used": 50
                }
            },
            "initial_elapsed": 5,
            "initial_used": 50,
            "min_usage_period": {
                "default": 0
            },
            "states": {},
            "type": 3
        },
        "57": {
            "capacities": [
                "3"
            ],
            "code": "",
            "initial": {
                "M": {
                    "elapsed": 38,
                    "used": 650
                }
            },
            "initial_elapsed": 38,
            "initial_used": 650,
            "min_usage_period": {
                "default": 0
            },
            "states": {
                "2017-11": "30",
                "2017-12": "30"
            },
            "type": 3
        },
        "58": {
            "capacities": [
                "2"
            ],
            "code": "",
            "initial": {
                "M": {
                    "elapsed": 35,
                    "used": 534
                }
            },
            "initial_elapsed": 35,
            "initial_used": 534,
            "min_usage_period": {
                "default": 0
            },
            "states": {},
            "type": 2
        },
        "59": {
            "capacities": [
                "1"
            ],
            "code": "",
            "initial": {
                "M": {
                    "elapsed": 58,
                    "used": 1000
                }
            },
            "initial_elapsed": 58,
            "initial_used": 1000,
            "min_usage_period": {
                "default": 0
            },
            "states": {
                "2017-05": "11",
                "2017-06": "11",
                "2017-07": "11",
                "2017-08": "11",
                "2017-09": "11",
                "2017-10": "11",
                "2017-11": "11",
                "2017-12": "11"
            },
            "type": 1
        },
        "6": {
            "capacities": [
                "1"
            ],
            "code": "",
            "initial": {
                "M": {
                    "elapsed": 37,
                    "used": 600
                }
            },
            "initial_elapsed": 37,
            "initial_used": 600,
            "min_usage_period": {
                "default": 0
            },
            "states": {
                "2017-05": "11",
                "2017-06": "11",
                "2017-07": "11",
                "2017-08": "11",
                "2017-09": "11",
                "2017-10": "11",
                "2017-11": "11",
                "2017-12": "11"
            },
            "type": 1
        },
        "7": {
            "capacities": [
                "1"
            ],
            "code": "",
            "initial": {
                "M": {
                    "elapsed": 26,
                    "used": 384
                }
            },
            "initial_elapsed": 26,
            "initial_used": 384,
            "min_usage_period": {
                "default": 0
            },
            "states": {},
            "type": 1
        },
        "8": {
            "capacities": [
                "1"
            ],
            "code": "",
            "initial": {
                "M": {
                    "elapsed": 57,
                    "used": 1000
                }
            },
            "initial_elapsed": 57,
            "initial_used": 1000,
            "min_usage_period": {
                "default": 0
            },
            "states": {
                "2017-07": "11",
                "2017-08": "11",
                "2017-09": "11",
                "2017-10": "11",
                "2017-11": "11",
                "2017-12": "11"
            },
            "type": 1
        },
        "9": {
            "capacities": [
                "1"
            ],
            "code": "",
            "initial": {
                "M": {
                    "elapsed": 55,
                    "used": 917
                }
            },
            "initial_elapsed": 55,
            "initial_used": 917,
            "min_usage_period": {
                "default": 0
            },
            "states": {},
            "type": 1
        }
    },
    "tasks": {
        "0": {
            "capacities": [
                "0"
            ],
            "consumption": 58,
            "end": "2018-07",
            "matricule": "",
            "min_assign": 2,
            "num_resource": 2,
            "start": "2018-01",
            "type_resource": 0
        },
        "1": {
            "capacities": [
                "0"
            ],
            "consumption": 52,
            "end": "2019-06",
            "matricule": "",
            "min_assign": 3,
            "num_resource": 5,
            "start": "2018-08",
            "type_resource": 0
        },
        "10": {
            "capacities": [
                "0"
            ],
            "consumption": 81,
            "end": "2025-06",
            "matricule": "",
            "min_assign": 6,
            "num_resource": 5,
            "start": "2025-06",
            "type_resource": 0
        },
        "11": {
            "capacities": [
                "1"
            ],
            "consumption": 38,
            "end": "2018-12",
            "matricule": "",
            "min_assign": 6,
            "num_resource": 6,
            "start": "2018-01",
            "type_resource": 1
        },
        "12": {
            "capacities": [
                "1"
            ],
            "consumption": 48,
            "end": "2019-08",
            "matricule": "",
            "min_assign": 3,
            "num_resource": 5,
            "start": "2019-01",
            "type_resource": 1
        },
        "13": {
            "capacities": [
                "1"
            ],
            "consumption": 77,
            "end": "2020-06",
            "matricule": "",
            "min_assign": 6,
            "num_resource": 2,
            "start": "2019-09",
            "type_resource": 1
        },
        "14": {
            "capacities": [
                "1"
            ],
            "consumption": 37,
            "end": "2021-01",
            "matricule": "",
            "min_assign": 6,
            "num_resource": 6,
            "start": "2020-07",
            "type_resource": 1
        },
        "15": {
            "capacities": [
                "1"
            ],
            "consumption": 37,
            "end": "2021-12",
            "matricule": "",
            "min_assign": 6,
            "num_resource": 4,
            "start": "2021-02",
            "type_resource": 1
        },
        "16": {
            "capacities": [
                "1"
            ],
            "consumption": 41,
            "end": "2022-09",
            "matricule": "",
            "min_assign": 3,
            "num_resource": 4,
            "start": "2022-01",
            "type_resource": 1
        },
        "17": {
            "capacities": [
                "1"
            ],
            "consumption": 50,
            "end": "2023-07",
            "matricule": "",
            "min_assign": 6,
            "num_resource": 5,
            "start": "2022-10",
            "type_resource": 1
        },
        "18": {
            "capacities": [
                "1"
            ],
            "consumption": 44,
            "end": "2024-07",
            "matricule": "",
            "min_assign": 2,
            "num_resource": 6,
            "start": "2023-08",
            "type_resource": 1
        },
        "19": {
            "capacities": [
                "1"
            ],
            "consumption": 16,
            "end": "2025-06",
            "matricule": "",
            "min_assign": 6,
            "num_resource": 2,
            "start": "2024-08",
            "type_resource": 1
        },
        "2": {
            "capacities": [
                "0"
            ],
            "consumption": 42,
            "end": "2020-04",
            "matricule": "",
            "min_assign": 3,
            "num_resource": 3,
            "start": "2019-07",
            "type_resource": 0
        },
        "20": {
            "capacities": [
                "2"
            ],
            "consumption": 47,
            "end": "2018-10",
            "matricule": "",
            "min_assign": 6,
            "num_resource": 4,
            "start": "2018-01",
            "type_resource": 2
        },
        "21": {
            "capacities": [
                "2"
            ],
            "consumption": 62,
            "end": "2019-05",
            "matricule": "",
            "min_assign": 3,
            "num_resource": 6,
            "start": "2018-11",
            "type_resource": 2
        },
        "22": {
            "capacities": [
                "2"
            ],
            "consumption": 72,
            "end": "2020-05",
            "matricule": "",
            "min_assign": 2,
            "num_resource": 3,
            "start": "2019-06",
            "type_resource": 2
        },
        "23": {
            "capacities": [
                "2"
            ],
            "consumption": 43,
            "end": "2021-04",
            "matricule": "",
            "min_assign": 3,
            "num_resource": 3,
            "start": "2020-06",
            "type_resource": 2
        },
        "24": {
            "capacities": [
                "2"
            ],
            "consumption": 64,
            "end": "2022-02",
            "matricule": "",
            "min_assign": 3,
            "num_resource": 6,
            "start": "2021-05",
            "type_resource": 2
        },
        "25": {
            "capacities": [
                "2"
            ],
            "consumption": 52,
            "end": "2022-12",
            "matricule": "",
            "min_assign": 3,
            "num_resource": 5,
            "start": "2022-03",
            "type_resource": 2
        },
        "26": {
            "capacities": [
                "2"
            ],
            "consumption": 46,
            "end": "2023-10",
            "matricule": "",
            "min_assign": 3,
            "num_resource": 2,
            "start": "2023-01",
            "type_resource": 2
        },
        "27": {
            "capacities": [
                "2"
            ],
            "consumption": 35,
            "end": "2024-07",
            "matricule": "",
            "min_assign": 3,
            "num_resource": 6,
            "start": "2023-11",
            "type_resource": 2
        },
        "28": {
            "capacities": [
                "2"
            ],
            "consumption": 54,
            "end": "2025-05",
            "matricule": "",
            "min_assign": 2,
            "num_resource": 4,
            "start": "2024-08",
            "type_resource": 2
        },
        "29": {
            "capacities": [
                "2"
            ],
            "consumption": 20,
            "end": "2025-06",
            "matricule": "",
            "min_assign": 2,
            "num_resource": 2,
            "start": "2025-06",
            "type_resource": 2
        },
        "3": {
            "capacities": [
                "0"
            ],
            "consumption": 60,
            "end": "2021-04",
            "matricule": "",
            "min_assign": 6,
            "num_resource": 2,
            "start": "2020-05",
            "type_resource": 0
        },
        "30": {
            "capacities": [
                "3"
            ],
            "consumption": 57,
            "end": "2018-06",
            "matricule": "",
            "min_assign": 3,
            "num_resource": 4,
            "start": "2018-01",
            "type_resource": 3
        },
        "31": {
            "capacities": [
                "3"
            ],
            "consumption": 68,
            "end": "2018-12",
            "matricule": "",
            "min_assign": 3,
            "num_resource": 2,
            "start": "2018-07",
            "type_resource": 3
        },
        "32": {
            "capacities": [
                "3"
            ],
            "consumption": 38,
            "end": "2019-11",
            "matricule": "",
            "min_assign": 2,
            "num_resource": 1,
            "start": "2019-01",
            "type_resource": 3
        },
        "33": {
            "capacities": [
                "3"
            ],
            "consumption": 58,
            "end": "2020-09",
            "matricule": "",
            "min_assign": 2,
            "num_resource": 5,
            "start": "2019-12",
            "type_resource": 3
        },
        "34": {
            "capacities": [
                "3"
            ],
            "consumption": 48,
            "end": "2021-03",
            "matricule": "",
            "min_assign": 3,
            "num_resource": 5,
            "start": "2020-10",
            "type_resource": 3
        },
        "35": {
            "capacities": [
                "3"
            ],
            "consumption": 58,
            "end": "2021-12",
            "matricule": "",
            "min_assign": 2,
            "num_resource": 1,
            "start": "2021-04",
            "type_resource": 3
        },
        "36": {
            "capacities": [
                "3"
            ],
            "consumption": 39,
            "end": "2022-09",
            "matricule": "",
            "min_assign": 2,
            "num_resource": 5,
            "start": "2022-01",
            "type_resource": 3
        },
        "37": {
            "capacities": [
                "3"
            ],
            "consumption": 43,
            "end": "2023-07",
            "matricule": "",
            "min_assign": 2,
            "num_resource": 6,
            "start": "2022-10",
            "type_resource": 3
        },
        "38": {
            "capacities": [
                "3"
            ],
            "consumption": 40,
            "end": "2024-06",
            "matricule": "",
            "min_assign": 3,
            "num_resource": 5,
            "start": "2023-08",
            "type_resource": 3
        },
        "39": {
            "capacities": [
                "3"
            ],
            "consumption": 28,
            "end": "2025-03",
            "matricule": "",
            "min_assign": 2,
            "num_resource": 1,
            "start": "2024-07",
            "type_resource": 3
        },
        "4": {
            "capacities": [
                "0"
            ],
            "consumption": 41,
            "end": "2021-10",
            "matricule": "",
            "min_assign": 2,
            "num_resource": 3,
            "start": "2021-05",
            "type_resource": 0
        },
        "40": {
            "capacities": [
                "3"
            ],
            "consumption": 53,
            "end": "2025-06",
            "matricule": "",
            "min_assign": 2,
            "num_resource": 1,
            "start": "2025-04",
            "type_resource": 3
        },
        "5": {
            "capacities": [
                "0"
            ],
            "consumption": 53,
            "end": "2022-06",
            "matricule": "",
            "min_assign": 6,
            "num_resource": 4,
            "start": "2021-11",
            "type_resource": 0
        },
        "6": {
            "capacities": [
                "0"
            ],
            "consumption": 46,
            "end": "2023-01",
            "matricule": "",
            "min_assign": 6,
            "num_resource": 6,
            "start": "2022-07",
            "type_resource": 0
        },
        "7": {
            "capacities": [
                "0"
            ],
            "consumption": 46,
            "end": "2023-08",
            "matricule": "",
            "min_assign": 6,
            "num_resource": 1,
            "start": "2023-02",
            "type_resource": 0
        },
        "8": {
            "capacities": [
                "0"
            ],
            "consumption": 65,
            "end": "2024-05",
            "matricule": "",
            "min_assign": 2,
            "num_resource": 5,
            "start": "2023-09",
            "type_resource": 0
        },
        "9": {
            "capacities": [
                "0"
            ],
            "consumption": 60,
            "end": "2025-05",
            "matricule": "",
            "min_assign": 6,
            "num_resource": 5,
            "start": "2024-06",
            "type_resource": 0
        }
    }
}