{
    "hours": {
        "1": {
            "2018-01": -278.0
        },
        "3": {
            "2018-08": -56.0,
            "2023-02": -86.0,
            "2023-03": -178.0,
            "2023-04": -270.0
        }
    },
    "resources": {
        "13": {
            "2019-09": 1,
            "2020-06": 1
        },
        "14": {
            "2020-07": 1,
            "2021-01": 1
        },
        "20": {
            "2018-07": 1,
            "2018-08": 1,
            "2018-09": 1,
            "2018-10": 1
        },
        "21": {
            "2018-11": 4,
            "2018-12": 4,
            "2019-01": 4,
            "2019-02": 3,
            "2019-04": 1,
            "2019-05": 1
        },
        "22": {
            "2019-06": 2,
            "2019-07": 1,
            "2019-08": 2,
            "2019-09": 1,
            "2019-10": 2,
            "2019-11": 1,
            "2019-12": 1,
            "2020-01": 3,
            "2020-02": 3,
            "2020-03": 3,
            "2020-04": 3,
            "2020-05": 3
        },
        "24": {
            "2021-05": 3,
            "2021-06": 2,
            "2021-07": 2,
            "2021-12": 1,
            "2022-01": 1,
            "2022-02": 2
        },
        "26": {
            "2023-01": 1
        }
    }
}