{
    "hours": {
        "5": {
            "2020-08": -50.0
        },
        "7": {
            "2021-06": -31.0
        }
    },
    "resources": {
        "20": {
            "2018-01": 1
        },
        "23": {
            "2020-03": 1,
            "2020-07": 1,
            "2020-09": 1,
            "2020-10": 1
        },
        "25": {
            "2022-04": 1
        },
        "28": {
            "2023-09": 2,
            "2023-10": 2,
            "2023-11": 2,
            "2023-12": 2,
            "2024-01": 3,
            "2024-02": 3,
            "2024-03": 3
        }
    }
}