{
    "hours": {
        "1": {
            "2020-11": -20.0,
            "2020-12": -88.0
        },
        "3": {
            "2019-08": -126.0
        },
        "7": {
            "2020-08": -10.0
        }
    },
    "min_assign": {
        "59": {
            "2019-08": {
                "2019-10": {
                    "13": 3
                }
            }
        }
    },
    "resources": {
        "0": {
            "2018-01": 1,
            "2018-02": 1,
            "2018-03": 1,
            "2018-08": 1,
            "2018-09": 1
        },
        "1": {
            "2018-10": 3,
            "2018-11": 2,
            "2018-12": 1,
            "2019-01": 1,
            "2019-07": 1,
            "2019-08": 1,
            "2019-09": 2
        },
        "13": {
            "2019-03": 3,
            "2019-04": 1
        },
        "2": {
            "2019-10": 3,
            "2019-11": 1,
            "2019-12": 1
        },
        "25": {
            "2019-05": 2,
            "2019-06": 2,
            "2019-07": 1,
            "2019-08": 1,
            "2019-09": 1,
            "2019-10": 1,
            "2019-11": 1,
            "2019-12": 1,
            "2020-01": 1,
            "2020-02": 1,
            "2020-03": 1,
            "2020-04": 1
        },
        "3": {
            "2020-10": 1
        }
    }
}