{
    "hours": {
        "1": {
            "2020-10": -31.0,
            "2020-11": -99.0,
            "2020-12": -167.0
        },
        "3": {
            "2019-08": -26.0
        }
    },
    "resources": {
        "1": {
            "2018-10": 3,
            "2018-11": 1,
            "2019-06": 1,
            "2019-07": 2,
            "2019-08": 3,
            "2019-09": 3
        },
        "2": {
            "2019-10": 2,
            "2019-11": 2
        },
        "25": {
            "2019-05": 3,
            "2019-06": 3,
            "2019-07": 1,
            "2019-08": 1,
            "2019-09": 1,
            "2019-12": 1,
            "2020-01": 1,
            "2020-02": 1,
            "2020-03": 1,
            "2020-04": 1
        }
    }
}