{
    "state_m": {
        "0": {
            "2022-04": {
                "M": 1
            },
            "2022-05": {
                "M": 1
            },
            "2022-06": {
                "M": 1
            },
            "2022-07": {
                "M": 1
            },
            "2022-08": {
                "M": 1
            },
            "2022-09": {
                "M": 1
            }
        },
        "1": {
            "2018-01": {
                "M": 1
            },
            "2023-01": {
                "M": 1
            },
            "2023-02": {
                "M": 1
            },
            "2023-03": {
                "M": 1
            },
            "2023-04": {
                "M": 1
            },
            "2023-05": {
                "M": 1
            },
            "2023-06": {
                "M": 1
            }
        },
        "10": {
            "2018-01": {
                "M": 1
            },
            "2018-02": {
                "M": 1
            },
            "2023-02": {
                "M": 1
            },
            "2023-03": {
                "M": 1
            },
            "2023-04": {
                "M": 1
            },
            "2023-05": {
                "M": 1
            },
            "2023-06": {
                "M": 1
            },
            "2023-07": {
                "M": 1
            }
        },
        "11": {
            "2021-06": {
                "M": 1
            },
            "2021-07": {
                "M": 1
            },
            "2021-08": {
                "M": 1
            },
            "2021-09": {
                "M": 1
            },
            "2021-10": {
                "M": 1
            },
            "2021-11": {
                "M": 1
            }
        },
        "12": {
            "2020-10": {
                "M": 1
            },
            "2020-11": {
                "M": 1
            },
            "2020-12": {
                "M": 1
            },
            "2021-01": {
                "M": 1
            },
            "2021-02": {
                "M": 1
            },
            "2021-03": {
                "M": 1
            }
        },
        "13": {
            "2019-07": {
                "M": 1
            },
            "2019-08": {
                "M": 1
            },
            "2019-09": {
                "M": 1
            },
            "2019-10": {
                "M": 1
            },
            "2019-11": {
                "M": 1
            },
            "2019-12": {
                "M": 1
            },
            "2024-12": {
                "M": 1
            },
            "2025-01": {
                "M": 1
            },
            "2025-02": {
                "M": 1
            },
            "2025-03": {
                "M": 1
            },
            "2025-04": {
                "M": 1
            },
            "2025-05": {
                "M": 1
            }
        },
        "14": {
            "2022-01": {
                "M": 1
            },
            "2022-02": {
                "M": 1
            },
            "2022-03": {
                "M": 1
            },
            "2022-04": {
                "M": 1
            },
            "2022-05": {
                "M": 1
            },
            "2022-06": {
                "M": 1
            }
        },
        "15": {
            "2021-06": {
                "M": 1
            },
            "2021-07": {
                "M": 1
            },
            "2021-08": {
                "M": 1
            },
            "2021-09": {
                "M": 1
            },
            "2021-10": {
                "M": 1
            },
            "2021-11": {
                "M": 1
            }
        },
        "16": {
            "2022-02": {
                "M": 1
            },
            "2022-03": {
                "M": 1
            },
            "2022-04": {
                "M": 1
            },
            "2022-05": {
                "M": 1
            },
            "2022-06": {
                "M": 1
            },
            "2022-07": {
                "M": 1
            }
        },
        "17": {
            "2020-04": {
                "M": 1
            },
            "2020-05": {
                "M": 1
            },
            "2020-06": {
                "M": 1
            },
            "2020-07": {
                "M": 1
            },
            "2020-08": {
                "M": 1
            },
            "2020-09": {
                "M": 1
            }
        },
        "18": {
            "2020-06": {
                "M": 1
            },
            "2020-07": {
                "M": 1
            },
            "2020-08": {
                "M": 1
            },
            "2020-09": {
                "M": 1
            },
            "2020-10": {
                "M": 1
            },
            "2020-11": {
                "M": 1
            }
        },
        "19": {
            "2022-10": {
                "M": 1
            },
            "2022-11": {
                "M": 1
            },
            "2022-12": {
                "M": 1
            },
            "2023-01": {
                "M": 1
            },
            "2023-02": {
                "M": 1
            },
            "2023-03": {
                "M": 1
            }
        },
        "2": {
            "2019-06": {
                "M": 1
            },
            "2019-07": {
                "M": 1
            },
            "2019-08": {
                "M": 1
            },
            "2019-09": {
                "M": 1
            },
            "2019-10": {
                "M": 1
            },
            "2019-11": {
                "M": 1
            },
            "2024-11": {
                "M": 1
            },
            "2024-12": {
                "M": 1
            },
            "2025-01": {
                "M": 1
            },
            "2025-02": {
                "M": 1
            },
            "2025-03": {
                "M": 1
            },
            "2025-04": {
                "M": 1
            }
        },
        "20": {
            "2018-12": {
                "M": 1
            },
            "2019-01": {
                "M": 1
            },
            "2019-02": {
                "M": 1
            },
            "2019-03": {
                "M": 1
            },
            "2019-04": {
                "M": 1
            },
            "2019-05": {
                "M": 1
            },
            "2024-05": {
                "M": 1
            },
            "2024-06": {
                "M": 1
            },
            "2024-07": {
                "M": 1
            },
            "2024-08": {
                "M": 1
            },
            "2024-09": {
                "M": 1
            },
            "2024-10": {
                "M": 1
            }
        },
        "21": {
            "2021-02": {
                "M": 1
            },
            "2021-03": {
                "M": 1
            },
            "2021-04": {
                "M": 1
            },
            "2021-05": {
                "M": 1
            },
            "2021-06": {
                "M": 1
            },
            "2021-07": {
                "M": 1
            }
        },
        "22": {
            "2021-03": {
                "M": 1
            },
            "2021-04": {
                "M": 1
            },
            "2021-05": {
                "M": 1
            },
            "2021-06": {
                "M": 1
            },
            "2021-07": {
                "M": 1
            },
            "2021-08": {
                "M": 1
            }
        },
        "23": {
            "2018-12": {
                "M": 1
            },
            "2019-01": {
                "M": 1
            },
            "2019-02": {
                "M": 1
            },
            "2019-03": {
                "M": 1
            },
            "2019-04": {
                "M": 1
            },
            "2019-05": {
                "M": 1
            },
            "2024-05": {
                "M": 1
            },
            "2024-06": {
                "M": 1
            },
            "2024-07": {
                "M": 1
            },
            "2024-08": {
                "M": 1
            },
            "2024-09": {
                "M": 1
            },
            "2024-10": {
                "M": 1
            }
        },
        "24": {
            "2019-04": {
                "M": 1
            },
            "2019-05": {
                "M": 1
            },
            "2019-06": {
                "M": 1
            },
            "2019-07": {
                "M": 1
            },
            "2019-08": {
                "M": 1
            },
            "2019-09": {
                "M": 1
            },
            "2024-09": {
                "M": 1
            },
            "2024-10": {
                "M": 1
            },
            "2024-11": {
                "M": 1
            },
            "2024-12": {
                "M": 1
            },
            "2025-01": {
                "M": 1
            },
            "2025-02": {
                "M": 1
            }
        },
        "25": {
            "2021-12": {
                "M": 1
            },
            "2022-01": {
                "M": 1
            },
            "2022-02": {
                "M": 1
            },
            "2022-03": {
                "M": 1
            },
            "2022-04": {
                "M": 1
            },
            "2022-05": {
                "M": 1
            }
        },
        "26": {
            "2022-09": {
                "M": 1
            },
            "2022-10": {
                "M": 1
            },
            "2022-11": {
                "M": 1
            },
            "2022-12": {
                "M": 1
            },
            "2023-01": {
                "M": 1
            },
            "2023-02": {
                "M": 1
            }
        },
        "27": {
            "2022-05": {
                "M": 1
            },
            "2022-06": {
                "M": 1
            },
            "2022-07": {
                "M": 1
            },
            "2022-08": {
                "M": 1
            },
            "2022-09": {
                "M": 1
            },
            "2022-10": {
                "M": 1
            }
        },
        "28": {
            "2022-06": {
                "M": 1
            },
            "2022-07": {
                "M": 1
            },
            "2022-08": {
                "M": 1
            },
            "2022-09": {
                "M": 1
            },
            "2022-10": {
                "M": 1
            },
            "2022-11": {
                "M": 1
            }
        },
        "29": {
            "2021-11": {
                "M": 1
            },
            "2021-12": {
                "M": 1
            },
            "2022-01": {
                "M": 1
            },
            "2022-02": {
                "M": 1
            },
            "2022-03": {
                "M": 1
            },
            "2022-04": {
                "M": 1
            }
        },
        "3": {
            "2019-12": {
                "M": 1
            },
            "2020-01": {
                "M": 1
            },
            "2020-02": {
                "M": 1
            },
            "2020-03": {
                "M": 1
            },
            "2020-04": {
                "M": 1
            },
            "2020-05": {
                "M": 1
            },
            "2025-05": {
                "M": 1
            },
            "2025-06": {
                "M": 1
            }
        },
        "30": {
            "2019-12": {
                "M": 1
            },
            "2020-01": {
                "M": 1
            },
            "2020-02": {
                "M": 1
            },
            "2020-03": {
                "M": 1
            },
            "2020-04": {
                "M": 1
            },
            "2020-05": {
                "M": 1
            },
            "2025-05": {
                "M": 1
            },
            "2025-06": {
                "M": 1
            }
        },
        "31": {
            "2018-10": {
                "M": 1
            },
            "2018-11": {
                "M": 1
            },
            "2018-12": {
                "M": 1
            },
            "2019-01": {
                "M": 1
            },
            "2019-02": {
                "M": 1
            },
            "2019-03": {
                "M": 1
            },
            "2024-03": {
                "M": 1
            },
            "2024-04": {
                "M": 1
            },
            "2024-05": {
                "M": 1
            },
            "2024-06": {
                "M": 1
            },
            "2024-07": {
                "M": 1
            },
            "2024-08": {
                "M": 1
            }
        },
        "32": {
            "2021-01": {
                "M": 1
            },
            "2021-02": {
                "M": 1
            },
            "2021-03": {
                "M": 1
            },
            "2021-04": {
                "M": 1
            },
            "2021-05": {
                "M": 1
            },
            "2021-06": {
                "M": 1
            }
        },
        "33": {
            "2018-03": {
                "M": 1
            },
            "2018-04": {
                "M": 1
            },
            "2018-05": {
                "M": 1
            },
            "2018-06": {
                "M": 1
            },
            "2018-07": {
                "M": 1
            },
            "2018-08": {
                "M": 1
            },
            "2023-08": {
                "M": 1
            },
            "2023-09": {
                "M": 1
            },
            "2023-10": {
                "M": 1
            },
            "2023-11": {
                "M": 1
            },
            "2023-12": {
                "M": 1
            },
            "2024-01": {
                "M": 1
            }
        },
        "34": {
            "2018-01": {
                "M": 1
            },
            "2023-01": {
                "M": 1
            },
            "2023-02": {
                "M": 1
            },
            "2023-03": {
                "M": 1
            },
            "2023-04": {
                "M": 1
            },
            "2023-05": {
                "M": 1
            },
            "2023-06": {
                "M": 1
            }
        },
        "35": {
            "2021-11": {
                "M": 1
            },
            "2021-12": {
                "M": 1
            },
            "2022-01": {
                "M": 1
            },
            "2022-02": {
                "M": 1
            },
            "2022-03": {
                "M": 1
            },
            "2022-04": {
                "M": 1
            }
        },
        "36": {
            "2020-10": {
                "M": 1
            },
            "2020-11": {
                "M": 1
            },
            "2020-12": {
                "M": 1
            },
            "2021-01": {
                "M": 1
            },
            "2021-02": {
                "M": 1
            },
            "2021-03": {
                "M": 1
            }
        },
        "37": {
            "2019-02": {
                "M": 1
            },
            "2019-03": {
                "M": 1
            },
            "2019-04": {
                "M": 1
            },
            "2019-05": {
                "M": 1
            },
            "2019-06": {
                "M": 1
            },
            "2019-07": {
                "M": 1
            },
            "2024-07": {
                "M": 1
            },
            "2024-08": {
                "M": 1
            },
            "2024-09": {
                "M": 1
            },
            "2024-10": {
                "M": 1
            },
            "2024-11": {
                "M": 1
            },
            "2024-12": {
                "M": 1
            }
        },
        "38": {
            "2020-10": {
                "M": 1
            },
            "2020-11": {
                "M": 1
            },
            "2020-12": {
                "M": 1
            },
            "2021-01": {
                "M": 1
            },
            "2021-02": {
                "M": 1
            },
            "2021-03": {
                "M": 1
            }
        },
        "39": {
            "2018-07": {
                "M": 1
            },
            "2018-08": {
                "M": 1
            },
            "2018-09": {
                "M": 1
            },
            "2018-10": {
                "M": 1
            },
            "2018-11": {
                "M": 1
            },
            "2018-12": {
                "M": 1
            },
            "2023-12": {
                "M": 1
            },
            "2024-01": {
                "M": 1
            },
            "2024-02": {
                "M": 1
            },
            "2024-03": {
                "M": 1
            },
            "2024-04": {
                "M": 1
            },
            "2024-05": {
                "M": 1
            }
        },
        "4": {
            "2019-04": {
                "M": 1
            },
            "2019-05": {
                "M": 1
            },
            "2019-06": {
                "M": 1
            },
            "2019-07": {
                "M": 1
            },
            "2019-08": {
                "M": 1
            },
            "2019-09": {
                "M": 1
            },
            "2024-09": {
                "M": 1
            },
            "2024-10": {
                "M": 1
            },
            "2024-11": {
                "M": 1
            },
            "2024-12": {
                "M": 1
            },
            "2025-01": {
                "M": 1
            },
            "2025-02": {
                "M": 1
            }
        },
        "40": {
            "2020-09": {
                "M": 1
            },
            "2020-10": {
                "M": 1
            },
            "2020-11": {
                "M": 1
            },
            "2020-12": {
                "M": 1
            },
            "2021-01": {
                "M": 1
            },
            "2021-02": {
                "M": 1
            }
        },
        "41": {
            "2018-07": {
                "M": 1
            },
            "2018-08": {
                "M": 1
            },
            "2018-09": {
                "M": 1
            },
            "2018-10": {
                "M": 1
            },
            "2018-11": {
                "M": 1
            },
            "2018-12": {
                "M": 1
            },
            "2023-12": {
                "M": 1
            },
            "2024-01": {
                "M": 1
            },
            "2024-02": {
                "M": 1
            },
            "2024-03": {
                "M": 1
            },
            "2024-04": {
                "M": 1
            },
            "2024-05": {
                "M": 1
            }
        },
        "42": {
            "2018-09": {
                "M": 1
            },
            "2018-10": {
                "M": 1
            },
            "2018-11": {
                "M": 1
            },
            "2018-12": {
                "M": 1
            },
            "2019-01": {
                "M": 1
            },
            "2019-02": {
                "M": 1
            },
            "2024-02": {
                "M": 1
            },
            "2024-03": {
                "M": 1
            },
            "2024-04": {
                "M": 1
            },
            "2024-05": {
                "M": 1
            },
            "2024-06": {
                "M": 1
            },
            "2024-07": {
                "M": 1
            }
        },
        "43": {
            "2022-09": {
                "M": 1
            },
            "2022-10": {
                "M": 1
            },
            "2022-11": {
                "M": 1
            },
            "2022-12": {
                "M": 1
            },
            "2023-01": {
                "M": 1
            },
            "2023-02": {
                "M": 1
            }
        },
        "44": {
            "2019-02": {
                "M": 1
            },
            "2019-03": {
                "M": 1
            },
            "2019-04": {
                "M": 1
            },
            "2019-05": {
                "M": 1
            },
            "2019-06": {
                "M": 1
            },
            "2019-07": {
                "M": 1
            },
            "2024-07": {
                "M": 1
            },
            "2024-08": {
                "M": 1
            },
            "2024-09": {
                "M": 1
            },
            "2024-10": {
                "M": 1
            },
            "2024-11": {
                "M": 1
            },
            "2024-12": {
                "M": 1
            }
        },
        "45": {
            "2021-05": {
                "M": 1
            },
            "2021-06": {
                "M": 1
            },
            "2021-07": {
                "M": 1
            },
            "2021-08": {
                "M": 1
            },
            "2021-09": {
                "M": 1
            },
            "2021-10": {
                "M": 1
            }
        },
        "46": {
            "2020-12": {
                "M": 1
            },
            "2021-01": {
                "M": 1
            },
            "2021-02": {
                "M": 1
            },
            "2021-03": {
                "M": 1
            },
            "2021-04": {
                "M": 1
            },
            "2021-05": {
                "M": 1
            }
        },
        "47": {
            "2019-05": {
                "M": 1
            },
            "2019-06": {
                "M": 1
            },
            "2019-07": {
                "M": 1
            },
            "2019-08": {
                "M": 1
            },
            "2019-09": {
                "M": 1
            },
            "2019-10": {
                "M": 1
            },
            "2024-10": {
                "M": 1
            },
            "2024-11": {
                "M": 1
            },
            "2024-12": {
                "M": 1
            },
            "2025-01": {
                "M": 1
            },
            "2025-02": {
                "M": 1
            },
            "2025-03": {
                "M": 1
            }
        },
        "48": {
            "2021-03": {
                "M": 1
            },
            "2021-04": {
                "M": 1
            },
            "2021-05": {
                "M": 1
            },
            "2021-06": {
                "M": 1
            },
            "2021-07": {
                "M": 1
            },
            "2021-08": {
                "M": 1
            }
        },
        "49": {
            "2018-12": {
                "M": 1
            },
            "2019-01": {
                "M": 1
            },
            "2019-02": {
                "M": 1
            },
            "2019-03": {
                "M": 1
            },
            "2019-04": {
                "M": 1
            },
            "2019-05": {
                "M": 1
            },
            "2024-05": {
                "M": 1
            },
            "2024-06": {
                "M": 1
            },
            "2024-07": {
                "M": 1
            },
            "2024-08": {
                "M": 1
            },
            "2024-09": {
                "M": 1
            },
            "2024-10": {
                "M": 1
            }
        },
        "5": {
            "2019-08": {
                "M": 1
            },
            "2019-09": {
                "M": 1
            },
            "2019-10": {
                "M": 1
            },
            "2019-11": {
                "M": 1
            },
            "2019-12": {
                "M": 1
            },
            "2020-01": {
                "M": 1
            },
            "2025-01": {
                "M": 1
            },
            "2025-02": {
                "M": 1
            },
            "2025-03": {
                "M": 1
            },
            "2025-04": {
                "M": 1
            },
            "2025-05": {
                "M": 1
            },
            "2025-06": {
                "M": 1
            }
        },
        "50": {
            "2018-10": {
                "M": 1
            },
            "2018-11": {
                "M": 1
            },
            "2018-12": {
                "M": 1
            },
            "2019-01": {
                "M": 1
            },
            "2019-02": {
                "M": 1
            },
            "2019-03": {
                "M": 1
            },
            "2024-03": {
                "M": 1
            },
            "2024-04": {
                "M": 1
            },
            "2024-05": {
                "M": 1
            },
            "2024-06": {
                "M": 1
            },
            "2024-07": {
                "M": 1
            },
            "2024-08": {
                "M": 1
            }
        },
        "51": {
            "2019-07": {
                "M": 1
            },
            "2019-08": {
                "M": 1
            },
            "2019-09": {
                "M": 1
            },
            "2019-10": {
                "M": 1
            },
            "2019-11": {
                "M": 1
            },
            "2019-12": {
                "M": 1
            },
            "2024-12": {
                "M": 1
            },
            "2025-01": {
                "M": 1
            },
            "2025-02": {
                "M": 1
            },
            "2025-03": {
                "M": 1
            },
            "2025-04": {
                "M": 1
            },
            "2025-05": {
                "M": 1
            }
        },
        "52": {
            "2018-01": {
                "M": 1
            },
            "2018-02": {
                "M": 1
            },
            "2023-02": {
                "M": 1
            },
            "2023-03": {
                "M": 1
            },
            "2023-04": {
                "M": 1
            },
            "2023-05": {
                "M": 1
            },
            "2023-06": {
                "M": 1
            },
            "2023-07": {
                "M": 1
            }
        },
        "53": {
            "2022-06": {
                "M": 1
            },
            "2022-07": {
                "M": 1
            },
            "2022-08": {
                "M": 1
            },
            "2022-09": {
                "M": 1
            },
            "2022-10": {
                "M": 1
            },
            "2022-11": {
                "M": 1
            }
        },
        "54": {
            "2019-06": {
                "M": 1
            },
            "2019-07": {
                "M": 1
            },
            "2019-08": {
                "M": 1
            },
            "2019-09": {
                "M": 1
            },
            "2019-10": {
                "M": 1
            },
            "2019-11": {
                "M": 1
            },
            "2024-11": {
                "M": 1
            },
            "2024-12": {
                "M": 1
            },
            "2025-01": {
                "M": 1
            },
            "2025-02": {
                "M": 1
            },
            "2025-03": {
                "M": 1
            },
            "2025-04": {
                "M": 1
            }
        },
        "55": {
            "2018-03": {
                "M": 1
            },
            "2018-04": {
                "M": 1
            },
            "2018-05": {
                "M": 1
            },
            "2018-06": {
                "M": 1
            },
            "2018-07": {
                "M": 1
            },
            "2018-08": {
                "M": 1
            },
            "2023-08": {
                "M": 1
            },
            "2023-09": {
                "M": 1
            },
            "2023-10": {
                "M": 1
            },
            "2023-11": {
                "M": 1
            },
            "2023-12": {
                "M": 1
            },
            "2024-01": {
                "M": 1
            }
        },
        "56": {
            "2018-05": {
                "M": 1
            },
            "2018-06": {
                "M": 1
            },
            "2018-07": {
                "M": 1
            },
            "2018-08": {
                "M": 1
            },
            "2018-09": {
                "M": 1
            },
            "2018-10": {
                "M": 1
            },
            "2023-10": {
                "M": 1
            },
            "2023-11": {
                "M": 1
            },
            "2023-12": {
                "M": 1
            },
            "2024-01": {
                "M": 1
            },
            "2024-02": {
                "M": 1
            },
            "2024-03": {
                "M": 1
            }
        },
        "57": {
            "2021-02": {
                "M": 1
            },
            "2021-03": {
                "M": 1
            },
            "2021-04": {
                "M": 1
            },
            "2021-05": {
                "M": 1
            },
            "2021-06": {
                "M": 1
            },
            "2021-07": {
                "M": 1
            }
        },
        "58": {
            "2020-11": {
                "M": 1
            },
            "2020-12": {
                "M": 1
            },
            "2021-01": {
                "M": 1
            },
            "2021-02": {
                "M": 1
            },
            "2021-03": {
                "M": 1
            },
            "2021-04": {
                "M": 1
            }
        },
        "59": {
            "2022-10": {
                "M": 1
            },
            "2022-11": {
                "M": 1
            },
            "2022-12": {
                "M": 1
            },
            "2023-01": {
                "M": 1
            },
            "2023-02": {
                "M": 1
            },
            "2023-03": {
                "M": 1
            }
        },
        "6": {
            "2021-01": {
                "M": 1
            },
            "2021-02": {
                "M": 1
            },
            "2021-03": {
                "M": 1
            },
            "2021-04": {
                "M": 1
            },
            "2021-05": {
                "M": 1
            },
            "2021-06": {
                "M": 1
            }
        },
        "7": {
            "2020-02": {
                "M": 1
            },
            "2020-03": {
                "M": 1
            },
            "2020-04": {
                "M": 1
            },
            "2020-05": {
                "M": 1
            },
            "2020-06": {
                "M": 1
            },
            "2020-07": {
                "M": 1
            },
            "2025-02": {
                "M": 1
            },
            "2025-03": {
                "M": 1
            },
            "2025-04": {
                "M": 1
            },
            "2025-05": {
                "M": 1
            },
            "2025-06": {
                "M": 1
            }
        },
        "8": {
            "2022-09": {
                "M": 1
            },
            "2022-10": {
                "M": 1
            },
            "2022-11": {
                "M": 1
            },
            "2022-12": {
                "M": 1
            },
            "2023-01": {
                "M": 1
            },
            "2023-02": {
                "M": 1
            }
        },
        "9": {
            "2022-07": {
                "M": 1
            },
            "2022-08": {
                "M": 1
            },
            "2022-09": {
                "M": 1
            },
            "2022-10": {
                "M": 1
            },
            "2022-11": {
                "M": 1
            },
            "2022-12": {
                "M": 1
            }
        }
    },
    "task": {
        "0": {
            "2024-10": "9",
            "2024-11": "9",
            "2024-12": "9",
            "2025-01": "9",
            "2025-02": "9",
            "2025-03": "9",
            "2025-04": "9",
            "2025-05": "9"
        },
        "1": {
            "2024-10": "9",
            "2024-11": "9",
            "2024-12": "9",
            "2025-01": "9",
            "2025-02": "9",
            "2025-03": "9",
            "2025-04": "9",
            "2025-05": "9"
        },
        "10": {
            "2024-09": "19",
            "2024-10": "19",
            "2024-11": "19",
            "2024-12": "19",
            "2025-01": "19",
            "2025-02": "19",
            "2025-03": "19",
            "2025-04": "19",
            "2025-05": "19",
            "2025-06": "19"
        },
        "11": {
            "2020-01": "13",
            "2020-02": "13",
            "2020-03": "13",
            "2020-04": "13",
            "2020-05": "13",
            "2020-06": "13",
            "2025-04": "19",
            "2025-05": "19",
            "2025-06": "19"
        },
        "12": {
            "2024-12": "28",
            "2025-01": "28",
            "2025-02": "28",
            "2025-06": "29"
        },
        "13": {
            "2025-06": "29"
        },
        "14": {
            "2018-01": "20",
            "2018-02": "20",
            "2018-03": "20",
            "2018-04": "20",
            "2018-05": "20",
            "2018-06": "20",
            "2018-07": "20",
            "2018-08": "20",
            "2018-09": "20",
            "2018-10": "20",
            "2025-06": "29"
        },
        "15": {
            "2025-06": "29"
        },
        "16": {
            "2025-06": "29"
        },
        "17": {
            "2024-12": "28",
            "2025-01": "28",
            "2025-02": "28",
            "2025-06": "29"
        },
        "18": {
            "2024-09": "39",
            "2024-10": "39",
            "2024-11": "39",
            "2024-12": "39",
            "2025-04": "40",
            "2025-05": "40",
            "2025-06": "40"
        },
        "19": {
            "2024-12": "39",
            "2025-01": "39",
            "2025-02": "39",
            "2025-03": "39",
            "2025-04": "40",
            "2025-05": "40"
        },
        "20": {
            "2024-11": "39",
            "2024-12": "39",
            "2025-01": "39",
            "2025-02": "39",
            "2025-03": "39",
            "2025-04": "40",
            "2025-05": "40"
        },
        "21": {
            "2025-06": "40"
        },
        "22": {
            "2025-06": "40"
        },
        "23": {
            "2024-11": "39",
            "2024-12": "39",
            "2025-01": "39",
            "2025-02": "39",
            "2025-03": "39",
            "2025-04": "40",
            "2025-05": "40"
        },
        "24": {
            "2025-06": "19"
        },
        "25": {
            "2018-01": "30",
            "2018-02": "30",
            "2018-03": "30",
            "2018-04": "30",
            "2018-05": "30",
            "2018-06": "30",
            "2025-06": "40"
        },
        "26": {
            "2024-09": "19",
            "2024-10": "19",
            "2024-11": "19",
            "2024-12": "19",
            "2025-01": "19",
            "2025-02": "19",
            "2025-06": "19"
        },
        "27": {
            "2024-12": "28",
            "2025-01": "28",
            "2025-02": "28",
            "2025-03": "28",
            "2025-04": "28",
            "2025-05": "28",
            "2025-06": "29"
        },
        "28": {
            "2025-02": "39",
            "2025-03": "39",
            "2025-04": "40",
            "2025-05": "40"
        },
        "30": {
            "2024-07": "39",
            "2024-08": "39",
            "2024-09": "39",
            "2024-10": "39",
            "2024-11": "39"
        },
        "31": {
            "2024-11": "39",
            "2024-12": "39",
            "2025-02": "39",
            "2025-03": "39",
            "2025-04": "40",
            "2025-05": "40"
        },
        "32": {
            "2025-06": "19"
        },
        "33": {
            "2021-12": "5",
            "2022-01": "5",
            "2022-02": "5",
            "2022-03": "5",
            "2022-04": "5",
            "2022-05": "5",
            "2024-10": "9",
            "2024-11": "9",
            "2024-12": "9",
            "2025-01": "9",
            "2025-02": "9",
            "2025-03": "9",
            "2025-04": "9",
            "2025-05": "9"
        },
        "34": {
            "2025-02": "39",
            "2025-03": "39",
            "2025-04": "40",
            "2025-05": "40"
        },
        "35": {
            "2025-06": "40"
        },
        "37": {
            "2025-06": "19"
        },
        "39": {
            "2024-10": "9",
            "2024-11": "9",
            "2024-12": "9",
            "2025-01": "9",
            "2025-02": "9",
            "2025-03": "9",
            "2025-04": "9",
            "2025-05": "9"
        },
        "40": {
            "2024-12": "28",
            "2025-01": "28",
            "2025-02": "28",
            "2025-06": "29"
        },
        "41": {
            "2024-10": "9",
            "2024-11": "9",
            "2024-12": "9",
            "2025-01": "9",
            "2025-02": "9",
            "2025-03": "9",
            "2025-04": "9",
            "2025-05": "9"
        },
        "42": {
            "2024-11": "39",
            "2024-12": "39",
            "2025-02": "39",
            "2025-03": "39",
            "2025-04": "40",
            "2025-05": "40"
        },
        "43": {
            "2024-12": "9",
            "2025-01": "9",
            "2025-02": "9",
            "2025-03": "9",
            "2025-04": "9",
            "2025-05": "9"
        },
        "44": {
            "2025-02": "39",
            "2025-03": "39",
            "2025-04": "40",
            "2025-05": "40"
        },
        "45": {
            "2025-06": "40"
        },
        "46": {
            "2025-06": "40"
        },
        "48": {
            "2025-06": "29"
        },
        "49": {
            "2024-12": "9",
            "2025-01": "9",
            "2025-02": "9",
            "2025-03": "9",
            "2025-04": "9",
            "2025-05": "9"
        },
        "50": {
            "2025-06": "19"
        },
        "52": {
            "2025-02": "39",
            "2025-03": "39",
            "2025-04": "40",
            "2025-05": "40"
        },
        "53": {
            "2025-02": "39",
            "2025-03": "39",
            "2025-04": "40",
            "2025-05": "40"
        },
        "55": {
            "2025-02": "39",
            "2025-03": "39",
            "2025-04": "40",
            "2025-05": "40"
        },
        "56": {
            "2025-02": "39",
            "2025-03": "39",
            "2025-04": "40",
            "2025-05": "40"
        },
        "57": {
            "2018-01": "30",
            "2018-02": "30",
            "2018-03": "30",
            "2018-04": "30",
            "2018-05": "30",
            "2018-06": "30",
            "2025-06": "40"
        },
        "58": {
            "2025-01": "28",
            "2025-02": "28",
            "2025-06": "29"
        },
        "59": {
            "2025-06": "19"
        },
        "6": {
            "2025-06": "19"
        },
        "8": {
            "2025-06": "19"
        },
        "9": {
            "2025-06": "19"
        }
    }
}