{
    "hours": {
        "2": {
            "2019-07": -21.0,
            "2020-12": -29.0
        },
        "3": {
            "2023-03": -65.0,
            "2023-04": -157.0
        }
    },
    "resources": {
        "12": {
            "2019-01": 1,
            "2019-08": 1
        },
        "13": {
            "2019-09": 2,
            "2019-10": 1,
            "2019-11": 1
        },
        "14": {
            "2021-01": 2
        },
        "15": {
            "2021-02": 1,
            "2021-03": 1
        },
        "20": {
            "2018-09": 1,
            "2018-10": 1
        },
        "21": {
            "2018-11": 6,
            "2018-12": 6,
            "2019-01": 6,
            "2019-02": 3,
            "2019-03": 2,
            "2019-04": 2,
            "2019-05": 2
        },
        "22": {
            "2019-06": 2,
            "2019-07": 2,
            "2019-08": 2,
            "2019-12": 1,
            "2020-01": 2,
            "2020-02": 1,
            "2020-03": 1,
            "2020-04": 1,
            "2020-05": 1
        },
        "23": {
            "2020-06": 1
        },
        "24": {
            "2021-05": 3,
            "2021-06": 2,
            "2021-07": 1,
            "2021-08": 1,
            "2021-09": 1,
            "2021-10": 1,
            "2021-11": 1,
            "2021-12": 1,
            "2022-01": 1,
            "2022-02": 1
        },
        "25": {
            "2022-03": 1
        }
    }
}