{
    "hours": {
        "2": {
            "2019-07": -33.0
        },
        "4": {
            "2024-12": -101.0
        },
        "5": {
            "2022-05": -112.0,
            "2024-02": -13.0
        },
        "6": {
            "2023-11": -27.0
        }
    },
    "resources": {
        "1": {
            "2018-11": 2,
            "2018-12": 1,
            "2019-01": 1,
            "2019-02": 2,
            "2019-03": 2
        },
        "21": {
            "2020-03": 1,
            "2020-04": 1,
            "2020-05": 1,
            "2020-06": 1,
            "2020-07": 1,
            "2020-08": 1
        },
        "25": {
            "2022-09": 1,
            "2022-10": 1,
            "2022-11": 1,
            "2022-12": 2,
            "2023-01": 2,
            "2023-02": 2
        },
        "40": {
            "2019-01": 1,
            "2019-02": 1,
            "2019-03": 1,
            "2019-04": 2,
            "2019-05": 1,
            "2019-06": 2,
            "2019-07": 2,
            "2019-08": 2,
            "2019-09": 2,
            "2019-10": 2,
            "2019-11": 2
        }
    }
}