{
    "hours": {
        "1": {
            "2018-08": -32.0,
            "2020-02": -176.0,
            "2020-03": -460.0,
            "2020-04": -744.0
        },
        "12": {
            "2022-10": -16.0,
            "2022-11": -148.0
        },
        "15": {
            "2018-01": -281.0,
            "2018-02": -281.0,
            "2018-03": -281.0,
            "2018-04": -281.0,
            "2018-05": -281.0,
            "2018-06": -281.0
        },
        "16": {
            "2018-07": -2.0,
            "2018-08": -2.0,
            "2018-09": -2.0
        },
        "28": {
            "2018-02": -55.0,
            "2018-03": -119.0
        },
        "8": {
            "2022-02": -54.0,
            "2022-03": -454.0
        }
    },
    "resources": {
        "12": {
            "2019-04": 1,
            "2019-08": 1
        },
        "2": {
            "2019-08": 6,
            "2019-09": 6,
            "2019-10": 6,
            "2019-11": 2,
            "2019-12": 2,
            "2020-01": 2,
            "2020-02": 2,
            "2020-03": 2,
            "2020-04": 2
        },
        "45": {
            "2020-07": 1
        },
        "48": {
            "2021-09": 1
        },
        "68": {
            "2022-12": 1
        },
        "92": {
            "2018-01": 1,
            "2018-02": 1,
            "2018-03": 1,
            "2018-04": 2,
            "2018-05": 2,
            "2018-06": 2,
            "2018-07": 2
        }
    }
}