{
    "available": {
        "13": {
            "2018-01": -1,
            "2018-02": -1,
            "2018-03": -1,
            "2018-04": -1,
            "2018-05": -1
        },
        "4": {
            "2020-06": -1
        }
    },
    "elapsed": {
        "M": {
            "111": {
                "2025-06": 0
            },
            "144": {
                "2025-06": 0
            },
            "152": {
                "2025-06": 0
            },
            "157": {
                "2025-06": 0
            },
            "161": {
                "2025-06": 0
            },
            "87": {
                "2025-06": 0
            }
        }
    },
    "hours": {
        "16": {
            "2023-03": -1.0,
            "2023-04": -58.0,
            "2023-05": -115.0
        },
        "23": {
            "2022-11": -119.0
        },
        "8": {
            "2025-06": -16.0
        },
        "9": {
            "2024-05": -7.0
        }
    },
    "resources": {
        "0": {
            "2018-01": 2,
            "2018-02": 2,
            "2018-03": 2,
            "2018-04": 2,
            "2018-05": 2,
            "2018-06": 2,
            "2018-07": 2
        },
        "1": {
            "2018-08": 2,
            "2018-09": 2,
            "2018-10": 2,
            "2018-11": 2,
            "2018-12": 3,
            "2019-01": 2,
            "2019-02": 2,
            "2019-03": 2,
            "2019-04": 2,
            "2019-05": 2
        },
        "10": {
            "2018-01": 1,
            "2018-02": 1
        },
        "100": {
            "2020-07": 1,
            "2020-08": 1,
            "2020-09": 1,
            "2020-10": 1,
            "2020-11": 1,
            "2020-12": 1,
            "2021-01": 1,
            "2021-02": 1
        },
        "101": {
            "2021-03": 2,
            "2021-04": 2,
            "2021-05": 2,
            "2021-06": 1,
            "2021-07": 1,
            "2021-09": 1,
            "2021-10": 1,
            "2021-11": 1,
            "2021-12": 1,
            "2022-01": 1
        },
        "102": {
            "2022-02": 1,
            "2022-03": 1,
            "2022-04": 1,
            "2022-05": 1,
            "2022-06": 1,
            "2022-07": 1,
            "2022-08": 1,
            "2022-09": 1,
            "2022-10": 1,
            "2022-11": 1,
            "2022-12": 1,
            "2023-01": 1
        },
        "107": {
            "2025-04": 1,
            "2025-05": 1
        },
        "108": {
            "2018-01": 4,
            "2018-02": 4,
            "2018-03": 5,
            "2018-04": 5,
            "2018-05": 5,
            "2018-06": 5,
            "2018-07": 5,
            "2018-08": 5,
            "2018-09": 5,
            "2018-10": 5,
            "2018-11": 5,
            "2018-12": 5
        },
        "109": {
            "2019-01": 4,
            "2019-02": 3,
            "2019-03": 3,
            "2019-04": 3,
            "2019-05": 2,
            "2019-06": 2,
            "2019-07": 2,
            "2019-08": 2,
            "2019-09": 2,
            "2019-10": 2,
            "2019-11": 3
        },
        "11": {
            "2019-06": 1,
            "2019-07": 1,
            "2019-08": 1,
            "2019-09": 1
        },
        "110": {
            "2019-12": 4,
            "2020-01": 4,
            "2020-02": 4,
            "2020-03": 3,
            "2020-04": 3,
            "2020-05": 3,
            "2020-06": 3,
            "2020-07": 3,
            "2020-08": 3,
            "2020-09": 3,
            "2020-10": 3,
            "2020-11": 3
        },
        "111": {
            "2021-06": 1
        },
        "112": {
            "2021-07": 1
        },
        "113": {
            "2022-02": 6,
            "2022-03": 6,
            "2022-04": 6,
            "2022-05": 6,
            "2022-06": 6,
            "2022-07": 6
        },
        "114": {
            "2022-08": 1,
            "2022-09": 1,
            "2022-10": 1,
            "2022-11": 1,
            "2022-12": 1
        },
        "115": {
            "2023-09": 1,
            "2023-10": 1
        },
        "116": {
            "2024-04": 1,
            "2024-05": 1,
            "2024-06": 1,
            "2024-07": 1,
            "2024-08": 1,
            "2024-09": 1,
            "2024-10": 1,
            "2024-11": 1,
            "2024-12": 1,
            "2025-01": 1
        },
        "118": {
            "2018-03": 1,
            "2018-04": 1,
            "2018-05": 2,
            "2018-06": 2,
            "2018-07": 3,
            "2018-08": 3,
            "2018-09": 3,
            "2018-10": 3
        },
        "119": {
            "2018-11": 1
        },
        "12": {
            "2019-10": 1,
            "2020-04": 1,
            "2020-05": 1,
            "2020-06": 1,
            "2020-08": 1,
            "2020-09": 1
        },
        "123": {
            "2022-01": 1,
            "2022-05": 2
        },
        "124": {
            "2023-04": 1
        },
        "125": {
            "2023-09": 1,
            "2023-12": 1,
            "2024-01": 1
        },
        "127": {
            "2025-02": 1,
            "2025-03": 1,
            "2025-04": 1,
            "2025-05": 1,
            "2025-06": 1
        },
        "128": {
            "2018-01": 1,
            "2018-02": 2,
            "2018-03": 2,
            "2018-04": 2,
            "2018-05": 2,
            "2018-06": 2,
            "2018-07": 1,
            "2018-08": 1,
            "2018-09": 1,
            "2018-10": 1,
            "2018-11": 1,
            "2018-12": 1
        },
        "129": {
            "2019-01": 2
        },
        "13": {
            "2020-10": 1,
            "2020-11": 1,
            "2020-12": 1,
            "2021-01": 1
        },
        "131": {
            "2020-07": 1,
            "2020-08": 1,
            "2020-09": 1,
            "2020-11": 1,
            "2021-04": 1
        },
        "132": {
            "2022-01": 2,
            "2022-02": 3
        },
        "134": {
            "2022-11": 1
        },
        "135": {
            "2023-06": 3,
            "2023-07": 3,
            "2023-08": 3,
            "2023-09": 3,
            "2023-10": 1,
            "2024-05": 2
        },
        "136": {
            "2024-06": 1,
            "2025-01": 1,
            "2025-02": 1,
            "2025-03": 1
        },
        "137": {
            "2025-04": 2,
            "2025-05": 1
        },
        "15": {
            "2022-06": 1,
            "2022-07": 1,
            "2022-08": 2,
            "2022-11": 1
        },
        "17": {
            "2023-12": 2,
            "2024-01": 2,
            "2024-02": 2,
            "2024-03": 1
        },
        "2": {
            "2019-06": 5,
            "2019-07": 4,
            "2019-08": 3,
            "2019-09": 2,
            "2019-10": 1,
            "2019-11": 1,
            "2019-12": 1,
            "2020-01": 1,
            "2020-02": 1,
            "2020-03": 1,
            "2020-04": 4
        },
        "20": {
            "2018-01": 2,
            "2018-02": 1,
            "2018-03": 1,
            "2018-04": 1,
            "2018-05": 2,
            "2018-06": 2,
            "2018-07": 2,
            "2018-08": 3,
            "2018-09": 3
        },
        "21": {
            "2018-10": 1,
            "2018-11": 1,
            "2019-01": 1
        },
        "22": {
            "2019-05": 1,
            "2019-06": 1,
            "2019-07": 1,
            "2019-08": 2,
            "2019-09": 2,
            "2019-10": 2,
            "2019-11": 2,
            "2019-12": 2
        },
        "23": {
            "2020-01": 4,
            "2020-02": 4,
            "2020-03": 4,
            "2020-04": 5,
            "2020-05": 5,
            "2020-06": 5,
            "2020-07": 5,
            "2020-08": 4,
            "2020-09": 4,
            "2020-10": 4
        },
        "24": {
            "2020-11": 2,
            "2021-07": 1,
            "2021-10": 1
        },
        "3": {
            "2020-05": 3,
            "2020-06": 3,
            "2020-07": 1,
            "2020-11": 1,
            "2020-12": 3
        },
        "31": {
            "2018-01": 2,
            "2018-02": 2,
            "2018-03": 3,
            "2018-04": 3,
            "2018-05": 5,
            "2018-06": 5,
            "2018-07": 6,
            "2018-08": 6
        },
        "32": {
            "2018-09": 1,
            "2018-10": 1,
            "2018-11": 1,
            "2018-12": 1
        },
        "33": {
            "2019-07": 3,
            "2019-08": 3,
            "2019-09": 3,
            "2019-10": 3,
            "2019-11": 3,
            "2019-12": 3,
            "2020-01": 3,
            "2020-02": 3
        },
        "34": {
            "2020-03": 1
        },
        "36": {
            "2021-12": 2,
            "2022-01": 2,
            "2022-02": 2,
            "2022-03": 2,
            "2022-04": 2,
            "2022-05": 2,
            "2022-06": 2,
            "2022-07": 2,
            "2022-08": 2,
            "2022-09": 2,
            "2022-10": 2
        },
        "37": {
            "2023-05": 1,
            "2023-06": 1,
            "2023-07": 1
        },
        "38": {
            "2024-03": 1
        },
        "39": {
            "2024-08": 1,
            "2024-09": 1,
            "2024-10": 1
        },
        "40": {
            "2024-11": 1
        },
        "41": {
            "2018-01": 3,
            "2018-02": 5,
            "2018-03": 5,
            "2018-04": 5,
            "2018-05": 4,
            "2018-06": 5,
            "2018-07": 5,
            "2018-08": 5
        },
        "42": {
            "2018-09": 2,
            "2018-10": 2,
            "2018-11": 2,
            "2018-12": 2,
            "2019-01": 2,
            "2019-02": 2,
            "2019-03": 2
        },
        "43": {
            "2019-10": 2
        },
        "44": {
            "2019-11": 1,
            "2019-12": 1,
            "2020-01": 1,
            "2020-02": 1,
            "2020-03": 1,
            "2020-04": 1
        },
        "45": {
            "2020-05": 1,
            "2020-06": 1,
            "2020-07": 1,
            "2020-08": 1,
            "2020-09": 1,
            "2020-10": 1,
            "2020-11": 1,
            "2020-12": 1
        },
        "46": {
            "2021-01": 1,
            "2021-02": 1,
            "2021-03": 1,
            "2021-04": 1,
            "2021-05": 1,
            "2021-08": 1
        },
        "49": {
            "2023-06": 2
        },
        "5": {
            "2022-09": 1,
            "2022-10": 1,
            "2022-11": 1
        },
        "53": {
            "2018-01": 1,
            "2018-02": 2,
            "2018-03": 2,
            "2018-04": 2,
            "2018-05": 2,
            "2018-06": 2,
            "2018-07": 2
        },
        "54": {
            "2018-08": 4,
            "2018-09": 4,
            "2018-10": 4,
            "2018-11": 4,
            "2018-12": 4,
            "2019-01": 4
        },
        "55": {
            "2019-02": 2,
            "2019-03": 2,
            "2019-04": 2,
            "2019-05": 2,
            "2019-06": 2,
            "2019-07": 3,
            "2019-08": 3,
            "2019-09": 3
        },
        "56": {
            "2019-10": 4,
            "2019-11": 4,
            "2019-12": 4,
            "2020-01": 4,
            "2020-02": 4,
            "2020-03": 4,
            "2020-04": 4,
            "2020-05": 4
        },
        "57": {
            "2020-06": 3,
            "2020-07": 3,
            "2020-08": 3,
            "2020-09": 3,
            "2020-10": 3,
            "2020-11": 3,
            "2020-12": 3,
            "2021-01": 3,
            "2021-02": 3,
            "2021-03": 3
        },
        "58": {
            "2021-04": 2,
            "2021-05": 1,
            "2021-06": 1,
            "2021-07": 1,
            "2021-08": 3,
            "2021-09": 3,
            "2021-10": 3,
            "2021-11": 3,
            "2021-12": 3
        },
        "59": {
            "2022-01": 2,
            "2022-02": 1,
            "2022-03": 1,
            "2022-04": 1,
            "2022-05": 1,
            "2022-06": 2
        },
        "60": {
            "2022-07": 1
        },
        "61": {
            "2023-04": 1,
            "2023-05": 1,
            "2023-06": 1,
            "2023-07": 1,
            "2023-08": 1,
            "2023-09": 1
        },
        "63": {
            "2024-07": 1,
            "2024-08": 1,
            "2024-09": 1,
            "2025-04": 1,
            "2025-05": 1
        },
        "64": {
            "2025-06": 2
        },
        "65": {
            "2018-01": 1,
            "2018-02": 2,
            "2018-03": 2,
            "2018-04": 2,
            "2018-05": 2,
            "2018-06": 2,
            "2018-07": 2,
            "2018-08": 2,
            "2018-09": 2,
            "2018-10": 2
        },
        "66": {
            "2019-01": 1,
            "2019-02": 2,
            "2019-03": 2,
            "2019-04": 1,
            "2019-05": 1
        },
        "67": {
            "2019-08": 5,
            "2019-09": 5,
            "2019-10": 4,
            "2019-11": 3,
            "2019-12": 1,
            "2020-01": 1,
            "2020-02": 1,
            "2020-03": 1,
            "2020-04": 1,
            "2020-05": 1,
            "2020-06": 4
        },
        "69": {
            "2021-05": 1,
            "2021-06": 1,
            "2021-07": 1,
            "2021-08": 1,
            "2021-09": 1,
            "2021-10": 1,
            "2021-11": 1
        },
        "7": {
            "2023-11": 2,
            "2023-12": 2,
            "2024-04": 2,
            "2024-05": 2,
            "2024-06": 2,
            "2024-07": 2
        },
        "70": {
            "2021-12": 2,
            "2022-01": 1,
            "2022-02": 1,
            "2022-03": 1,
            "2022-04": 1,
            "2022-05": 1,
            "2022-08": 1,
            "2022-09": 1,
            "2022-10": 1,
            "2022-11": 1
        },
        "72": {
            "2023-06": 1,
            "2023-08": 1,
            "2023-09": 2,
            "2023-10": 1,
            "2023-11": 1,
            "2023-12": 1,
            "2024-01": 1,
            "2024-02": 3,
            "2024-03": 3
        },
        "74": {
            "2025-04": 1,
            "2025-05": 1
        },
        "75": {
            "2018-01": 3,
            "2018-02": 3,
            "2018-03": 3,
            "2018-04": 3,
            "2018-05": 3,
            "2018-06": 3,
            "2018-07": 3
        },
        "76": {
            "2018-08": 5,
            "2018-09": 5,
            "2018-10": 4,
            "2018-11": 3,
            "2018-12": 4,
            "2019-01": 4
        },
        "77": {
            "2019-02": 3,
            "2019-03": 3,
            "2019-04": 3,
            "2019-05": 3,
            "2019-06": 3,
            "2019-07": 3
        },
        "78": {
            "2019-08": 2,
            "2019-09": 2,
            "2019-10": 2,
            "2019-11": 2,
            "2019-12": 2,
            "2020-01": 2,
            "2020-02": 2,
            "2020-03": 2
        },
        "79": {
            "2020-04": 3,
            "2020-05": 3,
            "2020-06": 3,
            "2021-02": 1,
            "2021-03": 1
        },
        "8": {
            "2024-08": 2,
            "2024-09": 2,
            "2025-01": 1,
            "2025-02": 2
        },
        "80": {
            "2021-04": 1,
            "2021-05": 1,
            "2021-06": 1
        },
        "81": {
            "2021-10": 2,
            "2021-11": 2,
            "2021-12": 2,
            "2022-07": 1,
            "2022-08": 1,
            "2022-09": 1
        },
        "82": {
            "2022-12": 1,
            "2023-01": 1,
            "2023-02": 1,
            "2023-03": 1,
            "2023-04": 1,
            "2023-09": 1
        },
        "84": {
            "2024-08": 2,
            "2024-09": 2,
            "2024-10": 2,
            "2024-11": 2,
            "2025-03": 1,
            "2025-04": 2
        },
        "85": {
            "2025-05": 1,
            "2025-06": 1
        },
        "86": {
            "2018-01": 4,
            "2018-02": 4,
            "2018-03": 5,
            "2018-04": 5,
            "2018-05": 6,
            "2018-06": 5,
            "2018-07": 5,
            "2018-08": 5,
            "2018-09": 5,
            "2018-10": 5,
            "2018-11": 5,
            "2018-12": 5
        },
        "87": {
            "2019-01": 4,
            "2019-02": 4,
            "2019-03": 2,
            "2019-04": 2,
            "2019-05": 2,
            "2019-06": 2,
            "2019-07": 2,
            "2019-08": 2
        },
        "89": {
            "2020-03": 2,
            "2020-04": 1,
            "2020-05": 2,
            "2020-06": 2,
            "2020-07": 2,
            "2020-08": 3,
            "2020-09": 1,
            "2020-11": 3
        },
        "9": {
            "2025-03": 1,
            "2025-04": 1
        },
        "90": {
            "2020-12": 4,
            "2021-01": 4,
            "2021-02": 4,
            "2021-03": 4,
            "2021-04": 4,
            "2021-05": 4,
            "2021-06": 4
        },
        "94": {
            "2023-06": 1,
            "2023-07": 1,
            "2023-08": 1,
            "2023-09": 1,
            "2023-10": 1,
            "2023-11": 1,
            "2023-12": 1,
            "2024-01": 1,
            "2024-02": 1
        },
        "95": {
            "2024-03": 2,
            "2024-12": 2
        },
        "96": {
            "2025-04": 1,
            "2025-05": 1
        },
        "98": {
            "2019-01": 2,
            "2019-02": 2,
            "2019-03": 2,
            "2019-06": 1,
            "2019-07": 3,
            "2019-08": 3,
            "2019-09": 3
        },
        "99": {
            "2019-10": 3,
            "2019-11": 3,
            "2019-12": 3,
            "2020-01": 3,
            "2020-02": 3,
            "2020-03": 4,
            "2020-04": 5,
            "2020-05": 5,
            "2020-06": 5
        }
    }
}