{
    "state_m": {
        "0": {
            "2019-11": {
                "M": 1
            },
            "2019-12": {
                "M": 1
            },
            "2020-01": {
                "M": 1
            },
            "2020-02": {
                "M": 1
            },
            "2020-03": {
                "M": 1
            },
            "2020-04": {
                "M": 1
            },
            "2024-06": {
                "M": 1
            },
            "2024-07": {
                "M": 1
            },
            "2024-08": {
                "M": 1
            },
            "2024-09": {
                "M": 1
            },
            "2024-10": {
                "M": 1
            },
            "2024-11": {
                "M": 1
            }
        },
        "1": {
            "2021-11": {
                "M": 1
            },
            "2021-12": {
                "M": 1
            },
            "2022-01": {
                "M": 1
            },
            "2022-02": {
                "M": 1
            },
            "2022-03": {
                "M": 1
            },
            "2022-04": {
                "M": 1
            }
        },
        "10": {
            "2020-01": {
                "M": 1
            },
            "2020-02": {
                "M": 1
            },
            "2020-03": {
                "M": 1
            },
            "2020-04": {
                "M": 1
            },
            "2020-05": {
                "M": 1
            },
            "2020-06": {
                "M": 1
            }
        },
        "11": {
            "2022-11": {
                "M": 1
            },
            "2022-12": {
                "M": 1
            },
            "2023-01": {
                "M": 1
            },
            "2023-02": {
                "M": 1
            },
            "2023-03": {
                "M": 1
            },
            "2023-04": {
                "M": 1
            }
        },
        "12": {
            "2021-10": {
                "M": 1
            },
            "2021-11": {
                "M": 1
            },
            "2021-12": {
                "M": 1
            },
            "2022-01": {
                "M": 1
            },
            "2022-02": {
                "M": 1
            },
            "2022-03": {
                "M": 1
            }
        },
        "13": {
            "2022-06": {
                "M": 1
            },
            "2022-07": {
                "M": 1
            },
            "2022-08": {
                "M": 1
            },
            "2022-09": {
                "M": 1
            },
            "2022-10": {
                "M": 1
            },
            "2022-11": {
                "M": 1
            }
        },
        "14": {
            "2022-06": {
                "M": 1
            },
            "2022-07": {
                "M": 1
            },
            "2022-08": {
                "M": 1
            },
            "2022-09": {
                "M": 1
            },
            "2022-10": {
                "M": 1
            },
            "2022-11": {
                "M": 1
            }
        },
        "15": {
            "2020-01": {
                "M": 1
            },
            "2020-02": {
                "M": 1
            },
            "2020-03": {
                "M": 1
            },
            "2020-04": {
                "M": 1
            },
            "2020-05": {
                "M": 1
            },
            "2020-06": {
                "M": 1
            },
            "2024-07": {
                "M": 1
            },
            "2024-08": {
                "M": 1
            },
            "2024-09": {
                "M": 1
            },
            "2024-10": {
                "M": 1
            },
            "2024-11": {
                "M": 1
            },
            "2024-12": {
                "M": 1
            }
        },
        "16": {
            "2018-09": {
                "M": 1
            },
            "2018-10": {
                "M": 1
            },
            "2018-11": {
                "M": 1
            },
            "2018-12": {
                "M": 1
            },
            "2019-01": {
                "M": 1
            },
            "2019-02": {
                "M": 1
            },
            "2024-02": {
                "M": 1
            },
            "2024-03": {
                "M": 1
            },
            "2024-04": {
                "M": 1
            },
            "2024-05": {
                "M": 1
            },
            "2024-06": {
                "M": 1
            },
            "2024-07": {
                "M": 1
            }
        },
        "17": {
            "2021-03": {
                "M": 1
            },
            "2021-04": {
                "M": 1
            },
            "2021-05": {
                "M": 1
            },
            "2021-06": {
                "M": 1
            },
            "2021-07": {
                "M": 1
            },
            "2021-08": {
                "M": 1
            }
        },
        "18": {
            "2021-09": {
                "M": 1
            },
            "2021-10": {
                "M": 1
            },
            "2021-11": {
                "M": 1
            },
            "2021-12": {
                "M": 1
            },
            "2022-01": {
                "M": 1
            },
            "2022-02": {
                "M": 1
            }
        },
        "19": {
            "2021-01": {
                "M": 1
            },
            "2021-02": {
                "M": 1
            },
            "2021-03": {
                "M": 1
            },
            "2021-04": {
                "M": 1
            },
            "2021-05": {
                "M": 1
            },
            "2021-06": {
                "M": 1
            }
        },
        "2": {
            "2021-10": {
                "M": 1
            },
            "2021-11": {
                "M": 1
            },
            "2021-12": {
                "M": 1
            },
            "2022-01": {
                "M": 1
            },
            "2022-02": {
                "M": 1
            },
            "2022-03": {
                "M": 1
            }
        },
        "20": {
            "2020-01": {
                "M": 1
            },
            "2020-02": {
                "M": 1
            },
            "2020-03": {
                "M": 1
            },
            "2020-04": {
                "M": 1
            },
            "2020-05": {
                "M": 1
            },
            "2020-06": {
                "M": 1
            }
        },
        "21": {
            "2019-03": {
                "M": 1
            },
            "2019-04": {
                "M": 1
            },
            "2019-05": {
                "M": 1
            },
            "2019-06": {
                "M": 1
            },
            "2019-07": {
                "M": 1
            },
            "2019-08": {
                "M": 1
            },
            "2024-05": {
                "M": 1
            },
            "2024-06": {
                "M": 1
            },
            "2024-07": {
                "M": 1
            },
            "2024-08": {
                "M": 1
            },
            "2024-09": {
                "M": 1
            },
            "2024-10": {
                "M": 1
            }
        },
        "22": {
            "2018-05": {
                "M": 1
            },
            "2018-06": {
                "M": 1
            },
            "2018-07": {
                "M": 1
            },
            "2018-08": {
                "M": 1
            },
            "2018-09": {
                "M": 1
            },
            "2018-10": {
                "M": 1
            },
            "2023-09": {
                "M": 1
            },
            "2023-10": {
                "M": 1
            },
            "2023-11": {
                "M": 1
            },
            "2023-12": {
                "M": 1
            },
            "2024-01": {
                "M": 1
            },
            "2024-02": {
                "M": 1
            }
        },
        "23": {
            "2018-01": {
                "M": 1
            },
            "2018-02": {
                "M": 1
            },
            "2018-03": {
                "M": 1
            },
            "2018-04": {
                "M": 1
            },
            "2018-05": {
                "M": 1
            },
            "2018-06": {
                "M": 1
            },
            "2023-06": {
                "M": 1
            },
            "2023-07": {
                "M": 1
            },
            "2023-08": {
                "M": 1
            },
            "2023-09": {
                "M": 1
            },
            "2023-10": {
                "M": 1
            },
            "2023-11": {
                "M": 1
            }
        },
        "24": {
            "2018-01": {
                "M": 1
            },
            "2018-02": {
                "M": 1
            },
            "2018-03": {
                "M": 1
            },
            "2022-12": {
                "M": 1
            },
            "2023-01": {
                "M": 1
            },
            "2023-02": {
                "M": 1
            },
            "2023-03": {
                "M": 1
            },
            "2023-04": {
                "M": 1
            },
            "2023-05": {
                "M": 1
            }
        },
        "25": {
            "2021-07": {
                "M": 1
            },
            "2021-08": {
                "M": 1
            },
            "2021-09": {
                "M": 1
            },
            "2021-10": {
                "M": 1
            },
            "2021-11": {
                "M": 1
            },
            "2021-12": {
                "M": 1
            }
        },
        "26": {
            "2020-08": {
                "M": 1
            },
            "2020-09": {
                "M": 1
            },
            "2020-10": {
                "M": 1
            },
            "2020-11": {
                "M": 1
            },
            "2020-12": {
                "M": 1
            },
            "2021-01": {
                "M": 1
            }
        },
        "27": {
            "2018-04": {
                "M": 1
            },
            "2018-05": {
                "M": 1
            },
            "2018-06": {
                "M": 1
            },
            "2018-07": {
                "M": 1
            },
            "2018-08": {
                "M": 1
            },
            "2018-09": {
                "M": 1
            },
            "2023-06": {
                "M": 1
            },
            "2023-07": {
                "M": 1
            },
            "2023-08": {
                "M": 1
            },
            "2023-09": {
                "M": 1
            },
            "2023-10": {
                "M": 1
            },
            "2023-11": {
                "M": 1
            }
        },
        "28": {
            "2019-07": {
                "M": 1
            },
            "2019-08": {
                "M": 1
            },
            "2019-09": {
                "M": 1
            },
            "2019-10": {
                "M": 1
            },
            "2019-11": {
                "M": 1
            },
            "2019-12": {
                "M": 1
            },
            "2024-03": {
                "M": 1
            },
            "2024-04": {
                "M": 1
            },
            "2024-05": {
                "M": 1
            },
            "2024-06": {
                "M": 1
            },
            "2024-07": {
                "M": 1
            },
            "2024-08": {
                "M": 1
            }
        },
        "29": {
            "2021-01": {
                "M": 1
            },
            "2021-02": {
                "M": 1
            },
            "2021-03": {
                "M": 1
            },
            "2021-04": {
                "M": 1
            },
            "2021-05": {
                "M": 1
            },
            "2021-06": {
                "M": 1
            },
            "2025-04": {
                "M": 1
            },
            "2025-05": {
                "M": 1
            },
            "2025-06": {
                "M": 1
            }
        },
        "3": {
            "2019-08": {
                "M": 1
            },
            "2019-09": {
                "M": 1
            },
            "2019-10": {
                "M": 1
            },
            "2019-11": {
                "M": 1
            },
            "2019-12": {
                "M": 1
            },
            "2020-01": {
                "M": 1
            },
            "2024-10": {
                "M": 1
            },
            "2024-11": {
                "M": 1
            },
            "2024-12": {
                "M": 1
            },
            "2025-01": {
                "M": 1
            },
            "2025-02": {
                "M": 1
            },
            "2025-03": {
                "M": 1
            }
        },
        "30": {
            "2018-11": {
                "M": 1
            },
            "2018-12": {
                "M": 1
            },
            "2019-01": {
                "M": 1
            },
            "2019-02": {
                "M": 1
            },
            "2019-03": {
                "M": 1
            },
            "2019-04": {
                "M": 1
            },
            "2023-05": {
                "M": 1
            },
            "2023-06": {
                "M": 1
            },
            "2023-07": {
                "M": 1
            },
            "2023-08": {
                "M": 1
            },
            "2023-09": {
                "M": 1
            },
            "2023-10": {
                "M": 1
            }
        },
        "31": {
            "2018-07": {
                "M": 1
            },
            "2018-08": {
                "M": 1
            },
            "2018-09": {
                "M": 1
            },
            "2018-10": {
                "M": 1
            },
            "2018-11": {
                "M": 1
            },
            "2018-12": {
                "M": 1
            },
            "2023-04": {
                "M": 1
            },
            "2023-05": {
                "M": 1
            },
            "2023-06": {
                "M": 1
            },
            "2023-07": {
                "M": 1
            },
            "2023-08": {
                "M": 1
            },
            "2023-09": {
                "M": 1
            }
        },
        "32": {
            "2018-10": {
                "M": 1
            },
            "2018-11": {
                "M": 1
            },
            "2018-12": {
                "M": 1
            },
            "2019-01": {
                "M": 1
            },
            "2019-02": {
                "M": 1
            },
            "2019-03": {
                "M": 1
            },
            "2024-02": {
                "M": 1
            },
            "2024-03": {
                "M": 1
            },
            "2024-04": {
                "M": 1
            },
            "2024-05": {
                "M": 1
            },
            "2024-06": {
                "M": 1
            },
            "2024-07": {
                "M": 1
            }
        },
        "33": {
            "2018-01": {
                "M": 1
            },
            "2018-02": {
                "M": 1
            },
            "2018-03": {
                "M": 1
            },
            "2022-01": {
                "M": 1
            },
            "2022-02": {
                "M": 1
            },
            "2022-03": {
                "M": 1
            },
            "2022-04": {
                "M": 1
            },
            "2022-05": {
                "M": 1
            },
            "2022-06": {
                "M": 1
            }
        },
        "34": {
            "2019-04": {
                "M": 1
            },
            "2019-05": {
                "M": 1
            },
            "2019-06": {
                "M": 1
            },
            "2019-07": {
                "M": 1
            },
            "2019-08": {
                "M": 1
            },
            "2019-09": {
                "M": 1
            },
            "2024-09": {
                "M": 1
            },
            "2024-10": {
                "M": 1
            },
            "2024-11": {
                "M": 1
            },
            "2024-12": {
                "M": 1
            },
            "2025-01": {
                "M": 1
            },
            "2025-02": {
                "M": 1
            }
        },
        "35": {
            "2020-06": {
                "M": 1
            },
            "2020-07": {
                "M": 1
            },
            "2020-08": {
                "M": 1
            },
            "2020-09": {
                "M": 1
            },
            "2020-10": {
                "M": 1
            },
            "2020-11": {
                "M": 1
            }
        },
        "36": {
            "2022-03": {
                "M": 1
            },
            "2022-04": {
                "M": 1
            },
            "2022-05": {
                "M": 1
            },
            "2022-06": {
                "M": 1
            },
            "2022-07": {
                "M": 1
            },
            "2022-08": {
                "M": 1
            }
        },
        "37": {
            "2020-02": {
                "M": 1
            },
            "2020-03": {
                "M": 1
            },
            "2020-04": {
                "M": 1
            },
            "2020-05": {
                "M": 1
            },
            "2020-06": {
                "M": 1
            },
            "2020-07": {
                "M": 1
            }
        },
        "38": {
            "2022-10": {
                "M": 1
            },
            "2022-11": {
                "M": 1
            },
            "2022-12": {
                "M": 1
            },
            "2023-01": {
                "M": 1
            },
            "2023-02": {
                "M": 1
            },
            "2023-03": {
                "M": 1
            }
        },
        "39": {
            "2019-01": {
                "M": 1
            },
            "2019-02": {
                "M": 1
            },
            "2019-03": {
                "M": 1
            },
            "2019-04": {
                "M": 1
            },
            "2019-05": {
                "M": 1
            },
            "2019-06": {
                "M": 1
            },
            "2024-06": {
                "M": 1
            },
            "2024-07": {
                "M": 1
            },
            "2024-08": {
                "M": 1
            },
            "2024-09": {
                "M": 1
            },
            "2024-10": {
                "M": 1
            },
            "2024-11": {
                "M": 1
            }
        },
        "4": {
            "2018-01": {
                "M": 1
            },
            "2018-02": {
                "M": 1
            },
            "2018-03": {
                "M": 1
            },
            "2018-04": {
                "M": 1
            },
            "2018-05": {
                "M": 1
            },
            "2018-06": {
                "M": 1
            },
            "2022-04": {
                "M": 1
            },
            "2022-05": {
                "M": 1
            },
            "2022-06": {
                "M": 1
            },
            "2022-07": {
                "M": 1
            },
            "2022-08": {
                "M": 1
            },
            "2022-09": {
                "M": 1
            }
        },
        "40": {
            "2022-01": {
                "M": 1
            },
            "2022-02": {
                "M": 1
            },
            "2022-03": {
                "M": 1
            },
            "2022-04": {
                "M": 1
            },
            "2022-05": {
                "M": 1
            },
            "2022-06": {
                "M": 1
            }
        },
        "41": {
            "2021-09": {
                "M": 1
            },
            "2021-10": {
                "M": 1
            },
            "2021-11": {
                "M": 1
            },
            "2021-12": {
                "M": 1
            },
            "2022-01": {
                "M": 1
            },
            "2022-02": {
                "M": 1
            }
        },
        "42": {
            "2020-05": {
                "M": 1
            },
            "2020-06": {
                "M": 1
            },
            "2020-07": {
                "M": 1
            },
            "2020-08": {
                "M": 1
            },
            "2020-09": {
                "M": 1
            },
            "2020-10": {
                "M": 1
            }
        },
        "43": {
            "2021-06": {
                "M": 1
            },
            "2021-07": {
                "M": 1
            },
            "2021-08": {
                "M": 1
            },
            "2021-09": {
                "M": 1
            },
            "2021-10": {
                "M": 1
            },
            "2021-11": {
                "M": 1
            }
        },
        "44": {
            "2019-07": {
                "M": 1
            },
            "2019-08": {
                "M": 1
            },
            "2019-09": {
                "M": 1
            },
            "2019-10": {
                "M": 1
            },
            "2019-11": {
                "M": 1
            },
            "2019-12": {
                "M": 1
            },
            "2024-08": {
                "M": 1
            },
            "2024-09": {
                "M": 1
            },
            "2024-10": {
                "M": 1
            },
            "2024-11": {
                "M": 1
            },
            "2024-12": {
                "M": 1
            },
            "2025-01": {
                "M": 1
            }
        },
        "45": {
            "2021-07": {
                "M": 1
            },
            "2021-08": {
                "M": 1
            },
            "2021-09": {
                "M": 1
            },
            "2021-10": {
                "M": 1
            },
            "2021-11": {
                "M": 1
            },
            "2021-12": {
                "M": 1
            }
        },
        "46": {
            "2019-11": {
                "M": 1
            },
            "2019-12": {
                "M": 1
            },
            "2020-01": {
                "M": 1
            },
            "2020-02": {
                "M": 1
            },
            "2020-03": {
                "M": 1
            },
            "2020-04": {
                "M": 1
            },
            "2024-12": {
                "M": 1
            },
            "2025-01": {
                "M": 1
            },
            "2025-02": {
                "M": 1
            },
            "2025-03": {
                "M": 1
            },
            "2025-04": {
                "M": 1
            },
            "2025-05": {
                "M": 1
            }
        },
        "47": {
            "2019-05": {
                "M": 1
            },
            "2019-06": {
                "M": 1
            },
            "2019-07": {
                "M": 1
            },
            "2019-08": {
                "M": 1
            },
            "2019-09": {
                "M": 1
            },
            "2019-10": {
                "M": 1
            },
            "2024-04": {
                "M": 1
            },
            "2024-05": {
                "M": 1
            },
            "2024-06": {
                "M": 1
            },
            "2024-07": {
                "M": 1
            },
            "2024-08": {
                "M": 1
            },
            "2024-09": {
                "M": 1
            }
        },
        "48": {
            "2020-10": {
                "M": 1
            },
            "2020-11": {
                "M": 1
            },
            "2020-12": {
                "M": 1
            },
            "2021-01": {
                "M": 1
            },
            "2021-02": {
                "M": 1
            },
            "2021-03": {
                "M": 1
            }
        },
        "49": {
            "2022-08": {
                "M": 1
            },
            "2022-09": {
                "M": 1
            },
            "2022-10": {
                "M": 1
            },
            "2022-11": {
                "M": 1
            },
            "2022-12": {
                "M": 1
            },
            "2023-01": {
                "M": 1
            }
        },
        "5": {
            "2019-07": {
                "M": 1
            },
            "2019-08": {
                "M": 1
            },
            "2019-09": {
                "M": 1
            },
            "2019-10": {
                "M": 1
            },
            "2019-11": {
                "M": 1
            },
            "2019-12": {
                "M": 1
            },
            "2024-12": {
                "M": 1
            },
            "2025-01": {
                "M": 1
            },
            "2025-02": {
                "M": 1
            },
            "2025-03": {
                "M": 1
            },
            "2025-04": {
                "M": 1
            },
            "2025-05": {
                "M": 1
            }
        },
        "50": {
            "2021-01": {
                "M": 1
            },
            "2021-02": {
                "M": 1
            },
            "2021-03": {
                "M": 1
            },
            "2021-04": {
                "M": 1
            },
            "2021-05": {
                "M": 1
            },
            "2021-06": {
                "M": 1
            }
        },
        "51": {
            "2021-08": {
                "M": 1
            },
            "2021-09": {
                "M": 1
            },
            "2021-10": {
                "M": 1
            },
            "2021-11": {
                "M": 1
            },
            "2021-12": {
                "M": 1
            },
            "2022-01": {
                "M": 1
            }
        },
        "52": {
            "2018-03": {
                "M": 1
            },
            "2018-04": {
                "M": 1
            },
            "2018-05": {
                "M": 1
            },
            "2018-06": {
                "M": 1
            },
            "2018-07": {
                "M": 1
            },
            "2018-08": {
                "M": 1
            },
            "2023-08": {
                "M": 1
            },
            "2023-09": {
                "M": 1
            },
            "2023-10": {
                "M": 1
            },
            "2023-11": {
                "M": 1
            },
            "2023-12": {
                "M": 1
            },
            "2024-01": {
                "M": 1
            }
        },
        "53": {
            "2018-01": {
                "M": 1
            },
            "2018-02": {
                "M": 1
            },
            "2018-03": {
                "M": 1
            },
            "2018-04": {
                "M": 1
            },
            "2018-05": {
                "M": 1
            },
            "2018-06": {
                "M": 1
            },
            "2022-08": {
                "M": 1
            },
            "2022-09": {
                "M": 1
            },
            "2022-10": {
                "M": 1
            },
            "2022-11": {
                "M": 1
            },
            "2022-12": {
                "M": 1
            },
            "2023-01": {
                "M": 1
            }
        },
        "54": {
            "2018-01": {
                "M": 1
            },
            "2018-02": {
                "M": 1
            },
            "2018-03": {
                "M": 1
            },
            "2023-01": {
                "M": 1
            },
            "2023-02": {
                "M": 1
            },
            "2023-03": {
                "M": 1
            },
            "2023-04": {
                "M": 1
            },
            "2023-05": {
                "M": 1
            },
            "2023-06": {
                "M": 1
            }
        },
        "55": {
            "2019-06": {
                "M": 1
            },
            "2019-07": {
                "M": 1
            },
            "2019-08": {
                "M": 1
            },
            "2019-09": {
                "M": 1
            },
            "2019-10": {
                "M": 1
            },
            "2019-11": {
                "M": 1
            },
            "2023-09": {
                "M": 1
            },
            "2023-10": {
                "M": 1
            },
            "2023-11": {
                "M": 1
            },
            "2023-12": {
                "M": 1
            },
            "2024-01": {
                "M": 1
            },
            "2024-02": {
                "M": 1
            }
        },
        "56": {
            "2018-01": {
                "M": 1
            },
            "2022-07": {
                "M": 1
            },
            "2022-08": {
                "M": 1
            },
            "2022-09": {
                "M": 1
            },
            "2022-10": {
                "M": 1
            },
            "2022-11": {
                "M": 1
            },
            "2022-12": {
                "M": 1
            }
        },
        "57": {
            "2019-06": {
                "M": 1
            },
            "2019-07": {
                "M": 1
            },
            "2019-08": {
                "M": 1
            },
            "2019-09": {
                "M": 1
            },
            "2019-10": {
                "M": 1
            },
            "2019-11": {
                "M": 1
            },
            "2024-06": {
                "M": 1
            },
            "2024-07": {
                "M": 1
            },
            "2024-08": {
                "M": 1
            },
            "2024-09": {
                "M": 1
            },
            "2024-10": {
                "M": 1
            },
            "2024-11": {
                "M": 1
            }
        },
        "58": {
            "2021-05": {
                "M": 1
            },
            "2021-06": {
                "M": 1
            },
            "2021-07": {
                "M": 1
            },
            "2021-08": {
                "M": 1
            },
            "2021-09": {
                "M": 1
            },
            "2021-10": {
                "M": 1
            }
        },
        "59": {
            "2020-08": {
                "M": 1
            },
            "2020-09": {
                "M": 1
            },
            "2020-10": {
                "M": 1
            },
            "2020-11": {
                "M": 1
            },
            "2020-12": {
                "M": 1
            },
            "2021-01": {
                "M": 1
            },
            "2024-11": {
                "M": 1
            },
            "2024-12": {
                "M": 1
            },
            "2025-01": {
                "M": 1
            },
            "2025-02": {
                "M": 1
            },
            "2025-03": {
                "M": 1
            },
            "2025-04": {
                "M": 1
            }
        },
        "6": {
            "2019-10": {
                "M": 1
            },
            "2019-11": {
                "M": 1
            },
            "2019-12": {
                "M": 1
            },
            "2020-01": {
                "M": 1
            },
            "2020-02": {
                "M": 1
            },
            "2020-03": {
                "M": 1
            },
            "2024-10": {
                "M": 1
            },
            "2024-11": {
                "M": 1
            },
            "2024-12": {
                "M": 1
            },
            "2025-01": {
                "M": 1
            },
            "2025-02": {
                "M": 1
            },
            "2025-03": {
                "M": 1
            }
        },
        "7": {
            "2019-12": {
                "M": 1
            },
            "2020-01": {
                "M": 1
            },
            "2020-02": {
                "M": 1
            },
            "2020-03": {
                "M": 1
            },
            "2020-04": {
                "M": 1
            },
            "2020-05": {
                "M": 1
            },
            "2025-05": {
                "M": 1
            },
            "2025-06": {
                "M": 1
            }
        },
        "8": {
            "2020-02": {
                "M": 1
            },
            "2020-03": {
                "M": 1
            },
            "2020-04": {
                "M": 1
            },
            "2020-05": {
                "M": 1
            },
            "2020-06": {
                "M": 1
            },
            "2020-07": {
                "M": 1
            },
            "2024-12": {
                "M": 1
            },
            "2025-01": {
                "M": 1
            },
            "2025-02": {
                "M": 1
            },
            "2025-03": {
                "M": 1
            },
            "2025-04": {
                "M": 1
            },
            "2025-05": {
                "M": 1
            }
        },
        "9": {
            "2020-04": {
                "M": 1
            },
            "2020-05": {
                "M": 1
            },
            "2020-06": {
                "M": 1
            },
            "2020-07": {
                "M": 1
            },
            "2020-08": {
                "M": 1
            },
            "2020-09": {
                "M": 1
            }
        }
    },
    "task": {
        "0": {
            "2018-10": "1",
            "2018-11": "1",
            "2018-12": "1",
            "2019-01": "1",
            "2019-02": "1",
            "2019-03": "1",
            "2021-07": "5",
            "2021-08": "5",
            "2021-09": "5",
            "2021-10": "5",
            "2021-11": "5",
            "2021-12": "5"
        },
        "1": {
            "2020-01": "3",
            "2020-02": "3",
            "2020-03": "3",
            "2020-04": "3",
            "2020-05": "3",
            "2020-06": "3",
            "2020-07": "3",
            "2022-05": "6",
            "2022-06": "6",
            "2022-07": "6",
            "2022-08": "6",
            "2022-09": "6",
            "2022-10": "6",
            "2025-04": "10",
            "2025-05": "10",
            "2025-06": "10"
        },
        "10": {
            "2021-07": "16",
            "2021-08": "16",
            "2021-09": "16",
            "2021-10": "16",
            "2021-11": "16",
            "2021-12": "16",
            "2024-12": "21",
            "2025-01": "21",
            "2025-02": "21",
            "2025-03": "21",
            "2025-04": "21",
            "2025-05": "21",
            "2025-06": "21"
        },
        "11": {
            "2019-08": "13",
            "2019-09": "13",
            "2019-10": "13",
            "2019-11": "13",
            "2019-12": "13",
            "2020-01": "13",
            "2020-02": "13",
            "2020-03": "13",
            "2020-04": "13",
            "2023-07": "19",
            "2023-08": "19",
            "2023-09": "19",
            "2023-10": "19",
            "2023-11": "19",
            "2023-12": "19",
            "2024-01": "19",
            "2024-02": "19",
            "2024-03": "19",
            "2024-04": "19"
        },
        "12": {
            "2018-01": "22",
            "2018-02": "22",
            "2018-03": "22",
            "2018-04": "22",
            "2018-05": "22",
            "2019-06": "24",
            "2019-07": "24",
            "2019-08": "24",
            "2019-09": "24",
            "2019-10": "24",
            "2019-11": "24",
            "2019-12": "24",
            "2020-01": "24",
            "2020-02": "24",
            "2020-03": "24",
            "2020-04": "24",
            "2020-08": "25",
            "2020-09": "25",
            "2020-10": "25"
        },
        "13": {
            "2018-01": "22",
            "2018-02": "22",
            "2018-03": "22",
            "2018-04": "22",
            "2018-05": "22",
            "2018-06": "22",
            "2019-03": "23",
            "2019-04": "23",
            "2019-05": "23",
            "2021-12": "27",
            "2022-01": "27",
            "2022-02": "27",
            "2022-03": "27",
            "2022-04": "27",
            "2022-12": "29",
            "2023-01": "29",
            "2023-02": "29",
            "2023-03": "29",
            "2023-04": "29",
            "2023-05": "29"
        },
        "14": {
            "2018-01": "22",
            "2018-10": "23",
            "2018-11": "23",
            "2018-12": "23",
            "2019-01": "23",
            "2019-02": "23",
            "2019-03": "23",
            "2019-04": "23",
            "2019-05": "23",
            "2021-09": "27",
            "2021-10": "27",
            "2021-11": "27",
            "2021-12": "27",
            "2022-01": "27",
            "2022-02": "27",
            "2022-03": "27",
            "2022-04": "27",
            "2022-12": "29",
            "2023-01": "29",
            "2023-02": "29",
            "2023-03": "29",
            "2023-04": "29",
            "2023-05": "29"
        },
        "15": {
            "2018-02": "22",
            "2018-03": "22",
            "2018-04": "22",
            "2018-05": "22",
            "2018-06": "22",
            "2019-06": "24",
            "2019-07": "24",
            "2019-08": "24",
            "2019-09": "24",
            "2019-10": "24",
            "2019-11": "24",
            "2019-12": "24",
            "2021-02": "26",
            "2021-03": "26",
            "2021-04": "26",
            "2021-05": "26",
            "2021-06": "26",
            "2021-07": "26",
            "2021-08": "26",
            "2021-09": "27",
            "2021-10": "27",
            "2021-11": "27",
            "2021-12": "27",
            "2022-01": "27",
            "2022-02": "27",
            "2022-03": "27",
            "2022-04": "27"
        },
        "16": {
            "2018-01": "22",
            "2018-02": "22",
            "2018-03": "22",
            "2018-04": "22",
            "2020-05": "25",
            "2020-06": "25",
            "2020-07": "25",
            "2020-08": "25",
            "2020-09": "25",
            "2020-10": "25",
            "2020-11": "25",
            "2020-12": "25",
            "2021-01": "25",
            "2022-05": "28",
            "2022-06": "28",
            "2022-07": "28",
            "2022-08": "28",
            "2022-09": "28",
            "2022-10": "28",
            "2022-11": "28",
            "2025-03": "32",
            "2025-04": "32",
            "2025-05": "32",
            "2025-06": "32"
        },
        "17": {
            "2018-02": "22",
            "2018-03": "22",
            "2018-04": "22",
            "2018-05": "22",
            "2018-06": "22",
            "2018-07": "22",
            "2018-08": "22",
            "2018-09": "22",
            "2019-04": "23",
            "2019-05": "23",
            "2020-05": "25",
            "2020-06": "25",
            "2020-07": "25",
            "2020-08": "25",
            "2020-09": "25",
            "2020-10": "25",
            "2021-09": "27",
            "2021-10": "27",
            "2021-11": "27"
        },
        "18": {
            "2018-09": "34",
            "2018-10": "34",
            "2018-11": "34",
            "2018-12": "34",
            "2019-01": "34",
            "2019-02": "34",
            "2020-05": "37",
            "2020-06": "37",
            "2020-07": "37",
            "2020-08": "37",
            "2020-09": "37",
            "2020-10": "37",
            "2020-11": "37",
            "2020-12": "37",
            "2021-01": "37",
            "2023-12": "43",
            "2024-01": "43",
            "2024-02": "43",
            "2024-03": "43",
            "2024-04": "43",
            "2024-05": "43",
            "2024-06": "43",
            "2024-07": "43",
            "2024-08": "43",
            "2024-09": "43",
            "2024-10": "43",
            "2024-11": "44",
            "2024-12": "44",
            "2025-01": "44",
            "2025-02": "44",
            "2025-03": "44",
            "2025-04": "44",
            "2025-05": "44",
            "2025-06": "44"
        },
        "19": {
            "2018-01": "33",
            "2018-02": "33",
            "2018-03": "33",
            "2018-04": "33",
            "2018-09": "34",
            "2018-10": "34",
            "2018-11": "34",
            "2018-12": "34",
            "2019-01": "34",
            "2019-02": "34",
            "2019-03": "35",
            "2019-04": "35",
            "2019-05": "35",
            "2019-06": "35",
            "2019-07": "35",
            "2019-08": "35",
            "2019-09": "35",
            "2021-11": "39",
            "2021-12": "39",
            "2022-01": "39",
            "2023-06": "42",
            "2023-07": "42",
            "2023-08": "42",
            "2023-09": "42",
            "2023-10": "42",
            "2023-11": "42",
            "2023-12": "43",
            "2024-01": "43",
            "2024-02": "43",
            "2024-03": "43",
            "2024-04": "43",
            "2024-05": "43"
        },
        "2": {
            "2018-01": "0",
            "2018-02": "0",
            "2018-03": "0",
            "2018-04": "0",
            "2018-05": "0",
            "2018-06": "0",
            "2018-07": "0",
            "2018-08": "0",
            "2018-09": "0",
            "2020-08": "4",
            "2020-09": "4",
            "2020-10": "4",
            "2020-11": "4",
            "2022-11": "7",
            "2022-12": "7",
            "2023-01": "7",
            "2023-02": "7",
            "2023-03": "7",
            "2023-04": "7",
            "2023-11": "8",
            "2023-12": "8",
            "2024-01": "8",
            "2024-02": "8",
            "2024-03": "8",
            "2024-04": "8",
            "2024-05": "8",
            "2024-06": "8",
            "2024-07": "8",
            "2024-08": "8",
            "2024-09": "8",
            "2024-10": "9",
            "2024-11": "9",
            "2024-12": "9",
            "2025-01": "9",
            "2025-02": "9",
            "2025-03": "9"
        },
        "20": {
            "2018-01": "33",
            "2018-02": "33",
            "2018-03": "33",
            "2018-04": "33",
            "2018-05": "33",
            "2018-06": "33",
            "2018-07": "33",
            "2018-08": "33",
            "2024-11": "44",
            "2024-12": "44",
            "2025-01": "44",
            "2025-02": "44",
            "2025-03": "44",
            "2025-04": "44",
            "2025-05": "44",
            "2025-06": "44"
        },
        "21": {
            "2018-05": "33",
            "2018-06": "33",
            "2018-07": "33",
            "2018-08": "33",
            "2021-09": "39",
            "2021-10": "39",
            "2021-11": "39",
            "2022-04": "40",
            "2022-05": "40",
            "2022-06": "40",
            "2022-07": "40",
            "2022-08": "40",
            "2022-09": "40",
            "2022-10": "40",
            "2023-05": "42",
            "2023-06": "42",
            "2023-07": "42",
            "2023-08": "42",
            "2023-09": "42",
            "2023-10": "42",
            "2024-11": "44",
            "2024-12": "44",
            "2025-01": "44",
            "2025-02": "44",
            "2025-03": "44",
            "2025-04": "44",
            "2025-05": "44",
            "2025-06": "44"
        },
        "22": {
            "2021-02": "38",
            "2021-03": "38",
            "2021-04": "38",
            "2021-05": "38",
            "2021-06": "38",
            "2021-07": "38",
            "2021-08": "38",
            "2021-09": "39",
            "2021-10": "39",
            "2021-12": "39",
            "2022-01": "39",
            "2022-02": "39",
            "2022-03": "39",
            "2022-08": "40",
            "2022-09": "40",
            "2022-10": "40",
            "2022-11": "41",
            "2022-12": "41",
            "2023-01": "41",
            "2024-05": "43",
            "2024-06": "43",
            "2024-07": "43",
            "2024-08": "43",
            "2024-09": "43",
            "2024-10": "43"
        },
        "23": {
            "2021-02": "38",
            "2021-03": "38",
            "2021-04": "38",
            "2021-05": "38",
            "2021-06": "38",
            "2021-07": "38",
            "2021-08": "38",
            "2021-09": "39",
            "2021-10": "39",
            "2021-11": "39",
            "2021-12": "39",
            "2022-08": "40",
            "2022-09": "40",
            "2022-10": "40",
            "2022-11": "41",
            "2022-12": "41",
            "2023-01": "41",
            "2023-02": "41",
            "2023-03": "41",
            "2023-04": "41"
        },
        "24": {
            "2022-01": "6",
            "2022-02": "6",
            "2022-03": "6",
            "2022-04": "6",
            "2022-05": "6",
            "2022-06": "6",
            "2022-07": "6",
            "2022-08": "6",
            "2022-09": "6",
            "2022-10": "6",
            "2024-10": "9",
            "2024-11": "9",
            "2024-12": "9",
            "2025-01": "9",
            "2025-02": "9",
            "2025-03": "9",
            "2025-04": "10",
            "2025-05": "10",
            "2025-06": "10"
        },
        "25": {
            "2019-11": "36",
            "2019-12": "36",
            "2020-01": "36",
            "2020-02": "36",
            "2020-03": "36",
            "2020-04": "36",
            "2021-04": "38",
            "2021-05": "38",
            "2021-06": "38",
            "2023-12": "43",
            "2024-01": "43",
            "2024-02": "43",
            "2024-03": "43",
            "2024-04": "43",
            "2024-05": "43",
            "2024-06": "43",
            "2024-07": "43",
            "2024-11": "44",
            "2024-12": "44",
            "2025-01": "44",
            "2025-02": "44",
            "2025-03": "44",
            "2025-04": "44",
            "2025-05": "44",
            "2025-06": "44"
        },
        "26": {
            "2021-07": "5",
            "2021-08": "5",
            "2022-11": "7",
            "2022-12": "7",
            "2023-01": "7",
            "2023-02": "7",
            "2023-03": "7",
            "2023-04": "7",
            "2023-05": "7",
            "2023-06": "7",
            "2023-07": "7",
            "2023-08": "7",
            "2023-09": "7",
            "2023-10": "7",
            "2023-11": "8",
            "2023-12": "8",
            "2024-01": "8",
            "2024-02": "8",
            "2024-03": "8",
            "2024-04": "8",
            "2024-05": "8",
            "2024-06": "8",
            "2024-07": "8",
            "2024-08": "8",
            "2024-09": "8"
        },
        "27": {
            "2021-05": "4",
            "2021-06": "4",
            "2021-07": "5",
            "2021-08": "5",
            "2021-09": "5",
            "2021-10": "5",
            "2021-11": "5",
            "2021-12": "5",
            "2022-01": "6",
            "2022-02": "6",
            "2022-03": "6",
            "2022-04": "6",
            "2022-08": "6",
            "2022-09": "6",
            "2022-10": "6",
            "2024-10": "9",
            "2024-11": "9",
            "2024-12": "9",
            "2025-01": "9",
            "2025-02": "9",
            "2025-03": "9"
        },
        "28": {
            "2020-01": "3",
            "2020-02": "3",
            "2020-03": "3",
            "2020-04": "3",
            "2020-05": "3",
            "2020-06": "3",
            "2020-07": "3",
            "2022-05": "6",
            "2022-06": "6",
            "2022-07": "6",
            "2022-08": "6",
            "2023-11": "8",
            "2023-12": "8",
            "2024-01": "8",
            "2024-02": "8"
        },
        "29": {
            "2018-04": "22",
            "2018-05": "22",
            "2018-06": "22",
            "2018-07": "22",
            "2018-08": "22",
            "2018-09": "22",
            "2018-10": "23",
            "2018-11": "23",
            "2018-12": "23",
            "2019-01": "23",
            "2019-02": "23",
            "2019-03": "23",
            "2019-04": "23",
            "2019-05": "23",
            "2020-05": "25",
            "2020-06": "25",
            "2020-07": "25",
            "2021-09": "27",
            "2021-10": "27",
            "2021-11": "27",
            "2021-12": "27",
            "2022-01": "27",
            "2022-05": "28",
            "2022-06": "28",
            "2022-07": "28",
            "2022-08": "28",
            "2022-09": "28",
            "2022-10": "28",
            "2022-11": "28"
        },
        "3": {
            "2018-12": "1",
            "2019-01": "1",
            "2019-02": "1",
            "2019-03": "1",
            "2019-04": "1",
            "2020-10": "4",
            "2020-11": "4",
            "2020-12": "4",
            "2021-01": "4",
            "2021-02": "4",
            "2021-03": "4",
            "2021-04": "4",
            "2021-05": "4",
            "2021-06": "4",
            "2021-07": "5",
            "2021-08": "5",
            "2021-09": "5",
            "2021-10": "5",
            "2021-11": "5",
            "2021-12": "5"
        },
        "30": {
            "2018-01": "11",
            "2018-02": "11",
            "2018-03": "11",
            "2018-04": "11",
            "2018-05": "11",
            "2018-06": "11",
            "2018-07": "11",
            "2018-08": "11",
            "2019-10": "13",
            "2019-11": "13",
            "2019-12": "13",
            "2020-01": "13",
            "2020-02": "13",
            "2020-03": "13",
            "2020-04": "13",
            "2022-01": "17",
            "2022-02": "17",
            "2022-03": "17",
            "2022-04": "17",
            "2022-05": "17",
            "2022-07": "17",
            "2022-08": "17",
            "2022-09": "17",
            "2022-10": "17",
            "2022-11": "17"
        },
        "31": {
            "2019-06": "24",
            "2019-07": "24",
            "2019-08": "24",
            "2019-09": "24",
            "2019-10": "24",
            "2019-11": "24",
            "2019-12": "24",
            "2020-01": "24",
            "2020-02": "24",
            "2020-03": "24",
            "2020-04": "24",
            "2021-02": "26",
            "2021-03": "26",
            "2021-04": "26",
            "2021-05": "26",
            "2021-06": "26",
            "2021-07": "26",
            "2021-08": "26",
            "2021-12": "27",
            "2022-01": "27",
            "2022-02": "27",
            "2022-03": "27",
            "2024-12": "31",
            "2025-01": "31",
            "2025-02": "31"
        },
        "32": {
            "2021-09": "5",
            "2021-10": "5",
            "2021-11": "5",
            "2021-12": "5",
            "2022-01": "6",
            "2022-02": "6",
            "2022-03": "6",
            "2022-04": "6",
            "2022-05": "6",
            "2022-06": "6",
            "2022-07": "6",
            "2022-08": "6",
            "2022-09": "6",
            "2022-10": "6",
            "2024-10": "9",
            "2024-11": "9",
            "2024-12": "9",
            "2025-01": "9",
            "2025-02": "9",
            "2025-03": "9",
            "2025-04": "10",
            "2025-05": "10",
            "2025-06": "10"
        },
        "33": {
            "2019-03": "35",
            "2019-04": "35",
            "2019-05": "35",
            "2019-06": "35",
            "2019-07": "35",
            "2019-08": "35",
            "2019-09": "35",
            "2019-10": "36",
            "2019-11": "36",
            "2019-12": "36",
            "2020-01": "36",
            "2020-02": "36",
            "2020-03": "36",
            "2020-04": "36",
            "2022-07": "40",
            "2022-08": "40",
            "2022-09": "40",
            "2022-10": "40",
            "2023-02": "41",
            "2023-03": "41",
            "2023-04": "41",
            "2023-12": "43",
            "2024-01": "43",
            "2024-02": "43",
            "2024-03": "43",
            "2024-04": "43",
            "2024-05": "43",
            "2024-06": "43",
            "2024-07": "43",
            "2024-08": "43",
            "2024-09": "43",
            "2024-10": "43"
        },
        "34": {
            "2018-09": "12",
            "2018-10": "12",
            "2018-11": "12",
            "2018-12": "12",
            "2019-01": "12",
            "2019-02": "12",
            "2019-03": "12",
            "2020-05": "14",
            "2020-06": "14",
            "2020-07": "14",
            "2020-08": "14",
            "2020-09": "14",
            "2020-10": "14",
            "2020-11": "14",
            "2022-04": "17",
            "2022-05": "17",
            "2022-06": "17",
            "2023-07": "19",
            "2023-08": "19",
            "2023-09": "19",
            "2023-10": "19",
            "2023-11": "19",
            "2023-12": "19",
            "2024-01": "19",
            "2024-02": "19",
            "2024-03": "19",
            "2024-04": "19"
        },
        "35": {
            "2019-05": "2",
            "2019-06": "2",
            "2019-07": "2",
            "2019-08": "2",
            "2019-09": "2",
            "2019-10": "2",
            "2019-11": "2",
            "2019-12": "2"
        },
        "36": {
            "2020-11": "25",
            "2020-12": "25",
            "2021-01": "25",
            "2021-02": "26",
            "2021-03": "26",
            "2021-04": "26",
            "2021-05": "26",
            "2021-06": "26",
            "2021-07": "26",
            "2021-08": "26",
            "2021-09": "27",
            "2021-10": "27",
            "2021-11": "27",
            "2021-12": "27",
            "2022-01": "27",
            "2024-03": "31",
            "2024-04": "31",
            "2024-05": "31",
            "2024-06": "31",
            "2024-07": "31",
            "2024-08": "31",
            "2024-09": "31",
            "2024-10": "31",
            "2024-11": "31",
            "2024-12": "31",
            "2025-01": "31"
        },
        "37": {
            "2019-02": "1",
            "2019-03": "1",
            "2019-04": "1",
            "2021-03": "4",
            "2021-04": "4",
            "2021-05": "4",
            "2021-06": "4",
            "2021-07": "5",
            "2021-08": "5",
            "2022-01": "6",
            "2022-02": "6",
            "2022-03": "6",
            "2022-04": "6",
            "2024-03": "8",
            "2024-04": "8",
            "2024-05": "8",
            "2025-04": "10",
            "2025-05": "10",
            "2025-06": "10"
        },
        "38": {
            "2018-09": "34",
            "2018-10": "34",
            "2018-11": "34",
            "2018-12": "34",
            "2019-01": "34",
            "2019-02": "34",
            "2019-03": "35",
            "2019-04": "35",
            "2019-05": "35",
            "2019-06": "35",
            "2019-07": "35",
            "2019-08": "35",
            "2019-09": "35",
            "2020-05": "37",
            "2020-06": "37",
            "2020-07": "37",
            "2020-08": "37",
            "2020-09": "37",
            "2020-10": "37",
            "2020-11": "37",
            "2020-12": "37",
            "2021-01": "37",
            "2023-12": "43",
            "2024-01": "43",
            "2024-02": "43",
            "2024-03": "43",
            "2024-04": "43",
            "2024-05": "43",
            "2024-06": "43",
            "2024-07": "43",
            "2024-08": "43",
            "2024-09": "43",
            "2024-10": "43"
        },
        "39": {
            "2018-10": "1",
            "2018-11": "1",
            "2020-08": "4",
            "2020-09": "4",
            "2020-10": "4",
            "2020-11": "4",
            "2020-12": "4",
            "2021-01": "4",
            "2021-02": "4",
            "2021-03": "4",
            "2021-04": "4",
            "2021-05": "4",
            "2021-06": "4",
            "2025-04": "10",
            "2025-05": "10",
            "2025-06": "10"
        },
        "4": {
            "2020-01": "3",
            "2020-02": "3",
            "2020-03": "3",
            "2020-04": "3",
            "2020-05": "3",
            "2020-06": "3",
            "2020-07": "3",
            "2020-08": "4",
            "2020-09": "4",
            "2020-10": "4",
            "2020-11": "4",
            "2020-12": "4",
            "2021-01": "4",
            "2021-02": "4",
            "2024-10": "9",
            "2024-11": "9",
            "2024-12": "9",
            "2025-01": "9",
            "2025-02": "9",
            "2025-03": "9",
            "2025-04": "10",
            "2025-05": "10",
            "2025-06": "10"
        },
        "40": {
            "2018-01": "11",
            "2018-02": "11",
            "2018-03": "11",
            "2018-04": "11",
            "2018-05": "11",
            "2018-06": "11",
            "2018-07": "11",
            "2018-08": "11",
            "2018-09": "12",
            "2018-10": "12",
            "2018-11": "12",
            "2018-12": "12",
            "2019-01": "12",
            "2019-02": "12",
            "2019-03": "12",
            "2019-04": "12",
            "2019-05": "12",
            "2019-06": "12",
            "2019-07": "12",
            "2020-05": "14",
            "2020-06": "14",
            "2020-07": "14",
            "2020-08": "14",
            "2020-09": "14",
            "2020-10": "14",
            "2020-11": "14",
            "2022-12": "18",
            "2023-01": "18",
            "2023-02": "18",
            "2023-03": "18",
            "2023-04": "18",
            "2023-05": "18",
            "2023-06": "18",
            "2023-07": "19",
            "2023-08": "19",
            "2023-09": "19",
            "2023-10": "19",
            "2023-11": "19",
            "2023-12": "19",
            "2024-01": "19",
            "2024-02": "19",
            "2024-03": "19",
            "2024-04": "19"
        },
        "41": {
            "2018-01": "22",
            "2018-06": "22",
            "2018-07": "22",
            "2018-08": "22",
            "2018-09": "22",
            "2020-11": "25",
            "2020-12": "25",
            "2021-01": "25",
            "2021-02": "26",
            "2021-03": "26",
            "2021-04": "26",
            "2021-05": "26",
            "2021-06": "26",
            "2021-07": "26",
            "2021-08": "26",
            "2022-12": "29",
            "2023-01": "29",
            "2023-02": "29",
            "2023-03": "29",
            "2023-04": "29",
            "2023-05": "29",
            "2023-06": "30",
            "2023-07": "30",
            "2023-08": "30",
            "2023-09": "30",
            "2023-10": "30",
            "2023-11": "30",
            "2023-12": "30",
            "2024-01": "30",
            "2024-02": "30",
            "2025-03": "32",
            "2025-04": "32",
            "2025-05": "32",
            "2025-06": "32"
        },
        "42": {
            "2018-01": "22",
            "2018-02": "22",
            "2018-03": "22",
            "2018-12": "23",
            "2019-01": "23",
            "2019-02": "23",
            "2019-06": "24",
            "2019-07": "24",
            "2019-08": "24",
            "2019-09": "24",
            "2019-10": "24",
            "2019-11": "24",
            "2019-12": "24",
            "2020-01": "24",
            "2020-02": "24",
            "2020-03": "24",
            "2020-04": "24",
            "2022-02": "27",
            "2022-03": "27",
            "2022-04": "27",
            "2022-12": "29",
            "2023-01": "29",
            "2023-02": "29",
            "2023-03": "29",
            "2023-04": "29",
            "2023-05": "29"
        },
        "43": {
            "2018-07": "22",
            "2018-08": "22",
            "2018-09": "22",
            "2018-10": "23",
            "2018-11": "23",
            "2018-12": "23",
            "2019-01": "23",
            "2019-02": "23",
            "2019-03": "23",
            "2020-05": "25",
            "2020-06": "25",
            "2020-07": "25",
            "2020-08": "25",
            "2020-09": "25",
            "2020-10": "25",
            "2020-11": "25",
            "2020-12": "25",
            "2021-01": "25",
            "2022-02": "27",
            "2022-03": "27",
            "2022-04": "27",
            "2022-12": "29",
            "2023-01": "29",
            "2023-02": "29",
            "2023-03": "29",
            "2023-04": "29",
            "2023-05": "29",
            "2023-06": "30",
            "2023-07": "30",
            "2023-08": "30",
            "2023-09": "30",
            "2023-10": "30",
            "2023-11": "30",
            "2023-12": "30",
            "2024-01": "30",
            "2024-02": "30"
        },
        "44": {
            "2020-01": "3",
            "2020-02": "3",
            "2020-03": "3",
            "2020-04": "3",
            "2020-05": "3",
            "2020-06": "3",
            "2020-07": "3",
            "2020-08": "4",
            "2020-09": "4",
            "2020-12": "4",
            "2021-01": "4",
            "2021-02": "4",
            "2021-03": "4",
            "2021-04": "4"
        },
        "45": {
            "2020-08": "4",
            "2020-09": "4",
            "2020-10": "4",
            "2020-11": "4",
            "2020-12": "4",
            "2021-01": "4",
            "2021-02": "4",
            "2021-03": "4",
            "2021-04": "4",
            "2021-05": "4",
            "2021-06": "4",
            "2024-02": "8",
            "2024-03": "8",
            "2024-04": "8",
            "2024-05": "8",
            "2024-06": "8",
            "2024-07": "8",
            "2024-08": "8",
            "2024-09": "8",
            "2024-10": "9",
            "2024-11": "9",
            "2024-12": "9",
            "2025-01": "9",
            "2025-02": "9",
            "2025-03": "9"
        },
        "46": {
            "2018-03": "33",
            "2018-04": "33",
            "2018-05": "33",
            "2018-06": "33",
            "2018-07": "33",
            "2018-08": "33",
            "2020-05": "37",
            "2020-06": "37",
            "2020-07": "37",
            "2020-08": "37",
            "2020-09": "37",
            "2020-10": "37",
            "2020-11": "37",
            "2020-12": "37",
            "2021-01": "37",
            "2022-04": "40",
            "2022-05": "40",
            "2022-06": "40",
            "2022-07": "40",
            "2022-08": "40",
            "2022-09": "40",
            "2022-10": "40",
            "2022-11": "41",
            "2022-12": "41",
            "2023-01": "41",
            "2023-02": "41",
            "2023-03": "41",
            "2023-04": "41"
        },
        "47": {
            "2019-02": "12",
            "2019-03": "12",
            "2019-04": "12",
            "2020-05": "14",
            "2020-06": "14",
            "2020-07": "14",
            "2020-08": "14",
            "2020-09": "14",
            "2020-10": "14",
            "2020-11": "14",
            "2020-12": "15",
            "2021-01": "15",
            "2021-02": "15",
            "2021-03": "15",
            "2021-04": "15",
            "2021-05": "15",
            "2021-06": "15"
        },
        "48": {
            "2018-10": "23",
            "2018-11": "23",
            "2018-12": "23",
            "2019-01": "23",
            "2019-02": "23",
            "2019-03": "23",
            "2019-04": "23",
            "2019-05": "23",
            "2019-11": "24",
            "2019-12": "24",
            "2020-01": "24",
            "2020-02": "24",
            "2020-03": "24",
            "2020-04": "24",
            "2020-05": "25",
            "2020-06": "25",
            "2020-07": "25",
            "2022-12": "29",
            "2023-01": "29",
            "2024-03": "31",
            "2024-04": "31",
            "2024-05": "31",
            "2024-06": "31",
            "2024-07": "31",
            "2024-08": "31",
            "2024-09": "31",
            "2024-10": "31",
            "2024-11": "31",
            "2024-12": "31",
            "2025-01": "31",
            "2025-02": "31"
        },
        "49": {
            "2018-07": "22",
            "2018-08": "22",
            "2018-09": "22",
            "2020-05": "25",
            "2020-06": "25",
            "2020-07": "25",
            "2020-08": "25",
            "2020-09": "25",
            "2020-10": "25",
            "2020-11": "25",
            "2020-12": "25",
            "2021-01": "25",
            "2021-09": "27",
            "2021-10": "27",
            "2021-11": "27",
            "2023-12": "30",
            "2024-01": "30",
            "2024-02": "30",
            "2024-03": "31",
            "2024-04": "31",
            "2024-05": "31",
            "2024-06": "31",
            "2024-07": "31",
            "2024-08": "31",
            "2024-09": "31",
            "2024-10": "31",
            "2024-11": "31",
            "2024-12": "31",
            "2025-01": "31",
            "2025-02": "31"
        },
        "5": {
            "2018-10": "1",
            "2018-11": "1",
            "2018-12": "1",
            "2019-01": "1",
            "2019-02": "1",
            "2019-03": "1",
            "2019-04": "1",
            "2020-01": "3",
            "2020-02": "3",
            "2020-03": "3",
            "2020-04": "3",
            "2020-05": "3",
            "2020-06": "3",
            "2020-07": "3",
            "2021-07": "5",
            "2021-08": "5",
            "2021-09": "5",
            "2021-10": "5",
            "2021-11": "5",
            "2021-12": "5"
        },
        "50": {
            "2019-08": "13",
            "2019-09": "13",
            "2019-10": "13",
            "2019-11": "13",
            "2019-12": "13",
            "2020-01": "13",
            "2020-02": "13",
            "2020-03": "13",
            "2020-04": "13",
            "2021-07": "16",
            "2021-08": "16",
            "2021-09": "16",
            "2021-10": "16",
            "2021-11": "16",
            "2021-12": "16",
            "2022-01": "17",
            "2022-02": "17",
            "2022-03": "17",
            "2022-06": "17",
            "2022-07": "17",
            "2022-08": "17",
            "2022-09": "17",
            "2022-10": "17",
            "2022-11": "17"
        },
        "51": {
            "2019-11": "13",
            "2019-12": "13",
            "2020-01": "13",
            "2020-02": "13",
            "2020-03": "13",
            "2020-04": "13"
        },
        "52": {
            "2018-09": "34",
            "2018-10": "34",
            "2018-11": "34",
            "2018-12": "34",
            "2019-01": "34",
            "2019-02": "34",
            "2019-03": "35",
            "2019-04": "35",
            "2019-05": "35",
            "2019-06": "35",
            "2019-07": "35",
            "2019-08": "35",
            "2019-09": "35",
            "2022-04": "40",
            "2022-05": "40",
            "2022-06": "40",
            "2022-07": "40",
            "2022-11": "41",
            "2022-12": "41",
            "2023-01": "41",
            "2023-02": "41",
            "2023-03": "41",
            "2023-04": "41",
            "2024-11": "44",
            "2024-12": "44",
            "2025-01": "44",
            "2025-02": "44",
            "2025-03": "44",
            "2025-04": "44",
            "2025-05": "44",
            "2025-06": "44"
        },
        "53": {
            "2018-09": "34",
            "2018-10": "34",
            "2018-11": "34",
            "2018-12": "34",
            "2019-01": "34",
            "2019-02": "34",
            "2020-06": "37",
            "2020-07": "37",
            "2020-08": "37",
            "2020-09": "37",
            "2020-12": "37",
            "2021-01": "37",
            "2021-02": "38",
            "2021-03": "38",
            "2021-07": "38",
            "2021-08": "38",
            "2022-02": "39",
            "2022-03": "39",
            "2022-04": "40",
            "2022-05": "40",
            "2022-06": "40",
            "2023-12": "43",
            "2024-01": "43",
            "2024-02": "43",
            "2024-03": "43",
            "2024-04": "43",
            "2024-05": "43",
            "2024-06": "43",
            "2024-07": "43",
            "2024-08": "43",
            "2024-09": "43",
            "2024-10": "43"
        },
        "54": {
            "2019-02": "12",
            "2019-03": "12",
            "2019-04": "12",
            "2019-05": "12",
            "2019-06": "12",
            "2019-07": "12",
            "2021-07": "16",
            "2021-08": "16",
            "2021-09": "16",
            "2021-10": "16",
            "2021-11": "16",
            "2021-12": "16",
            "2022-01": "17",
            "2022-02": "17",
            "2022-03": "17",
            "2022-04": "17",
            "2022-05": "17",
            "2022-06": "17",
            "2022-07": "17",
            "2022-08": "17",
            "2022-09": "17",
            "2022-10": "17",
            "2022-11": "17",
            "2023-07": "19",
            "2023-08": "19",
            "2023-09": "19",
            "2023-10": "19",
            "2023-11": "19",
            "2023-12": "19",
            "2024-01": "19",
            "2024-02": "19",
            "2024-03": "19",
            "2024-04": "19"
        },
        "55": {
            "2018-09": "12",
            "2018-10": "12",
            "2018-11": "12",
            "2018-12": "12",
            "2019-01": "12",
            "2020-05": "14",
            "2020-06": "14",
            "2020-07": "14",
            "2020-08": "14",
            "2020-09": "14",
            "2020-10": "14",
            "2020-11": "14",
            "2022-12": "18",
            "2023-01": "18",
            "2023-02": "18",
            "2023-03": "18",
            "2023-04": "18",
            "2023-05": "18",
            "2023-06": "18",
            "2024-05": "20",
            "2024-06": "20",
            "2024-07": "20",
            "2024-08": "20",
            "2024-09": "20",
            "2024-10": "20",
            "2024-11": "20"
        },
        "56": {
            "2020-08": "4",
            "2020-09": "4",
            "2020-10": "4",
            "2020-11": "4",
            "2020-12": "4",
            "2021-01": "4",
            "2021-02": "4",
            "2021-03": "4",
            "2021-04": "4",
            "2021-05": "4",
            "2021-06": "4",
            "2021-09": "5",
            "2021-10": "5",
            "2021-11": "5",
            "2021-12": "5",
            "2023-01": "7",
            "2023-02": "7",
            "2023-03": "7",
            "2023-04": "7",
            "2023-05": "7",
            "2023-06": "7",
            "2023-07": "7",
            "2023-08": "7",
            "2023-09": "7",
            "2023-10": "7",
            "2023-11": "8",
            "2023-12": "8",
            "2024-01": "8",
            "2024-02": "8",
            "2024-03": "8",
            "2024-04": "8",
            "2024-05": "8",
            "2024-06": "8",
            "2024-07": "8",
            "2024-08": "8",
            "2024-09": "8"
        },
        "57": {
            "2018-05": "22",
            "2018-06": "22",
            "2018-07": "22",
            "2018-08": "22",
            "2018-09": "22",
            "2018-10": "23",
            "2018-11": "23",
            "2020-08": "25",
            "2020-09": "25",
            "2020-10": "25",
            "2020-11": "25",
            "2020-12": "25",
            "2021-01": "25",
            "2021-02": "26",
            "2021-03": "26",
            "2021-04": "26",
            "2021-05": "26",
            "2021-06": "26",
            "2021-07": "26",
            "2021-08": "26",
            "2023-02": "29",
            "2023-03": "29",
            "2023-04": "29",
            "2023-05": "29",
            "2023-06": "30",
            "2023-07": "30",
            "2023-08": "30",
            "2023-09": "30",
            "2023-10": "30",
            "2023-11": "30",
            "2025-03": "32",
            "2025-04": "32",
            "2025-05": "32",
            "2025-06": "32"
        },
        "58": {
            "2018-01": "33",
            "2018-05": "33",
            "2018-06": "33",
            "2018-07": "33",
            "2018-08": "33",
            "2018-09": "34",
            "2018-10": "34",
            "2018-11": "34",
            "2018-12": "34",
            "2019-01": "34",
            "2019-02": "34",
            "2020-10": "37",
            "2020-11": "37",
            "2022-01": "39",
            "2022-02": "39",
            "2022-03": "39",
            "2022-04": "40",
            "2022-05": "40",
            "2022-06": "40",
            "2022-07": "40",
            "2023-06": "42",
            "2023-07": "42",
            "2023-08": "42",
            "2023-09": "42",
            "2023-10": "42",
            "2023-11": "42"
        },
        "59": {
            "2019-10": "36",
            "2019-11": "36",
            "2019-12": "36",
            "2020-01": "36",
            "2020-02": "36",
            "2020-03": "36",
            "2020-04": "36",
            "2022-04": "40",
            "2022-05": "40",
            "2022-06": "40",
            "2022-07": "40",
            "2022-08": "40",
            "2022-09": "40",
            "2022-10": "40",
            "2023-05": "42",
            "2023-06": "42",
            "2023-07": "42",
            "2023-08": "42",
            "2023-09": "42",
            "2023-10": "42",
            "2023-11": "42"
        },
        "6": {
            "2018-09": "12",
            "2018-10": "12",
            "2018-11": "12",
            "2018-12": "12",
            "2019-01": "12",
            "2019-02": "12",
            "2019-03": "12",
            "2019-04": "12",
            "2019-05": "12",
            "2019-06": "12",
            "2019-07": "12",
            "2020-05": "14",
            "2020-06": "14",
            "2020-07": "14",
            "2020-08": "14",
            "2020-09": "14",
            "2020-10": "14",
            "2020-11": "14",
            "2022-01": "17",
            "2022-02": "17",
            "2022-03": "17",
            "2022-04": "17",
            "2022-05": "17",
            "2022-06": "17",
            "2022-07": "17",
            "2022-08": "17",
            "2022-09": "17",
            "2022-10": "17",
            "2022-11": "17"
        },
        "7": {
            "2019-05": "12",
            "2019-06": "12",
            "2019-07": "12"
        },
        "8": {
            "2019-08": "13",
            "2019-09": "13",
            "2019-10": "13",
            "2019-11": "13",
            "2019-12": "13",
            "2020-01": "13",
            "2022-01": "17",
            "2022-02": "17",
            "2022-03": "17",
            "2022-04": "17",
            "2022-05": "17",
            "2022-06": "17",
            "2022-07": "17",
            "2022-08": "17",
            "2022-09": "17",
            "2022-10": "17",
            "2022-11": "17",
            "2023-07": "19",
            "2023-08": "19",
            "2023-09": "19",
            "2023-10": "19",
            "2023-11": "19",
            "2023-12": "19",
            "2024-01": "19",
            "2024-02": "19",
            "2024-03": "19",
            "2024-04": "19"
        },
        "9": {
            "2019-09": "13",
            "2019-10": "13",
            "2019-11": "13",
            "2019-12": "13",
            "2020-01": "13",
            "2020-02": "13",
            "2020-03": "13",
            "2023-07": "19",
            "2023-08": "19",
            "2023-09": "19",
            "2023-10": "19",
            "2023-11": "19",
            "2023-12": "19",
            "2024-01": "19",
            "2024-02": "19",
            "2024-03": "19",
            "2024-04": "19",
            "2024-05": "20",
            "2024-06": "20",
            "2024-07": "20",
            "2024-08": "20",
            "2024-09": "20",
            "2024-12": "21",
            "2025-01": "21",
            "2025-02": "21",
            "2025-03": "21",
            "2025-04": "21",
            "2025-05": "21",
            "2025-06": "21"
        }
    }
}