{
    "elapsed": {
        "M": {
            "79": {
                "2025-06": 0
            }
        }
    },
    "hours": {
        "1": {
            "2018-09": -172.0,
            "2020-02": -1.0
        },
        "11": {
            "2025-03": -147.0
        },
        "12": {
            "2020-02": -22.0,
            "2020-03": -86.0,
            "2024-06": -43.0
        },
        "13": {
            "2018-10": -44.0,
            "2018-11": -108.0
        },
        "2": {
            "2018-11": -57.0
        },
        "27": {
            "2022-03": -21.0,
            "2024-03": -14.0
        },
        "28": {
            "2019-12": -9.0
        },
        "29": {
            "2018-06": -20.0
        },
        "7": {
            "2025-02": -54.0
        }
    },
    "resources": {
        "126": {
            "2018-02": 1,
            "2018-03": 3,
            "2018-04": 2,
            "2018-11": 3,
            "2018-12": 3
        },
        "127": {
            "2019-01": 2,
            "2019-02": 1,
            "2019-08": 1,
            "2019-09": 1,
            "2019-10": 2
        },
        "128": {
            "2019-11": 5,
            "2019-12": 4,
            "2020-01": 4,
            "2020-02": 2,
            "2020-03": 1,
            "2020-04": 2,
            "2020-05": 3,
            "2020-06": 3,
            "2020-07": 3,
            "2020-08": 3,
            "2020-09": 3,
            "2020-10": 3
        },
        "129": {
            "2020-11": 3,
            "2020-12": 1,
            "2021-01": 1,
            "2021-03": 1,
            "2021-04": 1
        },
        "130": {
            "2021-05": 4,
            "2021-06": 3,
            "2021-07": 3,
            "2021-08": 3,
            "2021-09": 3,
            "2021-10": 3,
            "2021-11": 3,
            "2021-12": 4
        },
        "24": {
            "2020-03": 1,
            "2020-04": 1,
            "2020-11": 1
        },
        "26": {
            "2021-12": 5,
            "2022-01": 4,
            "2022-02": 3,
            "2022-03": 3,
            "2022-04": 3,
            "2022-05": 3,
            "2022-06": 3
        },
        "27": {
            "2023-04": 1
        },
        "29": {
            "2024-01": 3,
            "2024-02": 2,
            "2024-03": 2,
            "2024-04": 2,
            "2024-05": 2,
            "2024-06": 3,
            "2024-07": 3
        },
        "30": {
            "2025-01": 1
        },
        "41": {
            "2018-05": 1
        },
        "42": {
            "2018-09": 4,
            "2018-10": 4,
            "2018-11": 4,
            "2018-12": 5,
            "2019-01": 5,
            "2019-02": 5,
            "2019-03": 4,
            "2019-04": 4
        },
        "43": {
            "2019-05": 1
        },
        "46": {
            "2022-01": 1,
            "2022-02": 1,
            "2022-03": 2
        },
        "47": {
            "2022-04": 2
        },
        "48": {
            "2023-01": 5,
            "2023-02": 5,
            "2023-03": 5,
            "2023-04": 4,
            "2023-05": 4,
            "2023-06": 3,
            "2023-07": 1,
            "2023-08": 1
        },
        "49": {
            "2023-09": 1,
            "2023-10": 1,
            "2023-11": 1,
            "2023-12": 1,
            "2024-01": 1,
            "2024-02": 3,
            "2024-03": 2,
            "2024-04": 3,
            "2024-05": 3,
            "2024-06": 2,
            "2024-07": 3,
            "2024-08": 3
        }
    }
}