{
    "capacity": {
        "1": {
            "2018-03": -1,
            "2018-04": -1,
            "2018-05": -1,
            "2018-06": -1,
            "2019-09": -1,
            "2023-04": -1,
            "2023-10": -1
        }
    },
    "hours": {
        "3": {
            "2018-09": -94.0,
            "2018-10": -334.0,
            "2018-11": -574.0
        },
        "5": {
            "2022-07": -113.0
        }
    },
    "resources": {
        "10": {
            "2018-01": 1,
            "2018-02": 2,
            "2018-03": 2,
            "2018-04": 2,
            "2018-05": 2,
            "2018-06": 3
        },
        "11": {
            "2018-12": 3,
            "2019-01": 3,
            "2019-02": 3,
            "2019-03": 3,
            "2019-04": 2,
            "2019-05": 2,
            "2019-06": 3,
            "2019-07": 5,
            "2019-08": 5,
            "2019-09": 5
        },
        "12": {
            "2019-10": 3,
            "2019-12": 1,
            "2020-01": 1,
            "2020-05": 1,
            "2020-06": 1,
            "2020-07": 1,
            "2020-08": 1
        },
        "13": {
            "2020-09": 2
        },
        "14": {
            "2021-08": 5
        },
        "19": {
            "2018-01": 2,
            "2018-02": 2,
            "2018-03": 2
        },
        "21": {
            "2019-07": 2,
            "2019-08": 2,
            "2019-11": 1
        },
        "22": {
            "2020-05": 1,
            "2020-08": 1,
            "2020-09": 1,
            "2020-10": 1
        },
        "30": {
            "2019-01": 1
        },
        "37": {
            "2023-12": 2,
            "2024-01": 2,
            "2024-02": 2,
            "2024-03": 2
        }
    }
}