{
    "available": {
        "2": {
            "2020-04": -1,
            "2020-05": -1,
            "2020-06": -1,
            "2020-07": -1
        },
        "28": {
            "2022-07": -1,
            "2022-08": -1,
            "2022-09": -1,
            "2022-10": -1,
            "2022-11": -1,
            "2022-12": -1
        }
    },
    "elapsed": {
        "M": {
            "156": {
                "2025-06": 0
            },
            "158": {
                "2025-06": 0
            },
            "211": {
                "2025-06": 0
            },
            "33": {
                "2025-06": 0
            },
            "49": {
                "2025-06": 0
            },
            "61": {
                "2025-06": 0
            },
            "87": {
                "2025-06": 0
            }
        }
    },
    "hours": {
        "12": {
            "2023-05": -59.0,
            "2023-06": -207.0,
            "2023-07": -355.0,
            "2025-06": -173.0
        },
        "19": {
            "2023-01": -27.0
        },
        "21": {
            "2023-08": -9.0,
            "2023-09": -9.0
        },
        "27": {
            "2025-06": -94.0
        }
    },
    "resources": {
        "0": {
            "2018-01": 5,
            "2018-02": 3,
            "2018-03": 3,
            "2018-04": 3,
            "2018-05": 2,
            "2018-06": 2,
            "2018-07": 2,
            "2018-08": 3,
            "2018-09": 3,
            "2018-10": 3
        },
        "1": {
            "2018-11": 4,
            "2018-12": 4,
            "2019-01": 4,
            "2019-02": 4,
            "2019-03": 4,
            "2019-04": 4,
            "2019-05": 4
        },
        "10": {
            "2018-01": 1,
            "2018-02": 1
        },
        "101": {
            "2023-02": 1,
            "2023-08": 1
        },
        "102": {
            "2023-09": 3,
            "2023-10": 3,
            "2023-11": 3,
            "2023-12": 3,
            "2024-01": 3
        },
        "103": {
            "2024-11": 1
        },
        "104": {
            "2024-12": 1
        },
        "105": {
            "2018-01": 2,
            "2018-02": 2,
            "2018-03": 2,
            "2018-04": 2,
            "2018-05": 3,
            "2018-06": 3,
            "2018-07": 3,
            "2018-08": 3,
            "2018-09": 3,
            "2018-10": 3,
            "2018-11": 3
        },
        "106": {
            "2018-12": 2,
            "2019-01": 2,
            "2019-02": 3,
            "2019-03": 2,
            "2019-04": 3,
            "2019-05": 4,
            "2019-06": 4
        },
        "107": {
            "2019-07": 4,
            "2019-08": 1,
            "2019-12": 4
        },
        "108": {
            "2020-01": 3,
            "2020-03": 2,
            "2020-04": 3,
            "2020-05": 2,
            "2020-07": 2,
            "2020-08": 2,
            "2020-09": 3,
            "2020-10": 3,
            "2020-11": 4
        },
        "109": {
            "2020-12": 5,
            "2021-01": 5,
            "2021-02": 5,
            "2021-03": 5,
            "2021-06": 1,
            "2021-07": 4,
            "2021-08": 3,
            "2021-09": 4,
            "2021-10": 4,
            "2021-11": 4
        },
        "11": {
            "2018-11": 1,
            "2018-12": 1,
            "2019-05": 1,
            "2019-06": 1
        },
        "110": {
            "2022-05": 1,
            "2022-06": 1,
            "2022-07": 2,
            "2022-08": 2
        },
        "111": {
            "2023-01": 1,
            "2023-02": 3
        },
        "116": {
            "2018-01": 4,
            "2018-02": 4,
            "2018-03": 4,
            "2018-04": 5,
            "2018-05": 5,
            "2018-06": 5,
            "2018-07": 5,
            "2018-08": 4,
            "2018-09": 4,
            "2018-10": 4,
            "2018-11": 4,
            "2018-12": 4
        },
        "117": {
            "2019-01": 2,
            "2019-02": 2,
            "2019-03": 2,
            "2019-04": 2,
            "2019-05": 2,
            "2019-06": 2,
            "2019-07": 2,
            "2019-08": 3
        },
        "118": {
            "2019-09": 4,
            "2019-10": 3,
            "2019-11": 3,
            "2019-12": 3,
            "2020-01": 3,
            "2020-02": 3
        },
        "119": {
            "2020-03": 3,
            "2020-04": 2,
            "2020-05": 1,
            "2020-06": 1,
            "2020-07": 1,
            "2020-08": 1,
            "2020-09": 1,
            "2020-10": 2,
            "2020-11": 5
        },
        "12": {
            "2019-07": 1,
            "2019-08": 1,
            "2019-09": 1
        },
        "120": {
            "2020-12": 2,
            "2021-03": 2,
            "2021-04": 4,
            "2021-05": 4
        },
        "121": {
            "2021-12": 1
        },
        "122": {
            "2022-01": 3,
            "2022-02": 1
        },
        "123": {
            "2022-07": 1,
            "2022-08": 1,
            "2022-10": 1
        },
        "124": {
            "2023-06": 1,
            "2023-09": 1
        },
        "125": {
            "2024-01": 3,
            "2024-02": 3,
            "2024-03": 3,
            "2024-04": 3,
            "2024-05": 3,
            "2024-06": 3
        },
        "127": {
            "2025-03": 1,
            "2025-04": 1,
            "2025-05": 1
        },
        "128": {
            "2018-01": 3,
            "2018-02": 3,
            "2018-03": 3,
            "2018-04": 3,
            "2018-05": 3,
            "2018-06": 3,
            "2018-07": 3
        },
        "129": {
            "2018-11": 2,
            "2018-12": 2,
            "2019-01": 2
        },
        "13": {
            "2021-01": 2,
            "2021-02": 3
        },
        "130": {
            "2019-02": 6,
            "2019-03": 6,
            "2019-04": 4,
            "2019-05": 2,
            "2019-06": 1,
            "2019-07": 1,
            "2019-08": 4,
            "2019-09": 5
        },
        "131": {
            "2019-10": 3,
            "2019-11": 3,
            "2020-09": 1
        },
        "133": {
            "2021-07": 5,
            "2022-03": 2
        },
        "134": {
            "2022-04": 3,
            "2022-05": 2,
            "2022-06": 2,
            "2022-07": 2,
            "2022-08": 1,
            "2022-09": 1,
            "2022-10": 1
        },
        "136": {
            "2023-08": 1,
            "2024-02": 1,
            "2024-03": 1,
            "2024-04": 1,
            "2024-05": 2
        },
        "138": {
            "2025-04": 4
        },
        "139": {
            "2018-01": 3,
            "2018-02": 5,
            "2018-03": 5,
            "2018-04": 5,
            "2018-05": 5,
            "2018-06": 5
        },
        "14": {
            "2021-03": 1
        },
        "140": {
            "2018-07": 4,
            "2018-08": 4,
            "2018-09": 4,
            "2018-10": 4,
            "2019-02": 3,
            "2019-03": 3
        },
        "141": {
            "2019-04": 3,
            "2019-05": 3,
            "2019-06": 3,
            "2019-07": 3,
            "2019-08": 4,
            "2019-09": 4
        },
        "142": {
            "2019-10": 4,
            "2019-11": 1,
            "2020-05": 2
        },
        "143": {
            "2020-06": 1,
            "2020-07": 1
        },
        "144": {
            "2021-06": 1,
            "2021-11": 2
        },
        "146": {
            "2022-11": 1,
            "2022-12": 1
        },
        "147": {
            "2023-12": 1,
            "2024-01": 1,
            "2024-02": 3
        },
        "148": {
            "2024-03": 1,
            "2024-04": 1,
            "2024-07": 1,
            "2024-08": 1,
            "2024-11": 2
        },
        "149": {
            "2024-12": 5,
            "2025-04": 4,
            "2025-05": 2
        },
        "15": {
            "2021-10": 1
        },
        "150": {
            "2018-03": 1,
            "2018-04": 1,
            "2018-05": 1,
            "2018-08": 1
        },
        "151": {
            "2019-01": 4,
            "2019-02": 4,
            "2019-03": 4,
            "2019-04": 4,
            "2019-05": 3,
            "2019-06": 3,
            "2019-07": 2,
            "2019-08": 1,
            "2019-09": 1,
            "2019-10": 2
        },
        "152": {
            "2019-11": 2,
            "2019-12": 1,
            "2020-01": 1,
            "2020-06": 1,
            "2020-07": 1
        },
        "153": {
            "2020-08": 4,
            "2020-09": 3,
            "2020-10": 3,
            "2020-11": 2,
            "2021-03": 2
        },
        "154": {
            "2022-03": 1
        },
        "155": {
            "2022-04": 2,
            "2022-05": 2,
            "2022-06": 2,
            "2022-07": 1,
            "2022-08": 1,
            "2022-09": 1,
            "2022-10": 1,
            "2022-11": 1,
            "2022-12": 1,
            "2023-01": 1
        },
        "156": {
            "2023-04": 1
        },
        "157": {
            "2023-12": 6,
            "2024-01": 2,
            "2024-07": 1,
            "2024-08": 4,
            "2024-09": 4
        },
        "158": {
            "2024-10": 3,
            "2024-11": 3,
            "2024-12": 3,
            "2025-01": 3,
            "2025-02": 1,
            "2025-03": 1,
            "2025-06": 1
        },
        "16": {
            "2022-05": 1,
            "2022-06": 1,
            "2022-07": 1,
            "2022-08": 1,
            "2022-09": 1
        },
        "17": {
            "2023-10": 1,
            "2023-11": 2
        },
        "19": {
            "2024-12": 3,
            "2025-01": 2,
            "2025-02": 2
        },
        "2": {
            "2019-06": 2,
            "2019-07": 1,
            "2020-02": 3
        },
        "20": {
            "2018-01": 1,
            "2018-02": 1,
            "2018-03": 1,
            "2018-04": 2,
            "2018-05": 2,
            "2018-06": 2,
            "2018-07": 2,
            "2018-08": 2
        },
        "21": {
            "2018-09": 3,
            "2018-10": 3,
            "2018-11": 3,
            "2018-12": 3,
            "2019-01": 3,
            "2019-02": 3
        },
        "22": {
            "2019-03": 2,
            "2019-04": 2,
            "2019-05": 2,
            "2019-06": 1,
            "2019-07": 2,
            "2019-08": 4
        },
        "23": {
            "2020-04": 1
        },
        "24": {
            "2020-07": 3,
            "2020-08": 3,
            "2020-09": 3,
            "2020-10": 2,
            "2020-11": 1,
            "2021-06": 1
        },
        "25": {
            "2021-07": 3,
            "2021-08": 3,
            "2021-09": 3,
            "2021-10": 3,
            "2021-11": 3,
            "2021-12": 3
        },
        "26": {
            "2022-01": 1,
            "2022-02": 1,
            "2022-06": 1,
            "2022-07": 1,
            "2022-08": 1,
            "2022-09": 1,
            "2022-10": 1,
            "2022-11": 1
        },
        "27": {
            "2023-02": 1
        },
        "29": {
            "2024-05": 3,
            "2024-06": 3,
            "2024-07": 3,
            "2024-08": 3,
            "2024-09": 3,
            "2024-10": 3
        },
        "3": {
            "2020-11": 1,
            "2020-12": 1
        },
        "30": {
            "2024-11": 1
        },
        "32": {
            "2018-01": 2,
            "2018-02": 1,
            "2018-03": 1,
            "2018-04": 2,
            "2018-05": 2,
            "2018-06": 2,
            "2018-07": 2,
            "2018-08": 2
        },
        "33": {
            "2018-09": 1,
            "2018-10": 1,
            "2018-11": 1,
            "2018-12": 1,
            "2019-01": 1,
            "2019-02": 1,
            "2019-03": 1,
            "2019-04": 1,
            "2019-05": 1
        },
        "34": {
            "2019-06": 3,
            "2019-07": 1,
            "2019-10": 1,
            "2019-11": 3,
            "2019-12": 3,
            "2020-01": 3
        },
        "35": {
            "2020-02": 4,
            "2020-03": 3,
            "2020-04": 3,
            "2020-05": 2,
            "2020-06": 2,
            "2020-07": 2,
            "2020-08": 2,
            "2020-09": 2,
            "2020-10": 2
        },
        "36": {
            "2021-03": 1,
            "2021-04": 2,
            "2021-05": 2
        },
        "37": {
            "2021-06": 1
        },
        "38": {
            "2022-12": 2
        },
        "39": {
            "2023-04": 1,
            "2023-05": 3,
            "2023-06": 2,
            "2023-07": 1,
            "2023-11": 3
        },
        "4": {
            "2021-01": 3,
            "2021-02": 3,
            "2021-03": 3,
            "2021-04": 3,
            "2021-05": 3,
            "2021-06": 3,
            "2021-07": 3,
            "2021-08": 3,
            "2021-09": 3
        },
        "43": {
            "2018-01": 4,
            "2018-02": 4,
            "2018-03": 5,
            "2018-04": 4,
            "2018-05": 5,
            "2018-06": 5,
            "2018-07": 6
        },
        "44": {
            "2018-08": 3,
            "2018-09": 3,
            "2018-10": 3,
            "2018-11": 2,
            "2018-12": 2,
            "2019-01": 3
        },
        "45": {
            "2019-02": 2,
            "2019-03": 2,
            "2019-04": 2,
            "2019-05": 1,
            "2019-06": 1,
            "2019-07": 1,
            "2019-08": 1
        },
        "46": {
            "2019-12": 1,
            "2020-03": 1,
            "2020-04": 1,
            "2020-05": 1
        },
        "47": {
            "2020-08": 3,
            "2020-09": 3,
            "2020-10": 2,
            "2020-11": 3,
            "2020-12": 2,
            "2021-01": 3,
            "2021-02": 4
        },
        "48": {
            "2021-03": 2,
            "2021-04": 1,
            "2021-05": 1,
            "2021-12": 1
        },
        "49": {
            "2022-01": 3,
            "2022-02": 3,
            "2022-03": 3,
            "2022-04": 3,
            "2022-05": 3,
            "2022-06": 2,
            "2022-07": 2,
            "2022-08": 1,
            "2022-10": 1,
            "2022-11": 1
        },
        "50": {
            "2023-04": 1,
            "2023-05": 1
        },
        "51": {
            "2023-06": 3,
            "2023-07": 2,
            "2024-01": 1,
            "2024-02": 2,
            "2024-03": 2,
            "2024-04": 2,
            "2024-05": 3
        },
        "54": {
            "2018-01": 4,
            "2018-02": 4,
            "2018-03": 4,
            "2018-04": 4,
            "2018-05": 4,
            "2018-06": 4
        },
        "55": {
            "2018-07": 2,
            "2018-08": 2,
            "2018-09": 2,
            "2018-10": 2,
            "2018-11": 2,
            "2018-12": 2,
            "2019-01": 2,
            "2019-02": 2,
            "2019-03": 2,
            "2019-04": 2,
            "2019-05": 2
        },
        "57": {
            "2020-06": 5,
            "2020-07": 5,
            "2020-08": 5,
            "2020-09": 5,
            "2020-10": 5,
            "2020-11": 5,
            "2020-12": 5,
            "2021-01": 5
        },
        "58": {
            "2021-05": 1,
            "2021-06": 1,
            "2021-09": 2,
            "2021-10": 3
        },
        "59": {
            "2021-11": 3,
            "2021-12": 1,
            "2022-07": 2,
            "2022-08": 2,
            "2022-09": 3
        },
        "6": {
            "2022-10": 1,
            "2022-11": 1,
            "2023-07": 1,
            "2023-08": 2
        },
        "60": {
            "2022-10": 1,
            "2023-08": 1
        },
        "61": {
            "2023-09": 1,
            "2023-10": 1,
            "2024-03": 1,
            "2024-05": 1,
            "2024-06": 1
        },
        "62": {
            "2024-07": 2,
            "2024-08": 2,
            "2024-09": 2,
            "2024-10": 1,
            "2025-04": 1,
            "2025-05": 1,
            "2025-06": 1
        },
        "63": {
            "2018-01": 2,
            "2018-02": 3,
            "2018-03": 3,
            "2018-04": 3,
            "2018-05": 4,
            "2018-06": 4,
            "2018-07": 4
        },
        "64": {
            "2018-08": 3,
            "2018-09": 3,
            "2018-10": 2,
            "2018-11": 2,
            "2018-12": 2,
            "2019-01": 2,
            "2019-02": 2,
            "2019-03": 2,
            "2019-04": 2
        },
        "65": {
            "2019-05": 3,
            "2019-06": 3,
            "2019-07": 3,
            "2019-08": 3,
            "2019-09": 3,
            "2019-10": 3,
            "2019-11": 3,
            "2019-12": 2,
            "2020-01": 2,
            "2020-02": 3,
            "2020-03": 4,
            "2020-04": 4
        },
        "66": {
            "2020-05": 1,
            "2020-06": 1,
            "2020-07": 1,
            "2020-08": 1,
            "2020-09": 1,
            "2020-10": 1,
            "2020-11": 1,
            "2020-12": 2
        },
        "67": {
            "2021-01": 2,
            "2021-02": 2,
            "2021-03": 2,
            "2021-04": 2,
            "2021-11": 2
        },
        "68": {
            "2021-12": 2,
            "2022-01": 2,
            "2022-02": 1,
            "2022-03": 1,
            "2022-04": 1,
            "2022-05": 2,
            "2022-06": 2,
            "2022-07": 2,
            "2022-08": 2
        },
        "69": {
            "2022-09": 1,
            "2022-10": 1,
            "2022-11": 1,
            "2022-12": 1,
            "2023-01": 1,
            "2023-02": 1,
            "2023-03": 1,
            "2023-04": 3
        },
        "70": {
            "2023-05": 3,
            "2023-06": 3,
            "2023-07": 3,
            "2023-08": 3,
            "2023-09": 3,
            "2023-10": 3
        },
        "71": {
            "2023-11": 3,
            "2023-12": 2,
            "2024-01": 1,
            "2024-09": 3
        },
        "72": {
            "2024-10": 2,
            "2024-11": 2,
            "2024-12": 2,
            "2025-01": 2,
            "2025-02": 1,
            "2025-03": 1,
            "2025-04": 1,
            "2025-05": 1
        },
        "73": {
            "2018-01": 1,
            "2018-02": 2,
            "2018-03": 2,
            "2018-04": 3,
            "2018-05": 3,
            "2018-06": 3,
            "2018-07": 3,
            "2018-08": 3,
            "2018-09": 3,
            "2018-10": 3
        },
        "74": {
            "2018-11": 3,
            "2018-12": 2,
            "2019-01": 1,
            "2019-02": 1,
            "2019-03": 1,
            "2019-04": 2,
            "2019-05": 3,
            "2019-06": 2,
            "2019-07": 3,
            "2019-08": 4,
            "2019-09": 5
        },
        "75": {
            "2019-10": 4,
            "2019-11": 4,
            "2019-12": 4,
            "2020-01": 4,
            "2020-02": 4,
            "2020-03": 4
        },
        "76": {
            "2020-04": 2,
            "2020-05": 2
        },
        "77": {
            "2020-12": 1,
            "2021-01": 1,
            "2021-02": 1,
            "2021-10": 1
        },
        "78": {
            "2021-11": 1,
            "2021-12": 1,
            "2022-01": 1,
            "2022-02": 1,
            "2022-03": 1
        },
        "79": {
            "2022-10": 1
        },
        "8": {
            "2024-04": 3,
            "2024-07": 1,
            "2024-08": 2
        },
        "80": {
            "2023-10": 4
        },
        "81": {
            "2024-10": 1,
            "2024-11": 1
        },
        "82": {
            "2024-12": 1,
            "2025-01": 1
        },
        "83": {
            "2018-01": 1
        },
        "84": {
            "2019-01": 1
        },
        "85": {
            "2019-07": 1,
            "2019-08": 1,
            "2019-09": 1,
            "2019-10": 1
        },
        "86": {
            "2021-01": 1
        },
        "87": {
            "2021-02": 1
        },
        "88": {
            "2021-12": 1,
            "2022-01": 1,
            "2022-02": 1,
            "2022-06": 1,
            "2022-07": 1,
            "2022-08": 1
        },
        "90": {
            "2023-09": 1,
            "2023-10": 1,
            "2024-02": 1,
            "2024-03": 1
        },
        "91": {
            "2024-04": 4,
            "2024-05": 2,
            "2024-11": 1
        },
        "92": {
            "2025-02": 1
        },
        "93": {
            "2018-05": 1,
            "2018-06": 1
        },
        "94": {
            "2018-07": 1,
            "2018-08": 1,
            "2018-09": 1,
            "2018-10": 1,
            "2018-11": 1,
            "2018-12": 1,
            "2019-01": 1,
            "2019-02": 1,
            "2019-03": 1,
            "2019-04": 1,
            "2019-05": 1,
            "2019-06": 1
        },
        "98": {
            "2021-01": 1,
            "2021-02": 1,
            "2021-03": 1,
            "2021-04": 1,
            "2021-05": 1,
            "2021-06": 1
        },
        "99": {
            "2021-07": 1,
            "2022-02": 1,
            "2022-03": 1,
            "2022-04": 1
        }
    }
}