{
    "hours": {
        "5": {
            "2024-09": -40.0,
            "2024-10": -211.0,
            "2024-11": -382.0
        },
        "8": {
            "2018-01": -865.0,
            "2018-02": -15.0,
            "2018-03": -15.0,
            "2018-04": -15.0,
            "2024-07": -42.0
        }
    },
    "resources": {
        "10": {
            "2018-03": 1,
            "2018-04": 2,
            "2018-05": 2,
            "2018-06": 2,
            "2018-07": 3,
            "2018-08": 3,
            "2018-09": 4,
            "2018-10": 5,
            "2018-11": 5
        },
        "11": {
            "2018-12": 6,
            "2019-01": 6,
            "2019-02": 5,
            "2019-03": 3,
            "2019-04": 2,
            "2019-05": 2,
            "2019-06": 2,
            "2019-07": 2,
            "2019-08": 2,
            "2019-09": 5
        },
        "14": {
            "2021-08": 1
        },
        "19": {
            "2018-01": 3,
            "2018-02": 1,
            "2018-03": 1,
            "2018-04": 1,
            "2018-05": 1,
            "2018-06": 1
        },
        "22": {
            "2020-05": 2,
            "2020-06": 1,
            "2020-10": 1
        },
        "27": {
            "2024-05": 1,
            "2024-06": 2,
            "2024-07": 1,
            "2024-08": 1
        },
        "37": {
            "2024-03": 1
        }
    }
}