{
    "elapsed": {
        "M": {
            "44": {
                "2025-06": 0
            },
            "5": {
                "2025-06": 0
            }
        }
    },
    "hours": {
        "13": {
            "2021-10": -79.0,
            "2021-11": -124.0
        },
        "4": {
            "2019-04": -129.0
        }
    },
    "resources": {
        "55": {
            "2018-12": 1,
            "2019-01": 1
        },
        "56": {
            "2019-06": 6,
            "2019-07": 6,
            "2019-08": 6,
            "2019-09": 6,
            "2019-10": 6,
            "2019-11": 5,
            "2019-12": 3,
            "2020-01": 2,
            "2020-02": 1,
            "2020-03": 1
        },
        "58": {
            "2021-02": 2,
            "2021-03": 2,
            "2021-04": 2,
            "2021-05": 1,
            "2021-06": 1,
            "2021-07": 1,
            "2021-08": 1,
            "2021-09": 1,
            "2021-10": 1
        }
    }
}