{
    "state_m": {
        "0": {
            "2020-06": {
                "M": 1
            },
            "2020-07": {
                "M": 1
            },
            "2020-08": {
                "M": 1
            },
            "2020-09": {
                "M": 1
            },
            "2020-10": {
                "M": 1
            },
            "2020-11": {
                "M": 1
            }
        },
        "1": {
            "2020-01": {
                "M": 1
            },
            "2020-02": {
                "M": 1
            },
            "2020-03": {
                "M": 1
            },
            "2020-04": {
                "M": 1
            },
            "2020-05": {
                "M": 1
            },
            "2020-06": {
                "M": 1
            }
        },
        "10": {
            "2019-04": {
                "M": 1
            },
            "2019-05": {
                "M": 1
            },
            "2019-06": {
                "M": 1
            },
            "2019-07": {
                "M": 1
            },
            "2019-08": {
                "M": 1
            },
            "2019-09": {
                "M": 1
            },
            "2024-09": {
                "M": 1
            },
            "2024-10": {
                "M": 1
            },
            "2024-11": {
                "M": 1
            },
            "2024-12": {
                "M": 1
            },
            "2025-01": {
                "M": 1
            },
            "2025-02": {
                "M": 1
            }
        },
        "11": {
            "2020-08": {
                "M": 1
            },
            "2020-09": {
                "M": 1
            },
            "2020-10": {
                "M": 1
            },
            "2020-11": {
                "M": 1
            },
            "2020-12": {
                "M": 1
            },
            "2021-01": {
                "M": 1
            }
        },
        "12": {
            "2019-09": {
                "M": 1
            },
            "2019-10": {
                "M": 1
            },
            "2019-11": {
                "M": 1
            },
            "2019-12": {
                "M": 1
            },
            "2020-01": {
                "M": 1
            },
            "2020-02": {
                "M": 1
            },
            "2025-02": {
                "M": 1
            },
            "2025-03": {
                "M": 1
            },
            "2025-04": {
                "M": 1
            },
            "2025-05": {
                "M": 1
            },
            "2025-06": {
                "M": 1
            }
        },
        "13": {
            "2022-03": {
                "M": 1
            },
            "2022-04": {
                "M": 1
            },
            "2022-05": {
                "M": 1
            },
            "2022-06": {
                "M": 1
            },
            "2022-07": {
                "M": 1
            },
            "2022-08": {
                "M": 1
            }
        },
        "14": {
            "2019-05": {
                "M": 1
            },
            "2019-06": {
                "M": 1
            },
            "2019-07": {
                "M": 1
            },
            "2019-08": {
                "M": 1
            },
            "2019-09": {
                "M": 1
            },
            "2019-10": {
                "M": 1
            },
            "2024-10": {
                "M": 1
            },
            "2024-11": {
                "M": 1
            },
            "2024-12": {
                "M": 1
            },
            "2025-01": {
                "M": 1
            },
            "2025-02": {
                "M": 1
            },
            "2025-03": {
                "M": 1
            }
        },
        "15": {
            "2018-01": {
                "M": 1
            },
            "2018-02": {
                "M": 1
            },
            "2023-02": {
                "M": 1
            },
            "2023-03": {
                "M": 1
            },
            "2023-04": {
                "M": 1
            },
            "2023-05": {
                "M": 1
            },
            "2023-06": {
                "M": 1
            },
            "2023-07": {
                "M": 1
            }
        },
        "16": {
            "2019-02": {
                "M": 1
            },
            "2019-03": {
                "M": 1
            },
            "2019-04": {
                "M": 1
            },
            "2019-05": {
                "M": 1
            },
            "2019-06": {
                "M": 1
            },
            "2019-07": {
                "M": 1
            },
            "2024-07": {
                "M": 1
            },
            "2024-08": {
                "M": 1
            },
            "2024-09": {
                "M": 1
            },
            "2024-10": {
                "M": 1
            },
            "2024-11": {
                "M": 1
            },
            "2024-12": {
                "M": 1
            }
        },
        "17": {
            "2021-05": {
                "M": 1
            },
            "2021-06": {
                "M": 1
            },
            "2021-07": {
                "M": 1
            },
            "2021-08": {
                "M": 1
            },
            "2021-09": {
                "M": 1
            },
            "2021-10": {
                "M": 1
            }
        },
        "18": {
            "2019-11": {
                "M": 1
            },
            "2019-12": {
                "M": 1
            },
            "2020-01": {
                "M": 1
            },
            "2020-02": {
                "M": 1
            },
            "2020-03": {
                "M": 1
            },
            "2020-04": {
                "M": 1
            },
            "2025-04": {
                "M": 1
            },
            "2025-05": {
                "M": 1
            },
            "2025-06": {
                "M": 1
            }
        },
        "19": {
            "2021-07": {
                "M": 1
            },
            "2021-08": {
                "M": 1
            },
            "2021-09": {
                "M": 1
            },
            "2021-10": {
                "M": 1
            },
            "2021-11": {
                "M": 1
            },
            "2021-12": {
                "M": 1
            }
        },
        "2": {
            "2018-01": {
                "M": 1
            },
            "2018-02": {
                "M": 1
            },
            "2018-03": {
                "M": 1
            },
            "2018-04": {
                "M": 1
            },
            "2023-04": {
                "M": 1
            },
            "2023-05": {
                "M": 1
            },
            "2023-06": {
                "M": 1
            },
            "2023-07": {
                "M": 1
            },
            "2023-08": {
                "M": 1
            },
            "2023-09": {
                "M": 1
            }
        },
        "20": {
            "2022-07": {
                "M": 1
            },
            "2022-08": {
                "M": 1
            },
            "2022-09": {
                "M": 1
            },
            "2022-10": {
                "M": 1
            },
            "2022-11": {
                "M": 1
            },
            "2022-12": {
                "M": 1
            }
        },
        "21": {
            "2020-06": {
                "M": 1
            },
            "2020-07": {
                "M": 1
            },
            "2020-08": {
                "M": 1
            },
            "2020-09": {
                "M": 1
            },
            "2020-10": {
                "M": 1
            },
            "2020-11": {
                "M": 1
            }
        },
        "22": {
            "2019-09": {
                "M": 1
            },
            "2019-10": {
                "M": 1
            },
            "2019-11": {
                "M": 1
            },
            "2019-12": {
                "M": 1
            },
            "2020-01": {
                "M": 1
            },
            "2020-02": {
                "M": 1
            },
            "2025-02": {
                "M": 1
            },
            "2025-03": {
                "M": 1
            },
            "2025-04": {
                "M": 1
            },
            "2025-05": {
                "M": 1
            },
            "2025-06": {
                "M": 1
            }
        },
        "23": {
            "2020-01": {
                "M": 1
            },
            "2020-02": {
                "M": 1
            },
            "2020-03": {
                "M": 1
            },
            "2020-04": {
                "M": 1
            },
            "2020-05": {
                "M": 1
            },
            "2020-06": {
                "M": 1
            }
        },
        "24": {
            "2019-06": {
                "M": 1
            },
            "2019-07": {
                "M": 1
            },
            "2019-08": {
                "M": 1
            },
            "2019-09": {
                "M": 1
            },
            "2019-10": {
                "M": 1
            },
            "2019-11": {
                "M": 1
            },
            "2024-11": {
                "M": 1
            },
            "2024-12": {
                "M": 1
            },
            "2025-01": {
                "M": 1
            },
            "2025-02": {
                "M": 1
            },
            "2025-03": {
                "M": 1
            },
            "2025-04": {
                "M": 1
            }
        },
        "25": {
            "2018-07": {
                "M": 1
            },
            "2018-08": {
                "M": 1
            },
            "2018-09": {
                "M": 1
            },
            "2018-10": {
                "M": 1
            },
            "2018-11": {
                "M": 1
            },
            "2018-12": {
                "M": 1
            },
            "2023-12": {
                "M": 1
            },
            "2024-01": {
                "M": 1
            },
            "2024-02": {
                "M": 1
            },
            "2024-03": {
                "M": 1
            },
            "2024-04": {
                "M": 1
            },
            "2024-05": {
                "M": 1
            }
        },
        "26": {
            "2022-04": {
                "M": 1
            },
            "2022-05": {
                "M": 1
            },
            "2022-06": {
                "M": 1
            },
            "2022-07": {
                "M": 1
            },
            "2022-08": {
                "M": 1
            },
            "2022-09": {
                "M": 1
            }
        },
        "27": {
            "2021-08": {
                "M": 1
            },
            "2021-09": {
                "M": 1
            },
            "2021-10": {
                "M": 1
            },
            "2021-11": {
                "M": 1
            },
            "2021-12": {
                "M": 1
            },
            "2022-01": {
                "M": 1
            }
        },
        "28": {
            "2021-04": {
                "M": 1
            },
            "2021-05": {
                "M": 1
            },
            "2021-06": {
                "M": 1
            },
            "2021-07": {
                "M": 1
            },
            "2021-08": {
                "M": 1
            },
            "2021-09": {
                "M": 1
            }
        },
        "29": {
            "2020-09": {
                "M": 1
            },
            "2020-10": {
                "M": 1
            },
            "2020-11": {
                "M": 1
            },
            "2020-12": {
                "M": 1
            },
            "2021-01": {
                "M": 1
            },
            "2021-02": {
                "M": 1
            }
        },
        "3": {
            "2021-07": {
                "M": 1
            },
            "2021-08": {
                "M": 1
            },
            "2021-09": {
                "M": 1
            },
            "2021-10": {
                "M": 1
            },
            "2021-11": {
                "M": 1
            },
            "2021-12": {
                "M": 1
            }
        },
        "30": {
            "2020-08": {
                "M": 1
            },
            "2020-09": {
                "M": 1
            },
            "2020-10": {
                "M": 1
            },
            "2020-11": {
                "M": 1
            },
            "2020-12": {
                "M": 1
            },
            "2021-01": {
                "M": 1
            }
        },
        "31": {
            "2022-03": {
                "M": 1
            },
            "2022-04": {
                "M": 1
            },
            "2022-05": {
                "M": 1
            },
            "2022-06": {
                "M": 1
            },
            "2022-07": {
                "M": 1
            },
            "2022-08": {
                "M": 1
            }
        },
        "32": {
            "2020-01": {
                "M": 1
            },
            "2020-02": {
                "M": 1
            },
            "2020-03": {
                "M": 1
            },
            "2020-04": {
                "M": 1
            },
            "2020-05": {
                "M": 1
            },
            "2020-06": {
                "M": 1
            }
        },
        "33": {
            "2021-10": {
                "M": 1
            },
            "2021-11": {
                "M": 1
            },
            "2021-12": {
                "M": 1
            },
            "2022-01": {
                "M": 1
            },
            "2022-02": {
                "M": 1
            },
            "2022-03": {
                "M": 1
            }
        },
        "34": {
            "2022-07": {
                "M": 1
            },
            "2022-08": {
                "M": 1
            },
            "2022-09": {
                "M": 1
            },
            "2022-10": {
                "M": 1
            },
            "2022-11": {
                "M": 1
            },
            "2022-12": {
                "M": 1
            }
        },
        "35": {
            "2018-08": {
                "M": 1
            },
            "2018-09": {
                "M": 1
            },
            "2018-10": {
                "M": 1
            },
            "2018-11": {
                "M": 1
            },
            "2018-12": {
                "M": 1
            },
            "2019-01": {
                "M": 1
            },
            "2024-01": {
                "M": 1
            },
            "2024-02": {
                "M": 1
            },
            "2024-03": {
                "M": 1
            },
            "2024-04": {
                "M": 1
            },
            "2024-05": {
                "M": 1
            },
            "2024-06": {
                "M": 1
            }
        },
        "36": {
            "2019-06": {
                "M": 1
            },
            "2019-07": {
                "M": 1
            },
            "2019-08": {
                "M": 1
            },
            "2019-09": {
                "M": 1
            },
            "2019-10": {
                "M": 1
            },
            "2019-11": {
                "M": 1
            },
            "2024-11": {
                "M": 1
            },
            "2024-12": {
                "M": 1
            },
            "2025-01": {
                "M": 1
            },
            "2025-02": {
                "M": 1
            },
            "2025-03": {
                "M": 1
            },
            "2025-04": {
                "M": 1
            }
        },
        "37": {
            "2021-10": {
                "M": 1
            },
            "2021-11": {
                "M": 1
            },
            "2021-12": {
                "M": 1
            },
            "2022-01": {
                "M": 1
            },
            "2022-02": {
                "M": 1
            },
            "2022-03": {
                "M": 1
            }
        },
        "38": {
            "2021-08": {
                "M": 1
            },
            "2021-09": {
                "M": 1
            },
            "2021-10": {
                "M": 1
            },
            "2021-11": {
                "M": 1
            },
            "2021-12": {
                "M": 1
            },
            "2022-01": {
                "M": 1
            }
        },
        "39": {
            "2019-02": {
                "M": 1
            },
            "2019-03": {
                "M": 1
            },
            "2019-04": {
                "M": 1
            },
            "2019-05": {
                "M": 1
            },
            "2019-06": {
                "M": 1
            },
            "2019-07": {
                "M": 1
            },
            "2024-07": {
                "M": 1
            },
            "2024-08": {
                "M": 1
            },
            "2024-09": {
                "M": 1
            },
            "2024-10": {
                "M": 1
            },
            "2024-11": {
                "M": 1
            },
            "2024-12": {
                "M": 1
            }
        },
        "4": {
            "2021-07": {
                "M": 1
            },
            "2021-08": {
                "M": 1
            },
            "2021-09": {
                "M": 1
            },
            "2021-10": {
                "M": 1
            },
            "2021-11": {
                "M": 1
            },
            "2021-12": {
                "M": 1
            }
        },
        "40": {
            "2021-07": {
                "M": 1
            },
            "2021-08": {
                "M": 1
            },
            "2021-09": {
                "M": 1
            },
            "2021-10": {
                "M": 1
            },
            "2021-11": {
                "M": 1
            },
            "2021-12": {
                "M": 1
            }
        },
        "41": {
            "2021-06": {
                "M": 1
            },
            "2021-07": {
                "M": 1
            },
            "2021-08": {
                "M": 1
            },
            "2021-09": {
                "M": 1
            },
            "2021-10": {
                "M": 1
            },
            "2021-11": {
                "M": 1
            }
        },
        "42": {
            "2020-09": {
                "M": 1
            },
            "2020-10": {
                "M": 1
            },
            "2020-11": {
                "M": 1
            },
            "2020-12": {
                "M": 1
            },
            "2021-01": {
                "M": 1
            },
            "2021-02": {
                "M": 1
            }
        },
        "43": {
            "2022-11": {
                "M": 1
            },
            "2022-12": {
                "M": 1
            },
            "2023-01": {
                "M": 1
            },
            "2023-02": {
                "M": 1
            },
            "2023-03": {
                "M": 1
            },
            "2023-04": {
                "M": 1
            }
        },
        "44": {
            "2021-03": {
                "M": 1
            },
            "2021-04": {
                "M": 1
            },
            "2021-05": {
                "M": 1
            },
            "2021-06": {
                "M": 1
            },
            "2021-07": {
                "M": 1
            },
            "2021-08": {
                "M": 1
            }
        },
        "45": {
            "2019-09": {
                "M": 1
            },
            "2019-10": {
                "M": 1
            },
            "2019-11": {
                "M": 1
            },
            "2019-12": {
                "M": 1
            },
            "2020-01": {
                "M": 1
            },
            "2020-02": {
                "M": 1
            },
            "2025-02": {
                "M": 1
            },
            "2025-03": {
                "M": 1
            },
            "2025-04": {
                "M": 1
            },
            "2025-05": {
                "M": 1
            },
            "2025-06": {
                "M": 1
            }
        },
        "46": {
            "2020-08": {
                "M": 1
            },
            "2020-09": {
                "M": 1
            },
            "2020-10": {
                "M": 1
            },
            "2020-11": {
                "M": 1
            },
            "2020-12": {
                "M": 1
            },
            "2021-01": {
                "M": 1
            }
        },
        "47": {
            "2018-10": {
                "M": 1
            },
            "2018-11": {
                "M": 1
            },
            "2018-12": {
                "M": 1
            },
            "2019-01": {
                "M": 1
            },
            "2019-02": {
                "M": 1
            },
            "2019-03": {
                "M": 1
            },
            "2024-03": {
                "M": 1
            },
            "2024-04": {
                "M": 1
            },
            "2024-05": {
                "M": 1
            },
            "2024-06": {
                "M": 1
            },
            "2024-07": {
                "M": 1
            },
            "2024-08": {
                "M": 1
            }
        },
        "48": {
            "2018-12": {
                "M": 1
            },
            "2019-01": {
                "M": 1
            },
            "2019-02": {
                "M": 1
            },
            "2019-03": {
                "M": 1
            },
            "2019-04": {
                "M": 1
            },
            "2019-05": {
                "M": 1
            },
            "2024-05": {
                "M": 1
            },
            "2024-06": {
                "M": 1
            },
            "2024-07": {
                "M": 1
            },
            "2024-08": {
                "M": 1
            },
            "2024-09": {
                "M": 1
            },
            "2024-10": {
                "M": 1
            }
        },
        "49": {
            "2021-03": {
                "M": 1
            },
            "2021-04": {
                "M": 1
            },
            "2021-05": {
                "M": 1
            },
            "2021-06": {
                "M": 1
            },
            "2021-07": {
                "M": 1
            },
            "2021-08": {
                "M": 1
            }
        },
        "5": {
            "2020-09": {
                "M": 1
            },
            "2020-10": {
                "M": 1
            },
            "2020-11": {
                "M": 1
            },
            "2020-12": {
                "M": 1
            },
            "2021-01": {
                "M": 1
            },
            "2021-02": {
                "M": 1
            }
        },
        "50": {
            "2022-05": {
                "M": 1
            },
            "2022-06": {
                "M": 1
            },
            "2022-07": {
                "M": 1
            },
            "2022-08": {
                "M": 1
            },
            "2022-09": {
                "M": 1
            },
            "2022-10": {
                "M": 1
            }
        },
        "51": {
            "2020-03": {
                "M": 1
            },
            "2020-04": {
                "M": 1
            },
            "2020-05": {
                "M": 1
            },
            "2020-06": {
                "M": 1
            },
            "2020-07": {
                "M": 1
            },
            "2020-08": {
                "M": 1
            }
        },
        "52": {
            "2018-01": {
                "M": 1
            },
            "2018-02": {
                "M": 1
            },
            "2018-03": {
                "M": 1
            },
            "2023-03": {
                "M": 1
            },
            "2023-04": {
                "M": 1
            },
            "2023-05": {
                "M": 1
            },
            "2023-06": {
                "M": 1
            },
            "2023-07": {
                "M": 1
            },
            "2023-08": {
                "M": 1
            }
        },
        "53": {
            "2021-12": {
                "M": 1
            },
            "2022-01": {
                "M": 1
            },
            "2022-02": {
                "M": 1
            },
            "2022-03": {
                "M": 1
            },
            "2022-04": {
                "M": 1
            },
            "2022-05": {
                "M": 1
            }
        },
        "54": {
            "2022-07": {
                "M": 1
            },
            "2022-08": {
                "M": 1
            },
            "2022-09": {
                "M": 1
            },
            "2022-10": {
                "M": 1
            },
            "2022-11": {
                "M": 1
            },
            "2022-12": {
                "M": 1
            }
        },
        "55": {
            "2021-12": {
                "M": 1
            },
            "2022-01": {
                "M": 1
            },
            "2022-02": {
                "M": 1
            },
            "2022-03": {
                "M": 1
            },
            "2022-04": {
                "M": 1
            },
            "2022-05": {
                "M": 1
            }
        },
        "56": {
            "2018-07": {
                "M": 1
            },
            "2018-08": {
                "M": 1
            },
            "2018-09": {
                "M": 1
            },
            "2018-10": {
                "M": 1
            },
            "2018-11": {
                "M": 1
            },
            "2018-12": {
                "M": 1
            },
            "2023-12": {
                "M": 1
            },
            "2024-01": {
                "M": 1
            },
            "2024-02": {
                "M": 1
            },
            "2024-03": {
                "M": 1
            },
            "2024-04": {
                "M": 1
            },
            "2024-05": {
                "M": 1
            }
        },
        "57": {
            "2020-12": {
                "M": 1
            },
            "2021-01": {
                "M": 1
            },
            "2021-02": {
                "M": 1
            },
            "2021-03": {
                "M": 1
            },
            "2021-04": {
                "M": 1
            },
            "2021-05": {
                "M": 1
            }
        },
        "58": {
            "2021-09": {
                "M": 1
            },
            "2021-10": {
                "M": 1
            },
            "2021-11": {
                "M": 1
            },
            "2021-12": {
                "M": 1
            },
            "2022-01": {
                "M": 1
            },
            "2022-02": {
                "M": 1
            }
        },
        "59": {
            "2018-01": {
                "M": 1
            },
            "2023-01": {
                "M": 1
            },
            "2023-02": {
                "M": 1
            },
            "2023-03": {
                "M": 1
            },
            "2023-04": {
                "M": 1
            },
            "2023-05": {
                "M": 1
            },
            "2023-06": {
                "M": 1
            }
        },
        "6": {
            "2021-09": {
                "M": 1
            },
            "2021-10": {
                "M": 1
            },
            "2021-11": {
                "M": 1
            },
            "2021-12": {
                "M": 1
            },
            "2022-01": {
                "M": 1
            },
            "2022-02": {
                "M": 1
            }
        },
        "7": {
            "2018-01": {
                "M": 1
            },
            "2018-02": {
                "M": 1
            },
            "2018-03": {
                "M": 1
            },
            "2018-04": {
                "M": 1
            },
            "2018-05": {
                "M": 1
            },
            "2018-06": {
                "M": 1
            },
            "2023-02": {
                "M": 1
            },
            "2023-03": {
                "M": 1
            },
            "2023-04": {
                "M": 1
            },
            "2023-05": {
                "M": 1
            },
            "2023-06": {
                "M": 1
            },
            "2023-07": {
                "M": 1
            }
        },
        "8": {
            "2022-01": {
                "M": 1
            },
            "2022-02": {
                "M": 1
            },
            "2022-03": {
                "M": 1
            },
            "2022-04": {
                "M": 1
            },
            "2022-05": {
                "M": 1
            },
            "2022-06": {
                "M": 1
            }
        },
        "9": {
            "2020-02": {
                "M": 1
            },
            "2020-03": {
                "M": 1
            },
            "2020-04": {
                "M": 1
            },
            "2020-05": {
                "M": 1
            },
            "2020-06": {
                "M": 1
            },
            "2020-07": {
                "M": 1
            }
        }
    },
    "task": {
        "0": {
            "2024-09": "8",
            "2024-10": "8",
            "2024-11": "8",
            "2024-12": "8"
        },
        "1": {
            "2024-07": "8",
            "2024-08": "8",
            "2024-09": "8",
            "2024-10": "8",
            "2024-11": "8",
            "2024-12": "8"
        },
        "10": {
            "2024-01": "18",
            "2024-02": "18",
            "2024-03": "18",
            "2024-04": "18",
            "2024-05": "18",
            "2024-06": "18",
            "2024-07": "18",
            "2025-03": "19",
            "2025-04": "19",
            "2025-05": "19",
            "2025-06": "19"
        },
        "13": {
            "2025-06": "30"
        },
        "14": {
            "2025-04": "30",
            "2025-05": "30",
            "2025-06": "30"
        },
        "15": {
            "2025-03": "30",
            "2025-04": "30",
            "2025-05": "30",
            "2025-06": "30"
        },
        "16": {
            "2025-03": "30",
            "2025-04": "30",
            "2025-05": "30",
            "2025-06": "30"
        },
        "17": {
            "2025-04": "30",
            "2025-05": "30",
            "2025-06": "30"
        },
        "19": {
            "2019-06": "32",
            "2019-07": "32",
            "2019-08": "32",
            "2025-06": "41"
        },
        "2": {
            "2024-11": "8",
            "2024-12": "8",
            "2025-01": "8",
            "2025-02": "8",
            "2025-03": "8",
            "2025-04": "8",
            "2025-05": "8"
        },
        "20": {
            "2024-06": "40",
            "2024-07": "40",
            "2024-08": "40",
            "2024-09": "40",
            "2024-10": "40",
            "2024-11": "40",
            "2024-12": "40",
            "2025-01": "41",
            "2025-02": "41",
            "2025-03": "41",
            "2025-04": "41",
            "2025-05": "41",
            "2025-06": "41"
        },
        "21": {
            "2025-01": "41",
            "2025-02": "41",
            "2025-03": "41",
            "2025-04": "41",
            "2025-06": "41"
        },
        "22": {
            "2023-10": "39",
            "2023-11": "39",
            "2023-12": "39",
            "2024-01": "39",
            "2024-05": "40",
            "2024-06": "40",
            "2024-07": "40",
            "2024-08": "40",
            "2024-09": "40",
            "2024-10": "40"
        },
        "23": {
            "2025-01": "41",
            "2025-02": "41",
            "2025-03": "41",
            "2025-04": "41",
            "2025-06": "41"
        },
        "24": {
            "2025-06": "9"
        },
        "25": {
            "2024-12": "8",
            "2025-01": "8",
            "2025-02": "8",
            "2025-03": "8",
            "2025-04": "8",
            "2025-05": "8"
        },
        "26": {
            "2025-01": "8",
            "2025-02": "8",
            "2025-03": "8",
            "2025-04": "8"
        },
        "28": {
            "2025-05": "41",
            "2025-06": "41"
        },
        "29": {
            "2024-10": "8",
            "2024-11": "8",
            "2024-12": "8",
            "2025-01": "8"
        },
        "3": {
            "2025-06": "9"
        },
        "30": {
            "2024-10": "8",
            "2024-11": "8",
            "2024-12": "8",
            "2025-01": "8"
        },
        "31": {
            "2025-01": "30",
            "2025-02": "30",
            "2025-03": "30",
            "2025-04": "30",
            "2025-05": "30",
            "2025-06": "30"
        },
        "32": {
            "2025-01": "41",
            "2025-02": "41",
            "2025-03": "41",
            "2025-04": "41"
        },
        "34": {
            "2024-06": "40",
            "2024-07": "40",
            "2024-08": "40",
            "2024-09": "40",
            "2024-10": "40",
            "2024-11": "40",
            "2024-12": "40",
            "2025-04": "41",
            "2025-05": "41",
            "2025-06": "41"
        },
        "37": {
            "2024-07": "40",
            "2024-08": "40",
            "2024-09": "40",
            "2024-10": "40",
            "2024-11": "40",
            "2024-12": "40",
            "2025-05": "41",
            "2025-06": "41"
        },
        "38": {
            "2018-01": "10",
            "2018-02": "10",
            "2018-03": "10",
            "2018-04": "10",
            "2018-05": "10",
            "2018-06": "10",
            "2018-07": "10",
            "2018-08": "10",
            "2018-09": "10",
            "2018-10": "10",
            "2018-11": "10",
            "2025-06": "19"
        },
        "42": {
            "2019-06": "32",
            "2019-07": "32",
            "2019-08": "32",
            "2025-01": "41",
            "2025-02": "41",
            "2025-03": "41",
            "2025-04": "41",
            "2025-06": "41"
        },
        "43": {
            "2021-03": "14",
            "2021-04": "14",
            "2021-05": "14",
            "2021-06": "14",
            "2021-07": "14",
            "2021-08": "14",
            "2024-01": "18",
            "2024-02": "18",
            "2024-03": "18",
            "2024-04": "18",
            "2024-05": "18",
            "2024-06": "18",
            "2024-08": "18",
            "2024-09": "18",
            "2025-01": "19",
            "2025-02": "19",
            "2025-05": "19",
            "2025-06": "19"
        },
        "46": {
            "2025-06": "19"
        },
        "47": {
            "2024-12": "8",
            "2025-01": "8",
            "2025-02": "8",
            "2025-03": "8",
            "2025-04": "8",
            "2025-05": "8"
        },
        "48": {
            "2025-06": "41"
        },
        "5": {
            "2024-10": "8",
            "2024-11": "8",
            "2024-12": "8",
            "2025-01": "8"
        },
        "50": {
            "2024-06": "40",
            "2024-07": "40",
            "2024-08": "40",
            "2024-09": "40",
            "2024-10": "40",
            "2024-11": "40",
            "2024-12": "40",
            "2025-06": "41"
        },
        "53": {
            "2024-06": "40",
            "2024-07": "40",
            "2024-08": "40",
            "2024-09": "40",
            "2024-10": "40",
            "2024-11": "40",
            "2024-12": "40",
            "2025-06": "41"
        },
        "54": {
            "2024-11": "18",
            "2024-12": "18",
            "2025-01": "19",
            "2025-02": "19",
            "2025-05": "19",
            "2025-06": "19"
        },
        "55": {
            "2024-06": "40",
            "2024-07": "40",
            "2024-08": "40",
            "2024-09": "40",
            "2024-10": "40",
            "2024-11": "40",
            "2024-12": "40",
            "2025-06": "41"
        },
        "56": {
            "2025-01": "8",
            "2025-02": "8",
            "2025-03": "8",
            "2025-04": "8",
            "2025-05": "8"
        },
        "57": {
            "2025-01": "41",
            "2025-02": "41",
            "2025-03": "41",
            "2025-04": "41"
        },
        "7": {
            "2024-02": "18",
            "2024-03": "18",
            "2024-04": "18",
            "2024-07": "18",
            "2024-08": "18",
            "2024-09": "18",
            "2024-10": "18",
            "2024-11": "18",
            "2024-12": "18",
            "2025-05": "19",
            "2025-06": "19"
        },
        "8": {
            "2024-10": "18",
            "2024-11": "18",
            "2024-12": "18"
        },
        "9": {
            "2024-06": "18",
            "2024-07": "18",
            "2025-06": "19"
        }
    }
}