{
    "elapsed": {
        "M": {
            "57": {
                "2025-06": 0
            }
        }
    },
    "hours": {
        "4": {
            "2019-10": -10.0
        },
        "7": {
            "2018-02": -24.0,
            "2019-08": -273.0,
            "2019-09": -555.0
        },
        "8": {
            "2018-01": -324.0
        }
    },
    "resources": {
        "10": {
            "2018-09": 1,
            "2018-10": 1,
            "2018-11": 1,
            "2018-12": 1
        },
        "20": {
            "2018-01": 3,
            "2018-02": 2
        }
    }
}