{
    "maint_types": {
        "1": {
            "capacity": {}
        }
    },
    "maintenances": {
        "M": {
            "affects": [
                "M"
            ],
            "capacity": 9,
            "capacity_usage": 1,
            "depends_on": [
                "M"
            ],
            "duration_periods": 6,
            "elapsed_time_size": 15,
            "max_elapsed_time": 60,
            "max_used_time": 1000,
            "type": "1",
            "used_time_size": 1000
        }
    },
    "parameters": {
        "default_type2_capacity": 66,
        "elapsed_time_size": 15,
        "end": "2025-06",
        "initial_unbalance": [
            -3,
            3
        ],
        "maint_capacity": 9,
        "maint_duration": 6,
        "maint_weight": 1,
        "maintenances": {
            "M": {
                "affects": [],
                "capacity_usage": 1,
                "depends_on": [],
                "duration_periods": 4,
                "elapsed_time_size": 3,
                "max_elapsed_time": 60,
                "max_used_time": 1000,
                "priority": 0,
                "type": "1",
                "used_time_size": 1000
            },
            "VG": {
                "affects": [],
                "capacity_usage": 3,
                "depends_on": [
                    "M"
                ],
                "duration_periods": 1,
                "elapsed_time_size": 3,
                "max_elapsed_time": 8,
                "max_used_time": null,
                "priority": 10,
                "type": "2",
                "used_time_size": null
            },
            "VI": {
                "affects": [],
                "capacity_usage": 6,
                "depends_on": [
                    "M"
                ],
                "duration_periods": 1,
                "elapsed_time_size": 3,
                "max_elapsed_time": 17,
                "max_used_time": null,
                "priority": 5,
                "type": "2",
                "used_time_size": null
            },
            "VS": {
                "affects": [],
                "capacity_usage": 4,
                "depends_on": [
                    "M"
                ],
                "duration_periods": 1,
                "elapsed_time_size": null,
                "max_elapsed_time": null,
                "max_used_time": 600,
                "priority": 2,
                "type": "2",
                "used_time_size": 200
            }
        },
        "max_elapsed_time": 60,
        "max_elapsed_time_2M": null,
        "max_used_time": 1000,
        "min_avail_percent": 0.1,
        "min_avail_value": 1,
        "min_hours_perc": 0.5,
        "min_usage_period": 0,
        "num_parallel_tasks": 4,
        "num_period": 90,
        "num_resources": 60,
        "perc_add_capacity": 0.1,
        "perc_capacity": 0.15,
        "perc_in_maint": 0.07,
        "seed": 82,
        "start": "2018-01",
        "t_duration": [
            6,
            12
        ],
        "t_min_assign": [
            2,
            3,
            6
        ],
        "t_num_resource": [
            1,
            6
        ],
        "t_required_hours": [
            10,
            50,
            100
        ],
        "unavail_weight": 1
    },
    "resources": {
        "0": {
            "capacities": [
                "0"
            ],
            "code": "",
            "initial": {
                "M": {
                    "elapsed": 30,
                    "used": 517
                }
            },
            "initial_elapsed": 30,
            "initial_used": 517,
            "min_usage_period": {
                "default": 0
            },
            "states": {},
            "type": 0
        },
        "1": {
            "capacities": [
                "0"
            ],
            "code": "",
            "initial": {
                "M": {
                    "elapsed": 25,
                    "used": 450
                }
            },
            "initial_elapsed": 25,
            "initial_used": 450,
            "min_usage_period": {
                "default": 0
            },
            "states": {},
            "type": 0
        },
        "10": {
            "capacities": [
                "B",
                "1"
            ],
            "code": "",
            "initial": {
                "M": {
                    "elapsed": 16,
                    "used": 234
                }
            },
            "initial_elapsed": 16,
            "initial_used": 234,
            "min_usage_period": {
                "default": 0
            },
            "states": {},
            "type": 1
        },
        "11": {
            "capacities": [
                "C",
                "B",
                "1"
            ],
            "code": "",
            "initial": {
                "M": {
                    "elapsed": 32,
                    "used": 550
                }
            },
            "initial_elapsed": 32,
            "initial_used": 550,
            "min_usage_period": {
                "default": 0
            },
            "states": {},
            "type": 1
        },
        "12": {
            "capacities": [
                "2",
                "D"
            ],
            "code": "",
            "initial": {
                "M": {
                    "elapsed": 21,
                    "used": 367
                }
            },
            "initial_elapsed": 21,
            "initial_used": 367,
            "min_usage_period": {
                "default": 0
            },
            "states": {},
            "type": 2
        },
        "13": {
            "capacities": [
                "2",
                "D"
            ],
            "code": "",
            "initial": {
                "M": {
                    "elapsed": 51,
                    "used": 867
                }
            },
            "initial_elapsed": 51,
            "initial_used": 867,
            "min_usage_period": {
                "default": 0
            },
            "states": {},
            "type": 2
        },
        "14": {
            "capacities": [
                "2",
                "D"
            ],
            "code": "",
            "initial": {
                "M": {
                    "elapsed": 17,
                    "used": 234
                }
            },
            "initial_elapsed": 17,
            "initial_used": 234,
            "min_usage_period": {
                "default": 0
            },
            "states": {},
            "type": 2
        },
        "15": {
            "capacities": [
                "2",
                "D"
            ],
            "code": "",
            "initial": {
                "M": {
                    "elapsed": 60,
                    "used": 1000
                }
            },
            "initial_elapsed": 60,
            "initial_used": 1000,
            "min_usage_period": {
                "default": 0
            },
            "states": {
                "2017-09": "M",
                "2017-10": "M",
                "2017-11": "M",
                "2017-12": "M"
            },
            "type": 2
        },
        "16": {
            "capacities": [
                "2"
            ],
            "code": "",
            "initial": {
                "M": {
                    "elapsed": 14,
                    "used": 184
                }
            },
            "initial_elapsed": 14,
            "initial_used": 184,
            "min_usage_period": {
                "default": 0
            },
            "states": {},
            "type": 2
        },
        "17": {
            "capacities": [
                "2"
            ],
            "code": "",
            "initial": {
                "M": {
                    "elapsed": 41,
                    "used": 717
                }
            },
            "initial_elapsed": 41,
            "initial_used": 717,
            "min_usage_period": {
                "default": 0
            },
            "states": {
                "2017-11": "20",
                "2017-12": "20"
            },
            "type": 2
        },
        "18": {
            "capacities": [
                "E",
                "3"
            ],
            "code": "",
            "initial": {
                "M": {
                    "elapsed": 23,
                    "used": 434
                }
            },
            "initial_elapsed": 23,
            "initial_used": 434,
            "min_usage_period": {
                "default": 0
            },
            "states": {},
            "type": 3
        },
        "19": {
            "capacities": [
                "F",
                "3"
            ],
            "code": "",
            "initial": {
                "M": {
                    "elapsed": 43,
                    "used": 734
                }
            },
            "initial_elapsed": 43,
            "initial_used": 734,
            "min_usage_period": {
                "default": 0
            },
            "states": {},
            "type": 3
        },
        "2": {
            "capacities": [
                "0"
            ],
            "code": "",
            "initial": {
                "M": {
                    "elapsed": 60,
                    "used": 1000
                }
            },
            "initial_elapsed": 60,
            "initial_used": 1000,
            "min_usage_period": {
                "default": 0
            },
            "states": {
                "2017-11": "M",
                "2017-12": "M"
            },
            "type": 0
        },
        "20": {
            "capacities": [
                "3"
            ],
            "code": "",
            "initial": {
                "M": {
                    "elapsed": 55,
                    "used": 950
                }
            },
            "initial_elapsed": 55,
            "initial_used": 950,
            "min_usage_period": {
                "default": 0
            },
            "states": {},
            "type": 3
        },
        "21": {
            "capacities": [
                "E",
                "3"
            ],
            "code": "",
            "initial": {
                "M": {
                    "elapsed": 30,
                    "used": 450
                }
            },
            "initial_elapsed": 30,
            "initial_used": 450,
            "min_usage_period": {
                "default": 0
            },
            "states": {},
            "type": 3
        },
        "22": {
            "capacities": [
                "3"
            ],
            "code": "",
            "initial": {
                "M": {
                    "elapsed": 21,
                    "used": 400
                }
            },
            "initial_elapsed": 21,
            "initial_used": 400,
            "min_usage_period": {
                "default": 0
            },
            "states": {},
            "type": 3
        },
        "23": {
            "capacities": [
                "F",
                "3"
            ],
            "code": "",
            "initial": {
                "M": {
                    "elapsed": 25,
                    "used": 367
                }
            },
            "initial_elapsed": 25,
            "initial_used": 367,
            "min_usage_period": {
                "default": 0
            },
            "states": {},
            "type": 3
        },
        "24": {
            "capacities": [
                "0",
                "A"
            ],
            "code": "",
            "initial": {
                "M": {
                    "elapsed": 18,
                    "used": 250
                }
            },
            "initial_elapsed": 18,
            "initial_used": 250,
            "min_usage_period": {
                "default": 0
            },
            "states": {},
            "type": 0
        },
        "25": {
            "capacities": [
                "0"
            ],
            "code": "",
            "initial": {
                "M": {
                    "elapsed": 7,
                    "used": 134
                }
            },
            "initial_elapsed": 7,
            "initial_used": 134,
            "min_usage_period": {
                "default": 0
            },
            "states": {},
            "type": 0
        },
        "26": {
            "capacities": [
                "0"
            ],
            "code": "",
            "initial": {
                "M": {
                    "elapsed": 52,
                    "used": 867
                }
            },
            "initial_elapsed": 52,
            "initial_used": 867,
            "min_usage_period": {
                "default": 0
            },
            "states": {
                "2017-11": "0",
                "2017-12": "0"
            },
            "type": 0
        },
        "27": {
            "capacities": [
                "0"
            ],
            "code": "",
            "initial": {
                "M": {
                    "elapsed": 44,
                    "used": 784
                }
            },
            "initial_elapsed": 44,
            "initial_used": 784,
            "min_usage_period": {
                "default": 0
            },
            "states": {},
            "type": 0
        },
        "28": {
            "capacities": [
                "3"
            ],
            "code": "",
            "initial": {
                "M": {
                    "elapsed": 40,
                    "used": 617
                }
            },
            "initial_elapsed": 40,
            "initial_used": 617,
            "min_usage_period": {
                "default": 0
            },
            "states": {
                "2017-11": "31",
                "2017-12": "31"
            },
            "type": 3
        },
        "29": {
            "capacities": [
                "0"
            ],
            "code": "",
            "initial": {
                "M": {
                    "elapsed": 33,
                    "used": 550
                }
            },
            "initial_elapsed": 33,
            "initial_used": 550,
            "min_usage_period": {
                "default": 0
            },
            "states": {},
            "type": 0
        },
        "3": {
            "capacities": [
                "0",
                "A"
            ],
            "code": "",
            "initial": {
                "M": {
                    "elapsed": 43,
                    "used": 717
                }
            },
            "initial_elapsed": 43,
            "initial_used": 717,
            "min_usage_period": {
                "default": 0
            },
            "states": {},
            "type": 0
        },
        "30": {
            "capacities": [
                "0"
            ],
            "code": "",
            "initial": {
                "M": {
                    "elapsed": 32,
                    "used": 567
                }
            },
            "initial_elapsed": 32,
            "initial_used": 567,
            "min_usage_period": {
                "default": 0
            },
            "states": {},
            "type": 0
        },
        "31": {
            "capacities": [
                "2"
            ],
            "code": "",
            "initial": {
                "M": {
                    "elapsed": 51,
                    "used": 834
                }
            },
            "initial_elapsed": 51,
            "initial_used": 834,
            "min_usage_period": {
                "default": 0
            },
            "states": {},
            "type": 2
        },
        "32": {
            "capacities": [
                "F",
                "3"
            ],
            "code": "",
            "initial": {
                "M": {
                    "elapsed": 25,
                    "used": 450
                }
            },
            "initial_elapsed": 25,
            "initial_used": 450,
            "min_usage_period": {
                "default": 0
            },
            "states": {},
            "type": 3
        },
        "33": {
            "capacities": [
                "F",
                "3"
            ],
            "code": "",
            "initial": {
                "M": {
                    "elapsed": 46,
                    "used": 734
                }
            },
            "initial_elapsed": 46,
            "initial_used": 734,
            "min_usage_period": {
                "default": 0
            },
            "states": {
                "2017-11": "31",
                "2017-12": "31"
            },
            "type": 3
        },
        "34": {
            "capacities": [
                "3"
            ],
            "code": "",
            "initial": {
                "M": {
                    "elapsed": 55,
                    "used": 884
                }
            },
            "initial_elapsed": 55,
            "initial_used": 884,
            "min_usage_period": {
                "default": 0
            },
            "states": {},
            "type": 3
        },
        "35": {
            "capacities": [
                "E",
                "3"
            ],
            "code": "",
            "initial": {
                "M": {
                    "elapsed": 8,
                    "used": 100
                }
            },
            "initial_elapsed": 8,
            "initial_used": 100,
            "min_usage_period": {
                "default": 0
            },
            "states": {},
            "type": 3
        },
        "36": {
            "capacities": [
                "F",
                "3"
            ],
            "code": "",
            "initial": {
                "M": {
                    "elapsed": 18,
                    "used": 284
                }
            },
            "initial_elapsed": 18,
            "initial_used": 284,
            "min_usage_period": {
                "default": 0
            },
            "states": {},
            "type": 3
        },
        "37": {
            "capacities": [
                "3"
            ],
            "code": "",
            "initial": {
                "M": {
                    "elapsed": 46,
                    "used": 734
                }
            },
            "initial_elapsed": 46,
            "initial_used": 734,
            "min_usage_period": {
                "default": 0
            },
            "states": {
                "2017-11": "31",
                "2017-12": "31"
            },
            "type": 3
        },
        "38": {
            "capacities": [
                "1"
            ],
            "code": "",
            "initial": {
                "M": {
                    "elapsed": 44,
                    "used": 784
                }
            },
            "initial_elapsed": 44,
            "initial_used": 784,
            "min_usage_period": {
                "default": 0
            },
            "states": {
                "2017-11": "10",
                "2017-12": "10"
            },
            "type": 1
        },
        "39": {
            "capacities": [
                "F",
                "3"
            ],
            "code": "",
            "initial": {
                "M": {
                    "elapsed": 14,
                    "used": 217
                }
            },
            "initial_elapsed": 14,
            "initial_used": 217,
            "min_usage_period": {
                "default": 0
            },
            "states": {},
            "type": 3
        },
        "4": {
            "capacities": [
                "0"
            ],
            "code": "",
            "initial": {
                "M": {
                    "elapsed": 43,
                    "used": 750
                }
            },
            "initial_elapsed": 43,
            "initial_used": 750,
            "min_usage_period": {
                "default": 0
            },
            "states": {},
            "type": 0
        },
        "40": {
            "capacities": [
                "0"
            ],
            "code": "",
            "initial": {
                "M": {
                    "elapsed": 43,
                    "used": 750
                }
            },
            "initial_elapsed": 43,
            "initial_used": 750,
            "min_usage_period": {
                "default": 0
            },
            "states": {},
            "type": 0
        },
        "41": {
            "capacities": [
                "C",
                "1"
            ],
            "code": "",
            "initial": {
                "M": {
                    "elapsed": 42,
                    "used": 700
                }
            },
            "initial_elapsed": 42,
            "initial_used": 700,
            "min_usage_period": {
                "default": 0
            },
            "states": {},
            "type": 1
        },
        "42": {
            "capacities": [
                "3"
            ],
            "code": "",
            "initial": {
                "M": {
                    "elapsed": 33,
                    "used": 600
                }
            },
            "initial_elapsed": 33,
            "initial_used": 600,
            "min_usage_period": {
                "default": 0
            },
            "states": {},
            "type": 3
        },
        "43": {
            "capacities": [
                "1"
            ],
            "code": "",
            "initial": {
                "M": {
                    "elapsed": 59,
                    "used": 1000
                }
            },
            "initial_elapsed": 59,
            "initial_used": 1000,
            "min_usage_period": {
                "default": 0
            },
            "states": {},
            "type": 1
        },
        "44": {
            "capacities": [
                "2",
                "D"
            ],
            "code": "",
            "initial": {
                "M": {
                    "elapsed": 39,
                    "used": 700
                }
            },
            "initial_elapsed": 39,
            "initial_used": 700,
            "min_usage_period": {
                "default": 0
            },
            "states": {
                "2017-11": "20",
                "2017-12": "20"
            },
            "type": 2
        },
        "45": {
            "capacities": [
                "2",
                "D"
            ],
            "code": "",
            "initial": {
                "M": {
                    "elapsed": 21,
                    "used": 384
                }
            },
            "initial_elapsed": 21,
            "initial_used": 384,
            "min_usage_period": {
                "default": 0
            },
            "states": {},
            "type": 2
        },
        "46": {
            "capacities": [
                "1"
            ],
            "code": "",
            "initial": {
                "M": {
                    "elapsed": 32,
                    "used": 534
                }
            },
            "initial_elapsed": 32,
            "initial_used": 534,
            "min_usage_period": {
                "default": 0
            },
            "states": {},
            "type": 1
        },
        "47": {
            "capacities": [
                "0",
                "A"
            ],
            "code": "",
            "initial": {
                "M": {
                    "elapsed": 10,
                    "used": 167
                }
            },
            "initial_elapsed": 10,
            "initial_used": 167,
            "min_usage_period": {
                "default": 0
            },
            "states": {},
            "type": 0
        },
        "48": {
            "capacities": [
                "3"
            ],
            "code": "",
            "initial": {
                "M": {
                    "elapsed": 12,
                    "used": 234
                }
            },
            "initial_elapsed": 12,
            "initial_used": 234,
            "min_usage_period": {
                "default": 0
            },
            "states": {},
            "type": 3
        },
        "49": {
            "capacities": [
                "0"
            ],
            "code": "",
            "initial": {
                "M": {
                    "elapsed": 39,
                    "used": 700
                }
            },
            "initial_elapsed": 39,
            "initial_used": 700,
            "min_usage_period": {
                "default": 0
            },
            "states": {},
            "type": 0
        },
        "5": {
            "capacities": [
                "0"
            ],
            "code": "",
            "initial": {
                "M": {
                    "elapsed": 33,
                    "used": 600
                }
            },
            "initial_elapsed": 33,
            "initial_used": 600,
            "min_usage_period": {
                "default": 0
            },
            "states": {},
            "type": 0
        },
        "50": {
            "capacities": [
                "3"
            ],
            "code": "",
            "initial": {
                "M": {
                    "elapsed": 53,
                    "used": 834
                }
            },
            "initial_elapsed": 53,
            "initial_used": 834,
            "min_usage_period": {
                "default": 0
            },
            "states": {},
            "type": 3
        },
        "51": {
            "capacities": [
                "2",
                "D"
            ],
            "code": "",
            "initial": {
                "M": {
                    "elapsed": 27,
                    "used": 450
                }
            },
            "initial_elapsed": 27,
            "initial_used": 450,
            "min_usage_period": {
                "default": 0
            },
            "states": {},
            "type": 2
        },
        "52": {
            "capacities": [
                "2",
                "D"
            ],
            "code": "",
            "initial": {
                "M": {
                    "elapsed": 60,
                    "used": 1000
                }
            },
            "initial_elapsed": 60,
            "initial_used": 1000,
            "min_usage_period": {
                "default": 0
            },
            "states": {
                "2017-10": "M",
                "2017-11": "M",
                "2017-12": "M"
            },
            "type": 2
        },
        "53": {
            "capacities": [
                "3"
            ],
            "code": "",
            "initial": {
                "M": {
                    "elapsed": 48,
                    "used": 817
                }
            },
            "initial_elapsed": 48,
            "initial_used": 817,
            "min_usage_period": {
                "default": 0
            },
            "states": {},
            "type": 3
        },
        "54": {
            "capacities": [
                "1"
            ],
            "code": "",
            "initial": {
                "M": {
                    "elapsed": 55,
                    "used": 950
                }
            },
            "initial_elapsed": 55,
            "initial_used": 950,
            "min_usage_period": {
                "default": 0
            },
            "states": {
                "2017-05": "10",
                "2017-06": "10",
                "2017-07": "10",
                "2017-08": "10",
                "2017-09": "10",
                "2017-10": "10",
                "2017-11": "10",
                "2017-12": "10"
            },
            "type": 1
        },
        "55": {
            "capacities": [
                "3"
            ],
            "code": "",
            "initial": {
                "M": {
                    "elapsed": 48,
                    "used": 817
                }
            },
            "initial_elapsed": 48,
            "initial_used": 817,
            "min_usage_period": {
                "default": 0
            },
            "states": {},
            "type": 3
        },
        "56": {
            "capacities": [
                "0",
                "A"
            ],
            "code": "",
            "initial": {
                "M": {
                    "elapsed": 7,
                    "used": 84
                }
            },
            "initial_elapsed": 7,
            "initial_used": 84,
            "min_usage_period": {
                "default": 0
            },
            "states": {},
            "type": 0
        },
        "57": {
            "capacities": [
                "E",
                "3"
            ],
            "code": "",
            "initial": {
                "M": {
                    "elapsed": 36,
                    "used": 584
                }
            },
            "initial_elapsed": 36,
            "initial_used": 584,
            "min_usage_period": {
                "default": 0
            },
            "states": {
                "2017-11": "31",
                "2017-12": "31"
            },
            "type": 3
        },
        "58": {
            "capacities": [
                "B",
                "1"
            ],
            "code": "",
            "initial": {
                "M": {
                    "elapsed": 45,
                    "used": 750
                }
            },
            "initial_elapsed": 45,
            "initial_used": 750,
            "min_usage_period": {
                "default": 0
            },
            "states": {
                "2017-07": "10",
                "2017-08": "10",
                "2017-09": "10",
                "2017-10": "10",
                "2017-11": "10",
                "2017-12": "10"
            },
            "type": 1
        },
        "59": {
            "capacities": [
                "E",
                "3"
            ],
            "code": "",
            "initial": {
                "M": {
                    "elapsed": 60,
                    "used": 1000
                }
            },
            "initial_elapsed": 60,
            "initial_used": 1000,
            "min_usage_period": {
                "default": 0
            },
            "states": {
                "2017-08": "M",
                "2017-09": "M",
                "2017-10": "M",
                "2017-11": "M",
                "2017-12": "M"
            },
            "type": 3
        },
        "6": {
            "capacities": [
                "B",
                "1"
            ],
            "code": "",
            "initial": {
                "M": {
                    "elapsed": 45,
                    "used": 784
                }
            },
            "initial_elapsed": 45,
            "initial_used": 784,
            "min_usage_period": {
                "default": 0
            },
            "states": {},
            "type": 1
        },
        "7": {
            "capacities": [
                "1"
            ],
            "code": "",
            "initial": {
                "M": {
                    "elapsed": 13,
                    "used": 184
                }
            },
            "initial_elapsed": 13,
            "initial_used": 184,
            "min_usage_period": {
                "default": 0
            },
            "states": {},
            "type": 1
        },
        "8": {
            "capacities": [
                "C",
                "1"
            ],
            "code": "",
            "initial": {
                "M": {
                    "elapsed": 52,
                    "used": 900
                }
            },
            "initial_elapsed": 52,
            "initial_used": 900,
            "min_usage_period": {
                "default": 0
            },
            "states": {
                "2017-07": "10",
                "2017-08": "10",
                "2017-09": "10",
                "2017-10": "10",
                "2017-11": "10",
                "2017-12": "10"
            },
            "type": 1
        },
        "9": {
            "capacities": [
                "1"
            ],
            "code": "",
            "initial": {
                "M": {
                    "elapsed": 26,
                    "used": 467
                }
            },
            "initial_elapsed": 26,
            "initial_used": 467,
            "min_usage_period": {
                "default": 0
            },
            "states": {},
            "type": 1
        }
    },
    "tasks": {
        "0": {
            "capacities": [
                "0"
            ],
            "consumption": 41,
            "end": "2018-07",
            "matricule": "",
            "min_assign": 2,
            "num_resource": 5,
            "start": "2018-01",
            "type_resource": 0
        },
        "1": {
            "capacities": [
                "0"
            ],
            "consumption": 59,
            "end": "2019-07",
            "matricule": "",
            "min_assign": 6,
            "num_resource": 6,
            "start": "2018-08",
            "type_resource": 0
        },
        "10": {
            "capacities": [
                "1"
            ],
            "consumption": 58,
            "end": "2018-11",
            "matricule": "",
            "min_assign": 6,
            "num_resource": 4,
            "start": "2018-01",
            "type_resource": 1
        },
        "11": {
            "capacities": [
                "1"
            ],
            "consumption": 57,
            "end": "2019-07",
            "matricule": "",
            "min_assign": 6,
            "num_resource": 4,
            "start": "2018-12",
            "type_resource": 1
        },
        "12": {
            "capacities": [
                "1"
            ],
            "consumption": 60,
            "end": "2020-02",
            "matricule": "",
            "min_assign": 6,
            "num_resource": 2,
            "start": "2019-08",
            "type_resource": 1
        },
        "13": {
            "capacities": [
                "1"
            ],
            "consumption": 92,
            "end": "2021-02",
            "matricule": "",
            "min_assign": 3,
            "num_resource": 3,
            "start": "2020-03",
            "type_resource": 1
        },
        "14": {
            "capacities": [
                "1"
            ],
            "consumption": 44,
            "end": "2021-08",
            "matricule": "",
            "min_assign": 2,
            "num_resource": 6,
            "start": "2021-03",
            "type_resource": 1
        },
        "15": {
            "capacities": [
                "B",
                "1"
            ],
            "consumption": 70,
            "end": "2022-05",
            "matricule": "",
            "min_assign": 3,
            "num_resource": 2,
            "start": "2021-09",
            "type_resource": 1
        },
        "16": {
            "capacities": [
                "1"
            ],
            "consumption": 61,
            "end": "2023-02",
            "matricule": "",
            "min_assign": 6,
            "num_resource": 4,
            "start": "2022-06",
            "type_resource": 1
        },
        "17": {
            "capacities": [
                "C",
                "1"
            ],
            "consumption": 54,
            "end": "2023-12",
            "matricule": "",
            "min_assign": 6,
            "num_resource": 2,
            "start": "2023-03",
            "type_resource": 1
        },
        "18": {
            "capacities": [
                "1"
            ],
            "consumption": 25,
            "end": "2024-12",
            "matricule": "",
            "min_assign": 2,
            "num_resource": 4,
            "start": "2024-01",
            "type_resource": 1
        },
        "19": {
            "capacities": [
                "1"
            ],
            "consumption": 27,
            "end": "2025-06",
            "matricule": "",
            "min_assign": 2,
            "num_resource": 1,
            "start": "2025-01",
            "type_resource": 1
        },
        "2": {
            "capacities": [
                "0"
            ],
            "consumption": 58,
            "end": "2020-04",
            "matricule": "",
            "min_assign": 6,
            "num_resource": 6,
            "start": "2019-08",
            "type_resource": 0
        },
        "20": {
            "capacities": [
                "2"
            ],
            "consumption": 75,
            "end": "2018-07",
            "matricule": "",
            "min_assign": 2,
            "num_resource": 6,
            "start": "2018-01",
            "type_resource": 2
        },
        "21": {
            "capacities": [
                "2",
                "D"
            ],
            "consumption": 56,
            "end": "2019-03",
            "matricule": "",
            "min_assign": 6,
            "num_resource": 6,
            "start": "2018-08",
            "type_resource": 2
        },
        "22": {
            "capacities": [
                "2"
            ],
            "consumption": 26,
            "end": "2020-01",
            "matricule": "",
            "min_assign": 6,
            "num_resource": 3,
            "start": "2019-04",
            "type_resource": 2
        },
        "23": {
            "capacities": [
                "2"
            ],
            "consumption": 45,
            "end": "2021-01",
            "matricule": "",
            "min_assign": 3,
            "num_resource": 4,
            "start": "2020-02",
            "type_resource": 2
        },
        "24": {
            "capacities": [
                "2"
            ],
            "consumption": 46,
            "end": "2021-08",
            "matricule": "",
            "min_assign": 2,
            "num_resource": 6,
            "start": "2021-02",
            "type_resource": 2
        },
        "25": {
            "capacities": [
                "2"
            ],
            "consumption": 16,
            "end": "2022-02",
            "matricule": "",
            "min_assign": 3,
            "num_resource": 5,
            "start": "2021-09",
            "type_resource": 2
        },
        "26": {
            "capacities": [
                "2"
            ],
            "consumption": 49,
            "end": "2022-11",
            "matricule": "",
            "min_assign": 3,
            "num_resource": 2,
            "start": "2022-03",
            "type_resource": 2
        },
        "27": {
            "capacities": [
                "2"
            ],
            "consumption": 23,
            "end": "2023-05",
            "matricule": "",
            "min_assign": 6,
            "num_resource": 4,
            "start": "2022-12",
            "type_resource": 2
        },
        "28": {
            "capacities": [
                "2"
            ],
            "consumption": 61,
            "end": "2024-04",
            "matricule": "",
            "min_assign": 3,
            "num_resource": 4,
            "start": "2023-06",
            "type_resource": 2
        },
        "29": {
            "capacities": [
                "2"
            ],
            "consumption": 20,
            "end": "2024-12",
            "matricule": "",
            "min_assign": 2,
            "num_resource": 2,
            "start": "2024-05",
            "type_resource": 2
        },
        "3": {
            "capacities": [
                "0"
            ],
            "consumption": 68,
            "end": "2021-02",
            "matricule": "",
            "min_assign": 3,
            "num_resource": 5,
            "start": "2020-05",
            "type_resource": 0
        },
        "30": {
            "capacities": [
                "2"
            ],
            "consumption": 47,
            "end": "2025-06",
            "matricule": "",
            "min_assign": 2,
            "num_resource": 6,
            "start": "2025-01",
            "type_resource": 2
        },
        "31": {
            "capacities": [
                "3"
            ],
            "consumption": 71,
            "end": "2018-08",
            "matricule": "",
            "min_assign": 2,
            "num_resource": 6,
            "start": "2018-01",
            "type_resource": 3
        },
        "32": {
            "capacities": [
                "3"
            ],
            "consumption": 78,
            "end": "2019-08",
            "matricule": "",
            "min_assign": 3,
            "num_resource": 6,
            "start": "2018-09",
            "type_resource": 3
        },
        "33": {
            "capacities": [
                "E",
                "3"
            ],
            "consumption": 44,
            "end": "2020-05",
            "matricule": "",
            "min_assign": 6,
            "num_resource": 3,
            "start": "2019-09",
            "type_resource": 3
        },
        "34": {
            "capacities": [
                "3"
            ],
            "consumption": 28,
            "end": "2020-11",
            "matricule": "",
            "min_assign": 2,
            "num_resource": 5,
            "start": "2020-06",
            "type_resource": 3
        },
        "35": {
            "capacities": [
                "3"
            ],
            "consumption": 36,
            "end": "2021-08",
            "matricule": "",
            "min_assign": 6,
            "num_resource": 5,
            "start": "2020-12",
            "type_resource": 3
        },
        "36": {
            "capacities": [
                "3"
            ],
            "consumption": 34,
            "end": "2022-03",
            "matricule": "",
            "min_assign": 2,
            "num_resource": 2,
            "start": "2021-09",
            "type_resource": 3
        },
        "37": {
            "capacities": [
                "3"
            ],
            "consumption": 83,
            "end": "2023-03",
            "matricule": "",
            "min_assign": 2,
            "num_resource": 3,
            "start": "2022-04",
            "type_resource": 3
        },
        "38": {
            "capacities": [
                "F",
                "3"
            ],
            "consumption": 92,
            "end": "2023-09",
            "matricule": "",
            "min_assign": 6,
            "num_resource": 3,
            "start": "2023-04",
            "type_resource": 3
        },
        "39": {
            "capacities": [
                "3"
            ],
            "consumption": 28,
            "end": "2024-04",
            "matricule": "",
            "min_assign": 3,
            "num_resource": 3,
            "start": "2023-10",
            "type_resource": 3
        },
        "4": {
            "capacities": [
                "0"
            ],
            "consumption": 51,
            "end": "2021-10",
            "matricule": "",
            "min_assign": 2,
            "num_resource": 3,
            "start": "2021-03",
            "type_resource": 0
        },
        "40": {
            "capacities": [
                "3"
            ],
            "consumption": 40,
            "end": "2024-12",
            "matricule": "",
            "min_assign": 6,
            "num_resource": 3,
            "start": "2024-05",
            "type_resource": 3
        },
        "41": {
            "capacities": [
                "3"
            ],
            "consumption": 31,
            "end": "2025-06",
            "matricule": "",
            "min_assign": 3,
            "num_resource": 4,
            "start": "2025-01",
            "type_resource": 3
        },
        "5": {
            "capacities": [
                "0"
            ],
            "consumption": 86,
            "end": "2022-10",
            "matricule": "",
            "min_assign": 6,
            "num_resource": 6,
            "start": "2021-11",
            "type_resource": 0
        },
        "6": {
            "capacities": [
                "0"
            ],
            "consumption": 96,
            "end": "2023-10",
            "matricule": "",
            "min_assign": 2,
            "num_resource": 1,
            "start": "2022-11",
            "type_resource": 0
        },
        "7": {
            "capacities": [
                "0"
            ],
            "consumption": 72,
            "end": "2024-05",
            "matricule": "",
            "min_assign": 3,
            "num_resource": 4,
            "start": "2023-11",
            "type_resource": 0
        },
        "8": {
            "capacities": [
                "0"
            ],
            "consumption": 37,
            "end": "2025-05",
            "matricule": "",
            "min_assign": 3,
            "num_resource": 6,
            "start": "2024-06",
            "type_resource": 0
        },
        "9": {
            "capacities": [
                "0",
                "A"
            ],
            "consumption": 31,
            "end": "2025-06",
            "matricule": "",
            "min_assign": 2,
            "num_resource": 2,
            "start": "2025-06",
            "type_resource": 0
        }
    }
}