{
    "hours": {
        "2": {
            "2018-03": -30.0,
            "2018-04": -112.0,
            "2022-03": -95.0,
            "2022-09": -146.0
        },
        "5": {
            "2019-05": -40.0,
            "2020-08": -52.0
        },
        "7": {
            "2019-01": -7.0,
            "2021-10": -33.0,
            "2021-11": -81.0
        }
    },
    "resources": {
        "0": {
            "2018-03": 1
        },
        "1": {
            "2018-08": 3,
            "2018-09": 1,
            "2018-10": 1
        },
        "2": {
            "2020-04": 1
        },
        "20": {
            "2018-01": 1,
            "2018-02": 1,
            "2018-03": 2,
            "2018-04": 3,
            "2018-05": 3,
            "2018-06": 2,
            "2018-07": 3
        },
        "21": {
            "2019-02": 1,
            "2019-03": 1
        },
        "3": {
            "2020-05": 1,
            "2020-09": 1
        },
        "4": {
            "2021-08": 1
        },
        "5": {
            "2021-11": 3,
            "2021-12": 1,
            "2022-01": 1,
            "2022-02": 1
        }
    }
}