{
    "hours": {
        "2": {
            "2018-02": -30.0,
            "2018-03": -112.0
        },
        "4": {
            "2019-05": -8.0
        }
    },
    "resources": {
        "1": {
            "2018-08": 3,
            "2018-09": 1,
            "2019-07": 2
        },
        "10": {
            "2018-01": 2,
            "2018-02": 2
        },
        "11": {
            "2018-12": 3
        },
        "13": {
            "2020-03": 2
        },
        "15": {
            "2022-05": 1
        },
        "2": {
            "2019-08": 1,
            "2019-09": 1,
            "2019-10": 1,
            "2020-02": 1,
            "2020-03": 1,
            "2020-04": 1
        },
        "20": {
            "2018-01": 4,
            "2018-02": 4,
            "2018-03": 6,
            "2018-04": 3,
            "2018-05": 3,
            "2018-06": 3,
            "2018-07": 3
        },
        "21": {
            "2018-08": 2,
            "2018-09": 1,
            "2019-02": 1,
            "2019-03": 1
        },
        "22": {
            "2020-01": 1
        },
        "3": {
            "2020-05": 3,
            "2020-06": 2
        },
        "32": {
            "2018-09": 1
        },
        "5": {
            "2021-11": 3,
            "2021-12": 2,
            "2022-01": 2,
            "2022-02": 2
        }
    }
}