{
    "maint_types": {
        "1": {
            "capacity": {}
        }
    },
    "maintenances": {
        "M": {
            "affects": [
                "M"
            ],
            "capacity": 7,
            "capacity_usage": 1,
            "depends_on": [
                "M"
            ],
            "duration_periods": 6,
            "elapsed_time_size": 15,
            "max_elapsed_time": 60,
            "max_used_time": 1000,
            "type": "1",
            "used_time_size": 1000
        }
    },
    "parameters": {
        "default_type2_capacity": 66,
        "elapsed_time_size": 15,
        "end": "2025-06",
        "initial_unbalance": [
            -3,
            3
        ],
        "maint_capacity": 7,
        "maint_duration": 6,
        "maint_weight": 1,
        "maintenances": {
            "M": {
                "affects": [],
                "capacity_usage": 1,
                "depends_on": [],
                "duration_periods": 4,
                "elapsed_time_size": 3,
                "max_elapsed_time": 60,
                "max_used_time": 1000,
                "priority": 0,
                "type": "1",
                "used_time_size": 1000
            },
            "VG": {
                "affects": [],
                "capacity_usage": 3,
                "depends_on": [
                    "M"
                ],
                "duration_periods": 1,
                "elapsed_time_size": 3,
                "max_elapsed_time": 8,
                "max_used_time": null,
                "priority": 10,
                "type": "2",
                "used_time_size": null
            },
            "VI": {
                "affects": [],
                "capacity_usage": 6,
                "depends_on": [
                    "M"
                ],
                "duration_periods": 1,
                "elapsed_time_size": 3,
                "max_elapsed_time": 17,
                "max_used_time": null,
                "priority": 5,
                "type": "2",
                "used_time_size": null
            },
            "VS": {
                "affects": [],
                "capacity_usage": 4,
                "depends_on": [
                    "M"
                ],
                "duration_periods": 1,
                "elapsed_time_size": null,
                "max_elapsed_time": null,
                "max_used_time": 600,
                "priority": 2,
                "type": "2",
                "used_time_size": 200
            }
        },
        "max_elapsed_time": 60,
        "max_elapsed_time_2M": null,
        "max_used_time": 1000,
        "min_avail_percent": 0.1,
        "min_avail_value": 1,
        "min_hours_perc": 0.5,
        "min_usage_period": 0,
        "num_parallel_tasks": 3,
        "num_period": 90,
        "num_resources": 45,
        "perc_add_capacity": 0.1,
        "perc_capacity": 0.15,
        "perc_in_maint": 0.07,
        "seed": 8002,
        "start": "2018-01",
        "t_duration": [
            6,
            12
        ],
        "t_min_assign": [
            2,
            3,
            6
        ],
        "t_num_resource": [
            1,
            6
        ],
        "t_required_hours": [
            10,
            50,
            100
        ],
        "unavail_weight": 1
    },
    "resources": {
        "0": {
            "capacities": [
                "0"
            ],
            "code": "",
            "initial": {
                "M": {
                    "elapsed": 56,
                    "used": 967
                }
            },
            "initial_elapsed": 56,
            "initial_used": 967,
            "min_usage_period": {
                "default": 0
            },
            "states": {},
            "type": 0
        },
        "1": {
            "capacities": [
                "0"
            ],
            "code": "",
            "initial": {
                "M": {
                    "elapsed": 38,
                    "used": 667
                }
            },
            "initial_elapsed": 38,
            "initial_used": 667,
            "min_usage_period": {
                "default": 0
            },
            "states": {},
            "type": 0
        },
        "10": {
            "capacities": [
                "2"
            ],
            "code": "",
            "initial": {
                "M": {
                    "elapsed": 10,
                    "used": 184
                }
            },
            "initial_elapsed": 10,
            "initial_used": 184,
            "min_usage_period": {
                "default": 0
            },
            "states": {},
            "type": 2
        },
        "11": {
            "capacities": [
                "2",
                "A"
            ],
            "code": "",
            "initial": {
                "M": {
                    "elapsed": 11,
                    "used": 167
                }
            },
            "initial_elapsed": 11,
            "initial_used": 167,
            "min_usage_period": {
                "default": 0
            },
            "states": {},
            "type": 2
        },
        "12": {
            "capacities": [
                "2"
            ],
            "code": "",
            "initial": {
                "M": {
                    "elapsed": 59,
                    "used": 1000
                }
            },
            "initial_elapsed": 59,
            "initial_used": 1000,
            "min_usage_period": {
                "default": 0
            },
            "states": {},
            "type": 2
        },
        "13": {
            "capacities": [
                "2",
                "A"
            ],
            "code": "",
            "initial": {
                "M": {
                    "elapsed": 55,
                    "used": 917
                }
            },
            "initial_elapsed": 55,
            "initial_used": 917,
            "min_usage_period": {
                "default": 0
            },
            "states": {},
            "type": 2
        },
        "14": {
            "capacities": [
                "2",
                "A"
            ],
            "code": "",
            "initial": {
                "M": {
                    "elapsed": 50,
                    "used": 850
                }
            },
            "initial_elapsed": 50,
            "initial_used": 850,
            "min_usage_period": {
                "default": 0
            },
            "states": {
                "2017-11": "20",
                "2017-12": "20"
            },
            "type": 2
        },
        "15": {
            "capacities": [
                "2"
            ],
            "code": "",
            "initial": {
                "M": {
                    "elapsed": 9,
                    "used": 117
                }
            },
            "initial_elapsed": 9,
            "initial_used": 117,
            "min_usage_period": {
                "default": 0
            },
            "states": {},
            "type": 2
        },
        "16": {
            "capacities": [
                "0"
            ],
            "code": "",
            "initial": {
                "M": {
                    "elapsed": 59,
                    "used": 1000
                }
            },
            "initial_elapsed": 59,
            "initial_used": 1000,
            "min_usage_period": {
                "default": 0
            },
            "states": {},
            "type": 0
        },
        "17": {
            "capacities": [
                "0"
            ],
            "code": "",
            "initial": {
                "M": {
                    "elapsed": 46,
                    "used": 717
                }
            },
            "initial_elapsed": 46,
            "initial_used": 717,
            "min_usage_period": {
                "default": 0
            },
            "states": {
                "2017-11": "0",
                "2017-12": "0"
            },
            "type": 0
        },
        "18": {
            "capacities": [
                "1"
            ],
            "code": "",
            "initial": {
                "M": {
                    "elapsed": 60,
                    "used": 1000
                }
            },
            "initial_elapsed": 60,
            "initial_used": 1000,
            "min_usage_period": {
                "default": 0
            },
            "states": {
                "2017-10": "M",
                "2017-11": "M",
                "2017-12": "M"
            },
            "type": 1
        },
        "19": {
            "capacities": [
                "1"
            ],
            "code": "",
            "initial": {
                "M": {
                    "elapsed": 34,
                    "used": 550
                }
            },
            "initial_elapsed": 34,
            "initial_used": 550,
            "min_usage_period": {
                "default": 0
            },
            "states": {},
            "type": 1
        },
        "2": {
            "capacities": [
                "0"
            ],
            "code": "",
            "initial": {
                "M": {
                    "elapsed": 58,
                    "used": 1000
                }
            },
            "initial_elapsed": 58,
            "initial_used": 1000,
            "min_usage_period": {
                "default": 0
            },
            "states": {},
            "type": 0
        },
        "20": {
            "capacities": [
                "1"
            ],
            "code": "",
            "initial": {
                "M": {
                    "elapsed": 45,
                    "used": 784
                }
            },
            "initial_elapsed": 45,
            "initial_used": 784,
            "min_usage_period": {
                "default": 0
            },
            "states": {},
            "type": 1
        },
        "21": {
            "capacities": [
                "0"
            ],
            "code": "",
            "initial": {
                "M": {
                    "elapsed": 58,
                    "used": 917
                }
            },
            "initial_elapsed": 58,
            "initial_used": 917,
            "min_usage_period": {
                "default": 0
            },
            "states": {
                "2017-11": "0",
                "2017-12": "0"
            },
            "type": 0
        },
        "22": {
            "capacities": [
                "1"
            ],
            "code": "",
            "initial": {
                "M": {
                    "elapsed": 13,
                    "used": 167
                }
            },
            "initial_elapsed": 13,
            "initial_used": 167,
            "min_usage_period": {
                "default": 0
            },
            "states": {},
            "type": 1
        },
        "23": {
            "capacities": [
                "1"
            ],
            "code": "",
            "initial": {
                "M": {
                    "elapsed": 23,
                    "used": 400
                }
            },
            "initial_elapsed": 23,
            "initial_used": 400,
            "min_usage_period": {
                "default": 0
            },
            "states": {},
            "type": 1
        },
        "24": {
            "capacities": [
                "1"
            ],
            "code": "",
            "initial": {
                "M": {
                    "elapsed": 54,
                    "used": 934
                }
            },
            "initial_elapsed": 54,
            "initial_used": 934,
            "min_usage_period": {
                "default": 0
            },
            "states": {},
            "type": 1
        },
        "25": {
            "capacities": [
                "2"
            ],
            "code": "",
            "initial": {
                "M": {
                    "elapsed": 52,
                    "used": 867
                }
            },
            "initial_elapsed": 52,
            "initial_used": 867,
            "min_usage_period": {
                "default": 0
            },
            "states": {},
            "type": 2
        },
        "26": {
            "capacities": [
                "2",
                "A"
            ],
            "code": "",
            "initial": {
                "M": {
                    "elapsed": 51,
                    "used": 834
                }
            },
            "initial_elapsed": 51,
            "initial_used": 834,
            "min_usage_period": {
                "default": 0
            },
            "states": {},
            "type": 2
        },
        "27": {
            "capacities": [
                "2",
                "A"
            ],
            "code": "",
            "initial": {
                "M": {
                    "elapsed": 30,
                    "used": 517
                }
            },
            "initial_elapsed": 30,
            "initial_used": 517,
            "min_usage_period": {
                "default": 0
            },
            "states": {},
            "type": 2
        },
        "28": {
            "capacities": [
                "1"
            ],
            "code": "",
            "initial": {
                "M": {
                    "elapsed": 38,
                    "used": 667
                }
            },
            "initial_elapsed": 38,
            "initial_used": 667,
            "min_usage_period": {
                "default": 0
            },
            "states": {},
            "type": 1
        },
        "29": {
            "capacities": [
                "1"
            ],
            "code": "",
            "initial": {
                "M": {
                    "elapsed": 34,
                    "used": 584
                }
            },
            "initial_elapsed": 34,
            "initial_used": 584,
            "min_usage_period": {
                "default": 0
            },
            "states": {
                "2017-11": "10",
                "2017-12": "10"
            },
            "type": 1
        },
        "3": {
            "capacities": [
                "0"
            ],
            "code": "",
            "initial": {
                "M": {
                    "elapsed": 55,
                    "used": 934
                }
            },
            "initial_elapsed": 55,
            "initial_used": 934,
            "min_usage_period": {
                "default": 0
            },
            "states": {},
            "type": 0
        },
        "30": {
            "capacities": [
                "1"
            ],
            "code": "",
            "initial": {
                "M": {
                    "elapsed": 60,
                    "used": 1000
                }
            },
            "initial_elapsed": 60,
            "initial_used": 1000,
            "min_usage_period": {
                "default": 0
            },
            "states": {
                "2017-10": "M",
                "2017-11": "M",
                "2017-12": "M"
            },
            "type": 1
        },
        "31": {
            "capacities": [
                "0"
            ],
            "code": "",
            "initial": {
                "M": {
                    "elapsed": 53,
                    "used": 884
                }
            },
            "initial_elapsed": 53,
            "initial_used": 884,
            "min_usage_period": {
                "default": 0
            },
            "states": {},
            "type": 0
        },
        "32": {
            "capacities": [
                "1"
            ],
            "code": "",
            "initial": {
                "M": {
                    "elapsed": 34,
                    "used": 567
                }
            },
            "initial_elapsed": 34,
            "initial_used": 567,
            "min_usage_period": {
                "default": 0
            },
            "states": {},
            "type": 1
        },
        "33": {
            "capacities": [
                "2",
                "A"
            ],
            "code": "",
            "initial": {
                "M": {
                    "elapsed": 25,
                    "used": 434
                }
            },
            "initial_elapsed": 25,
            "initial_used": 434,
            "min_usage_period": {
                "default": 0
            },
            "states": {},
            "type": 2
        },
        "34": {
            "capacities": [
                "2",
                "A"
            ],
            "code": "",
            "initial": {
                "M": {
                    "elapsed": 55,
                    "used": 967
                }
            },
            "initial_elapsed": 55,
            "initial_used": 967,
            "min_usage_period": {
                "default": 0
            },
            "states": {},
            "type": 2
        },
        "35": {
            "capacities": [
                "1"
            ],
            "code": "",
            "initial": {
                "M": {
                    "elapsed": 60,
                    "used": 1000
                }
            },
            "initial_elapsed": 60,
            "initial_used": 1000,
            "min_usage_period": {
                "default": 0
            },
            "states": {
                "2017-07": "M",
                "2017-08": "M",
                "2017-09": "M",
                "2017-10": "M",
                "2017-11": "M",
                "2017-12": "M"
            },
            "type": 1
        },
        "36": {
            "capacities": [
                "2"
            ],
            "code": "",
            "initial": {
                "M": {
                    "elapsed": 20,
                    "used": 300
                }
            },
            "initial_elapsed": 20,
            "initial_used": 300,
            "min_usage_period": {
                "default": 0
            },
            "states": {},
            "type": 2
        },
        "37": {
            "capacities": [
                "2"
            ],
            "code": "",
            "initial": {
                "M": {
                    "elapsed": 50,
                    "used": 867
                }
            },
            "initial_elapsed": 50,
            "initial_used": 867,
            "min_usage_period": {
                "default": 0
            },
            "states": {},
            "type": 2
        },
        "38": {
            "capacities": [
                "1"
            ],
            "code": "",
            "initial": {
                "M": {
                    "elapsed": 10,
                    "used": 117
                }
            },
            "initial_elapsed": 10,
            "initial_used": 117,
            "min_usage_period": {
                "default": 0
            },
            "states": {},
            "type": 1
        },
        "39": {
            "capacities": [
                "0"
            ],
            "code": "",
            "initial": {
                "M": {
                    "elapsed": 30,
                    "used": 534
                }
            },
            "initial_elapsed": 30,
            "initial_used": 534,
            "min_usage_period": {
                "default": 0
            },
            "states": {},
            "type": 0
        },
        "4": {
            "capacities": [
                "0"
            ],
            "code": "",
            "initial": {
                "M": {
                    "elapsed": 27,
                    "used": 450
                }
            },
            "initial_elapsed": 27,
            "initial_used": 450,
            "min_usage_period": {
                "default": 0
            },
            "states": {},
            "type": 0
        },
        "40": {
            "capacities": [
                "2",
                "A"
            ],
            "code": "",
            "initial": {
                "M": {
                    "elapsed": 27,
                    "used": 450
                }
            },
            "initial_elapsed": 27,
            "initial_used": 450,
            "min_usage_period": {
                "default": 0
            },
            "states": {},
            "type": 2
        },
        "41": {
            "capacities": [
                "2"
            ],
            "code": "",
            "initial": {
                "M": {
                    "elapsed": 20,
                    "used": 367
                }
            },
            "initial_elapsed": 20,
            "initial_used": 367,
            "min_usage_period": {
                "default": 0
            },
            "states": {},
            "type": 2
        },
        "42": {
            "capacities": [
                "0"
            ],
            "code": "",
            "initial": {
                "M": {
                    "elapsed": 54,
                    "used": 900
                }
            },
            "initial_elapsed": 54,
            "initial_used": 900,
            "min_usage_period": {
                "default": 0
            },
            "states": {
                "2017-11": "0",
                "2017-12": "0"
            },
            "type": 0
        },
        "43": {
            "capacities": [
                "2"
            ],
            "code": "",
            "initial": {
                "M": {
                    "elapsed": 25,
                    "used": 384
                }
            },
            "initial_elapsed": 25,
            "initial_used": 384,
            "min_usage_period": {
                "default": 0
            },
            "states": {},
            "type": 2
        },
        "44": {
            "capacities": [
                "2",
                "A"
            ],
            "code": "",
            "initial": {
                "M": {
                    "elapsed": 36,
                    "used": 584
                }
            },
            "initial_elapsed": 36,
            "initial_used": 584,
            "min_usage_period": {
                "default": 0
            },
            "states": {
                "2017-11": "20",
                "2017-12": "20"
            },
            "type": 2
        },
        "5": {
            "capacities": [
                "0"
            ],
            "code": "",
            "initial": {
                "M": {
                    "elapsed": 18,
                    "used": 284
                }
            },
            "initial_elapsed": 18,
            "initial_used": 284,
            "min_usage_period": {
                "default": 0
            },
            "states": {},
            "type": 0
        },
        "6": {
            "capacities": [
                "1"
            ],
            "code": "",
            "initial": {
                "M": {
                    "elapsed": 44,
                    "used": 750
                }
            },
            "initial_elapsed": 44,
            "initial_used": 750,
            "min_usage_period": {
                "default": 0
            },
            "states": {
                "2017-11": "10",
                "2017-12": "10"
            },
            "type": 1
        },
        "7": {
            "capacities": [
                "1"
            ],
            "code": "",
            "initial": {
                "M": {
                    "elapsed": 23,
                    "used": 350
                }
            },
            "initial_elapsed": 23,
            "initial_used": 350,
            "min_usage_period": {
                "default": 0
            },
            "states": {},
            "type": 1
        },
        "8": {
            "capacities": [
                "1"
            ],
            "code": "",
            "initial": {
                "M": {
                    "elapsed": 18,
                    "used": 267
                }
            },
            "initial_elapsed": 18,
            "initial_used": 267,
            "min_usage_period": {
                "default": 0
            },
            "states": {},
            "type": 1
        },
        "9": {
            "capacities": [
                "1"
            ],
            "code": "",
            "initial": {
                "M": {
                    "elapsed": 56,
                    "used": 884
                }
            },
            "initial_elapsed": 56,
            "initial_used": 884,
            "min_usage_period": {
                "default": 0
            },
            "states": {},
            "type": 1
        }
    },
    "tasks": {
        "0": {
            "capacities": [
                "0"
            ],
            "consumption": 24,
            "end": "2018-10",
            "matricule": "",
            "min_assign": 3,
            "num_resource": 4,
            "start": "2018-01",
            "type_resource": 0
        },
        "1": {
            "capacities": [
                "0"
            ],
            "consumption": 61,
            "end": "2019-05",
            "matricule": "",
            "min_assign": 2,
            "num_resource": 6,
            "start": "2018-11",
            "type_resource": 0
        },
        "10": {
            "capacities": [
                "1"
            ],
            "consumption": 53,
            "end": "2018-10",
            "matricule": "",
            "min_assign": 2,
            "num_resource": 4,
            "start": "2018-01",
            "type_resource": 1
        },
        "11": {
            "capacities": [
                "1"
            ],
            "consumption": 60,
            "end": "2019-06",
            "matricule": "",
            "min_assign": 2,
            "num_resource": 3,
            "start": "2018-11",
            "type_resource": 1
        },
        "12": {
            "capacities": [
                "1"
            ],
            "consumption": 30,
            "end": "2020-05",
            "matricule": "",
            "min_assign": 3,
            "num_resource": 4,
            "start": "2019-07",
            "type_resource": 1
        },
        "13": {
            "capacities": [
                "1"
            ],
            "consumption": 57,
            "end": "2021-02",
            "matricule": "",
            "min_assign": 3,
            "num_resource": 1,
            "start": "2020-06",
            "type_resource": 1
        },
        "14": {
            "capacities": [
                "1"
            ],
            "consumption": 80,
            "end": "2021-09",
            "matricule": "",
            "min_assign": 2,
            "num_resource": 1,
            "start": "2021-03",
            "type_resource": 1
        },
        "15": {
            "capacities": [
                "1"
            ],
            "consumption": 97,
            "end": "2022-04",
            "matricule": "",
            "min_assign": 6,
            "num_resource": 1,
            "start": "2021-10",
            "type_resource": 1
        },
        "16": {
            "capacities": [
                "1"
            ],
            "consumption": 63,
            "end": "2022-12",
            "matricule": "",
            "min_assign": 2,
            "num_resource": 2,
            "start": "2022-05",
            "type_resource": 1
        },
        "17": {
            "capacities": [
                "1"
            ],
            "consumption": 42,
            "end": "2023-11",
            "matricule": "",
            "min_assign": 2,
            "num_resource": 3,
            "start": "2023-01",
            "type_resource": 1
        },
        "18": {
            "capacities": [
                "1"
            ],
            "consumption": 47,
            "end": "2024-11",
            "matricule": "",
            "min_assign": 2,
            "num_resource": 2,
            "start": "2023-12",
            "type_resource": 1
        },
        "19": {
            "capacities": [
                "1"
            ],
            "consumption": 20,
            "end": "2025-06",
            "matricule": "",
            "min_assign": 3,
            "num_resource": 3,
            "start": "2024-12",
            "type_resource": 1
        },
        "2": {
            "capacities": [
                "0"
            ],
            "consumption": 40,
            "end": "2020-02",
            "matricule": "",
            "min_assign": 2,
            "num_resource": 3,
            "start": "2019-06",
            "type_resource": 0
        },
        "20": {
            "capacities": [
                "2"
            ],
            "consumption": 64,
            "end": "2018-08",
            "matricule": "",
            "min_assign": 2,
            "num_resource": 4,
            "start": "2018-01",
            "type_resource": 2
        },
        "21": {
            "capacities": [
                "2"
            ],
            "consumption": 67,
            "end": "2019-02",
            "matricule": "",
            "min_assign": 6,
            "num_resource": 4,
            "start": "2018-09",
            "type_resource": 2
        },
        "22": {
            "capacities": [
                "2"
            ],
            "consumption": 84,
            "end": "2019-08",
            "matricule": "",
            "min_assign": 2,
            "num_resource": 5,
            "start": "2019-03",
            "type_resource": 2
        },
        "23": {
            "capacities": [
                "2"
            ],
            "consumption": 11,
            "end": "2020-06",
            "matricule": "",
            "min_assign": 3,
            "num_resource": 1,
            "start": "2019-09",
            "type_resource": 2
        },
        "24": {
            "capacities": [
                "2"
            ],
            "consumption": 20,
            "end": "2021-06",
            "matricule": "",
            "min_assign": 3,
            "num_resource": 1,
            "start": "2020-07",
            "type_resource": 2
        },
        "25": {
            "capacities": [
                "2"
            ],
            "consumption": 37,
            "end": "2021-12",
            "matricule": "",
            "min_assign": 6,
            "num_resource": 3,
            "start": "2021-07",
            "type_resource": 2
        },
        "26": {
            "capacities": [
                "2",
                "A"
            ],
            "consumption": 74,
            "end": "2022-11",
            "matricule": "",
            "min_assign": 2,
            "num_resource": 6,
            "start": "2022-01",
            "type_resource": 2
        },
        "27": {
            "capacities": [
                "2"
            ],
            "consumption": 41,
            "end": "2023-06",
            "matricule": "",
            "min_assign": 3,
            "num_resource": 5,
            "start": "2022-12",
            "type_resource": 2
        },
        "28": {
            "capacities": [
                "2"
            ],
            "consumption": 55,
            "end": "2024-04",
            "matricule": "",
            "min_assign": 6,
            "num_resource": 6,
            "start": "2023-07",
            "type_resource": 2
        },
        "29": {
            "capacities": [
                "2"
            ],
            "consumption": 21,
            "end": "2024-10",
            "matricule": "",
            "min_assign": 3,
            "num_resource": 4,
            "start": "2024-05",
            "type_resource": 2
        },
        "3": {
            "capacities": [
                "0"
            ],
            "consumption": 27,
            "end": "2020-12",
            "matricule": "",
            "min_assign": 2,
            "num_resource": 1,
            "start": "2020-03",
            "type_resource": 0
        },
        "30": {
            "capacities": [
                "2"
            ],
            "consumption": 41,
            "end": "2025-05",
            "matricule": "",
            "min_assign": 6,
            "num_resource": 5,
            "start": "2024-11",
            "type_resource": 2
        },
        "31": {
            "capacities": [
                "2"
            ],
            "consumption": 38,
            "end": "2025-06",
            "matricule": "",
            "min_assign": 6,
            "num_resource": 5,
            "start": "2025-06",
            "type_resource": 2
        },
        "4": {
            "capacities": [
                "0"
            ],
            "consumption": 55,
            "end": "2021-09",
            "matricule": "",
            "min_assign": 2,
            "num_resource": 1,
            "start": "2021-01",
            "type_resource": 0
        },
        "5": {
            "capacities": [
                "0"
            ],
            "consumption": 65,
            "end": "2022-09",
            "matricule": "",
            "min_assign": 3,
            "num_resource": 5,
            "start": "2021-10",
            "type_resource": 0
        },
        "6": {
            "capacities": [
                "0"
            ],
            "consumption": 42,
            "end": "2023-08",
            "matricule": "",
            "min_assign": 3,
            "num_resource": 2,
            "start": "2022-10",
            "type_resource": 0
        },
        "7": {
            "capacities": [
                "0"
            ],
            "consumption": 29,
            "end": "2024-03",
            "matricule": "",
            "min_assign": 3,
            "num_resource": 2,
            "start": "2023-09",
            "type_resource": 0
        },
        "8": {
            "capacities": [
                "0"
            ],
            "consumption": 50,
            "end": "2024-10",
            "matricule": "",
            "min_assign": 2,
            "num_resource": 6,
            "start": "2024-04",
            "type_resource": 0
        },
        "9": {
            "capacities": [
                "0"
            ],
            "consumption": 62,
            "end": "2025-06",
            "matricule": "",
            "min_assign": 6,
            "num_resource": 1,
            "start": "2024-11",
            "type_resource": 0
        }
    }
}