{
    "hours": {
        "1": {
            "2024-08": -36.0,
            "2025-04": -34.0
        }
    },
    "resources": {
        "1": {
            "2018-12": 3,
            "2019-01": 1
        },
        "12": {
            "2019-05": 1,
            "2020-01": 1
        },
        "16": {
            "2023-05": 1,
            "2023-06": 1,
            "2023-07": 1
        },
        "2": {
            "2019-08": 1,
            "2019-11": 1
        },
        "3": {
            "2020-08": 1,
            "2020-09": 1,
            "2020-10": 1,
            "2020-11": 1,
            "2020-12": 1,
            "2021-01": 1
        },
        "4": {
            "2021-02": 6,
            "2021-03": 5,
            "2021-04": 5,
            "2021-05": 4,
            "2021-06": 3,
            "2021-07": 2,
            "2021-08": 1,
            "2021-09": 2,
            "2021-10": 2
        },
        "8": {
            "2024-09": 1
        }
    }
}