{
    "available": {
        "4": {
            "2020-08": -1,
            "2020-09": -1,
            "2020-10": -1,
            "2020-11": -1,
            "2020-12": -1,
            "2024-11": -1,
            "2024-12": -1,
            "2025-01": -1,
            "2025-02": -1,
            "2025-03": -1
        }
    },
    "hours": {
        "2": {
            "2019-07": -232.0,
            "2019-08": -496.0,
            "2019-09": -760.0
        }
    },
    "resources": {
        "10": {
            "2018-01": 1,
            "2018-02": 1,
            "2018-03": 1
        },
        "18": {
            "2023-12": 2,
            "2024-01": 2,
            "2024-02": 1
        }
    }
}