{
    "hours": {
        "2": {
            "2020-12": -27.0,
            "2021-01": -62.0,
            "2021-04": -17.0,
            "2021-05": -52.0
        },
        "4": {
            "2018-09": -20.0,
            "2018-10": -76.0,
            "2018-11": -132.0,
            "2018-12": -132.0,
            "2019-01": -132.0,
            "2019-02": -132.0,
            "2019-03": -132.0,
            "2019-04": -132.0,
            "2019-05": -132.0,
            "2019-06": -132.0,
            "2019-07": -132.0,
            "2019-08": -132.0,
            "2019-09": -132.0,
            "2019-10": -178.0,
            "2019-11": -224.0,
            "2019-12": -270.0,
            "2020-01": -316.0,
            "2020-02": -362.0,
            "2020-03": -408.0,
            "2020-04": -454.0,
            "2025-03": -87.0,
            "2025-04": -87.0,
            "2025-05": -87.0,
            "2025-06": -87.0
        },
        "5": {
            "2024-01": -81.0,
            "2024-04": -17.0,
            "2024-05": -79.0,
            "2024-06": -141.0,
            "2025-06": -34.0
        },
        "6": {
            "2020-02": -14.0,
            "2020-03": -152.0,
            "2020-04": -244.0,
            "2023-08": -64.0,
            "2023-09": -116.0,
            "2023-10": -168.0,
            "2023-11": -220.0,
            "2023-12": -272.0,
            "2024-01": -324.0,
            "2024-02": -428.0,
            "2024-03": -532.0,
            "2024-04": -636.0,
            "2024-05": -636.0,
            "2024-06": -636.0,
            "2025-02": -211.0,
            "2025-03": -479.0,
            "2025-04": -680.0,
            "2025-05": -881.0,
            "2025-06": -1082.0
        },
        "7": {
            "2018-02": -83.0,
            "2018-03": -260.0,
            "2019-09": -51.0,
            "2019-10": -77.0,
            "2019-11": -103.0,
            "2019-12": -129.0,
            "2020-01": -155.0
        },
        "8": {
            "2018-01": -324.0,
            "2018-02": -386.0,
            "2018-03": -448.0,
            "2018-04": -510.0,
            "2018-05": -572.0,
            "2018-12": -16.0,
            "2019-01": -190.0,
            "2019-02": -364.0,
            "2023-10": -26.0,
            "2023-11": -190.0,
            "2023-12": -354.0,
            "2024-01": -518.0,
            "2024-02": -166.0,
            "2024-03": -330.0,
            "2024-05": -142.0,
            "2024-06": -306.0
        }
    },
    "resources": {
        "0": {
            "2018-05": 1,
            "2018-06": 1,
            "2018-07": 2
        },
        "1": {
            "2018-08": 3,
            "2019-02": 1,
            "2019-03": 1,
            "2019-04": 1,
            "2019-05": 1,
            "2019-06": 1
        },
        "10": {
            "2018-12": 1
        },
        "11": {
            "2019-07": 1,
            "2019-08": 1,
            "2019-09": 1
        },
        "12": {
            "2020-04": 1,
            "2020-05": 2,
            "2020-06": 3,
            "2020-07": 3
        },
        "13": {
            "2021-05": 1,
            "2021-06": 2,
            "2021-07": 3
        },
        "15": {
            "2022-04": 1,
            "2022-05": 1,
            "2022-06": 1,
            "2022-07": 1,
            "2022-08": 1,
            "2022-09": 1,
            "2022-10": 1,
            "2022-11": 1
        },
        "16": {
            "2023-08": 1
        },
        "17": {
            "2023-09": 1,
            "2023-10": 1,
            "2023-11": 1,
            "2023-12": 1,
            "2024-01": 1
        },
        "2": {
            "2019-07": 1,
            "2019-12": 1
        },
        "20": {
            "2018-01": 2,
            "2018-02": 2,
            "2018-03": 2,
            "2018-04": 2,
            "2018-05": 2,
            "2018-06": 2,
            "2018-07": 2,
            "2018-08": 3,
            "2018-09": 3,
            "2018-10": 4
        },
        "21": {
            "2018-11": 2,
            "2018-12": 1,
            "2019-01": 1,
            "2019-02": 1,
            "2019-03": 1
        },
        "29": {
            "2025-02": 2,
            "2025-03": 2,
            "2025-04": 2,
            "2025-05": 2,
            "2025-06": 2
        },
        "3": {
            "2020-09": 3
        },
        "32": {
            "2019-07": 2,
            "2019-08": 2,
            "2019-09": 2,
            "2019-10": 2,
            "2019-11": 2,
            "2019-12": 2,
            "2020-01": 2
        },
        "38": {
            "2024-09": 1
        },
        "39": {
            "2024-10": 1
        },
        "40": {
            "2025-04": 2,
            "2025-05": 2,
            "2025-06": 2
        },
        "9": {
            "2024-12": 1,
            "2025-01": 1
        }
    }
}