{
    "hours": {
        "1": {
            "2018-06": -107.0
        },
        "13": {
            "2018-02": -28.0
        },
        "18": {
            "2020-04": -33.0
        },
        "2": {
            "2018-06": -1.0
        },
        "20": {
            "2019-02": -156.0,
            "2019-03": -426.0
        },
        "23": {
            "2022-04": -12.0
        },
        "24": {
            "2025-06": -45.0
        },
        "26": {
            "2025-02": -4.0,
            "2025-03": -148.0
        },
        "27": {
            "2021-01": -70.0,
            "2021-02": -220.0
        },
        "28": {
            "2018-04": -6.0,
            "2018-05": -70.0,
            "2018-06": -134.0,
            "2018-07": -198.0
        },
        "3": {
            "2018-06": -19.0
        },
        "31": {
            "2018-09": -134.0,
            "2024-07": -143.0,
            "2024-10": -15.0,
            "2025-02": -3.0,
            "2025-06": -55.0
        },
        "32": {
            "2019-09": -33.0,
            "2023-07": -12.0,
            "2023-08": -33.0,
            "2024-02": -63.0,
            "2024-07": -28.0
        },
        "5": {
            "2019-02": -17.0,
            "2019-03": -83.0,
            "2019-04": -149.0
        }
    },
    "resources": {
        "0": {
            "2018-01": 2,
            "2018-04": 1
        },
        "10": {
            "2018-01": 2,
            "2018-02": 2,
            "2018-03": 3,
            "2018-04": 3,
            "2018-05": 3,
            "2018-06": 2,
            "2018-08": 1,
            "2018-09": 1,
            "2018-10": 1,
            "2018-11": 1,
            "2018-12": 1
        },
        "11": {
            "2019-01": 1
        },
        "115": {
            "2023-06": 1
        },
        "123": {
            "2022-01": 3,
            "2022-02": 2
        },
        "139": {
            "2018-10": 6,
            "2018-11": 5,
            "2018-12": 1,
            "2019-01": 1,
            "2019-02": 1,
            "2019-03": 1,
            "2019-04": 1,
            "2019-05": 1
        },
        "140": {
            "2019-06": 1
        },
        "146": {
            "2023-09": 2,
            "2023-10": 2,
            "2024-08": 1
        },
        "86": {
            "2018-01": 2,
            "2018-08": 1,
            "2018-09": 1,
            "2018-10": 1,
            "2018-11": 1,
            "2018-12": 1
        }
    }
}