{
    "hours": {
        "1": {
            "2018-01": -278.0,
            "2018-02": -394.0,
            "2018-03": -510.0
        },
        "2": {
            "2024-11": -32.0
        },
        "3": {
            "2018-09": -9.0,
            "2018-10": -197.0,
            "2019-04": -5.0,
            "2024-02": -192.0,
            "2024-11": -134.0
        }
    },
    "resources": {
        "11": {
            "2018-12": 1
        },
        "13": {
            "2019-09": 1,
            "2019-10": 1,
            "2019-11": 1,
            "2019-12": 1,
            "2020-06": 1
        },
        "14": {
            "2020-07": 1
        },
        "17": {
            "2022-10": 2
        },
        "20": {
            "2018-01": 2,
            "2018-02": 1,
            "2018-03": 2,
            "2018-04": 2
        },
        "21": {
            "2018-11": 6,
            "2018-12": 6,
            "2019-01": 4,
            "2019-02": 3,
            "2019-03": 2,
            "2019-04": 2,
            "2019-05": 2
        },
        "22": {
            "2019-06": 3,
            "2019-07": 2,
            "2019-08": 2,
            "2019-09": 2,
            "2019-10": 1,
            "2019-11": 1,
            "2019-12": 3,
            "2020-01": 3,
            "2020-02": 3,
            "2020-03": 3,
            "2020-04": 3,
            "2020-05": 3
        },
        "24": {
            "2021-05": 3,
            "2021-06": 2,
            "2021-07": 2,
            "2021-08": 2,
            "2021-09": 2,
            "2021-10": 1,
            "2021-11": 1,
            "2021-12": 1,
            "2022-01": 3,
            "2022-02": 4
        }
    }
}