{
    "available": {
        "4": {
            "2020-09": -1,
            "2020-10": -1,
            "2020-11": -1,
            "2020-12": -1,
            "2021-01": -1
        }
    },
    "hours": {
        "2": {
            "2019-08": -164.0,
            "2019-09": -428.0
        },
        "3": {
            "2019-09": -51.0
        },
        "4": {
            "2020-07": -5.0
        }
    },
    "resources": {
        "10": {
            "2018-01": 2,
            "2018-02": 1,
            "2018-03": 1,
            "2018-04": 1,
            "2018-05": 1,
            "2018-07": 1
        },
        "11": {
            "2018-12": 2
        },
        "18": {
            "2023-12": 1,
            "2024-01": 1,
            "2024-02": 1,
            "2024-03": 1,
            "2024-04": 1,
            "2024-05": 1,
            "2024-06": 1,
            "2024-07": 1
        }
    }
}