{
    "hours": {
        "2": {
            "2021-05": -23.0,
            "2021-06": -171.0
        },
        "3": {
            "2022-09": -47.0,
            "2023-02": -21.0,
            "2023-03": -113.0,
            "2023-04": -205.0
        }
    },
    "resources": {
        "12": {
            "2019-01": 1
        },
        "20": {
            "2018-10": 1
        },
        "21": {
            "2018-11": 5,
            "2018-12": 5,
            "2019-01": 5,
            "2019-02": 3,
            "2019-03": 2,
            "2019-04": 2,
            "2019-05": 2
        },
        "22": {
            "2019-06": 3,
            "2019-07": 1,
            "2019-08": 1,
            "2019-09": 1,
            "2019-10": 1,
            "2019-11": 1,
            "2019-12": 2,
            "2020-01": 2,
            "2020-02": 2,
            "2020-03": 2,
            "2020-04": 2,
            "2020-05": 2
        },
        "24": {
            "2021-09": 1,
            "2022-02": 1
        },
        "25": {
            "2022-03": 1,
            "2022-04": 1
        }
    }
}