{
    "maint_types": {
        "1": {
            "capacity": {}
        }
    },
    "maintenances": {
        "M": {
            "affects": [
                "M"
            ],
            "capacity": 14,
            "capacity_usage": 1,
            "depends_on": [
                "M"
            ],
            "duration_periods": 6,
            "elapsed_time_size": 15,
            "max_elapsed_time": 60,
            "max_used_time": 1000,
            "type": "1",
            "used_time_size": 1000
        }
    },
    "parameters": {
        "default_type2_capacity": 66,
        "elapsed_time_size": 15,
        "end": "2025-06",
        "initial_unbalance": [
            -3,
            3
        ],
        "maint_capacity": 14,
        "maint_duration": 6,
        "maint_weight": 1,
        "maintenances": {
            "M": {
                "affects": [],
                "capacity_usage": 1,
                "depends_on": [],
                "duration_periods": 4,
                "elapsed_time_size": 3,
                "max_elapsed_time": 60,
                "max_used_time": 1000,
                "priority": 0,
                "type": "1",
                "used_time_size": 1000
            },
            "VG": {
                "affects": [],
                "capacity_usage": 3,
                "depends_on": [
                    "M"
                ],
                "duration_periods": 1,
                "elapsed_time_size": 3,
                "max_elapsed_time": 8,
                "max_used_time": null,
                "priority": 10,
                "type": "2",
                "used_time_size": null
            },
            "VI": {
                "affects": [],
                "capacity_usage": 6,
                "depends_on": [
                    "M"
                ],
                "duration_periods": 1,
                "elapsed_time_size": 3,
                "max_elapsed_time": 17,
                "max_used_time": null,
                "priority": 5,
                "type": "2",
                "used_time_size": null
            },
            "VS": {
                "affects": [],
                "capacity_usage": 4,
                "depends_on": [
                    "M"
                ],
                "duration_periods": 1,
                "elapsed_time_size": null,
                "max_elapsed_time": null,
                "max_used_time": 600,
                "priority": 2,
                "type": "2",
                "used_time_size": 200
            }
        },
        "max_elapsed_time": 60,
        "max_elapsed_time_2M": null,
        "max_used_time": 1000,
        "min_avail_percent": 0.1,
        "min_avail_value": 1,
        "min_hours_perc": 0.5,
        "min_usage_period": 0,
        "num_parallel_tasks": 6,
        "num_period": 90,
        "num_resources": 90,
        "perc_add_capacity": 0.1,
        "perc_capacity": 0.15,
        "perc_in_maint": 0.07,
        "seed": 8002,
        "start": "2018-01",
        "t_duration": [
            6,
            12
        ],
        "t_min_assign": [
            2,
            3,
            6
        ],
        "t_num_resource": [
            1,
            6
        ],
        "t_required_hours": [
            10,
            50,
            100
        ],
        "unavail_weight": 1
    },
    "resources": {
        "0": {
            "capacities": [
                "A",
                "0"
            ],
            "code": "",
            "initial": {
                "M": {
                    "elapsed": 58,
                    "used": 950
                }
            },
            "initial_elapsed": 58,
            "initial_used": 950,
            "min_usage_period": {
                "default": 0
            },
            "states": {
                "2017-07": "0",
                "2017-08": "0",
                "2017-09": "0",
                "2017-10": "0",
                "2017-11": "0",
                "2017-12": "0"
            },
            "type": 0
        },
        "1": {
            "capacities": [
                "A",
                "0"
            ],
            "code": "",
            "initial": {
                "M": {
                    "elapsed": 48,
                    "used": 767
                }
            },
            "initial_elapsed": 48,
            "initial_used": 767,
            "min_usage_period": {
                "default": 0
            },
            "states": {
                "2017-07": "0",
                "2017-08": "0",
                "2017-09": "0",
                "2017-10": "0",
                "2017-11": "0",
                "2017-12": "0"
            },
            "type": 0
        },
        "10": {
            "capacities": [
                "B",
                "1"
            ],
            "code": "",
            "initial": {
                "M": {
                    "elapsed": 56,
                    "used": 950
                }
            },
            "initial_elapsed": 56,
            "initial_used": 950,
            "min_usage_period": {
                "default": 0
            },
            "states": {},
            "type": 1
        },
        "11": {
            "capacities": [
                "1"
            ],
            "code": "",
            "initial": {
                "M": {
                    "elapsed": 18,
                    "used": 334
                }
            },
            "initial_elapsed": 18,
            "initial_used": 334,
            "min_usage_period": {
                "default": 0
            },
            "states": {},
            "type": 1
        },
        "12": {
            "capacities": [
                "D",
                "2",
                "E"
            ],
            "code": "",
            "initial": {
                "M": {
                    "elapsed": 31,
                    "used": 534
                }
            },
            "initial_elapsed": 31,
            "initial_used": 534,
            "min_usage_period": {
                "default": 0
            },
            "states": {},
            "type": 2
        },
        "13": {
            "capacities": [
                "2"
            ],
            "code": "",
            "initial": {
                "M": {
                    "elapsed": 31,
                    "used": 467
                }
            },
            "initial_elapsed": 31,
            "initial_used": 467,
            "min_usage_period": {
                "default": 0
            },
            "states": {},
            "type": 2
        },
        "14": {
            "capacities": [
                "2"
            ],
            "code": "",
            "initial": {
                "M": {
                    "elapsed": 39,
                    "used": 634
                }
            },
            "initial_elapsed": 39,
            "initial_used": 634,
            "min_usage_period": {
                "default": 0
            },
            "states": {},
            "type": 2
        },
        "15": {
            "capacities": [
                "D",
                "2"
            ],
            "code": "",
            "initial": {
                "M": {
                    "elapsed": 40,
                    "used": 717
                }
            },
            "initial_elapsed": 40,
            "initial_used": 717,
            "min_usage_period": {
                "default": 0
            },
            "states": {},
            "type": 2
        },
        "16": {
            "capacities": [
                "2",
                "E"
            ],
            "code": "",
            "initial": {
                "M": {
                    "elapsed": 12,
                    "used": 217
                }
            },
            "initial_elapsed": 12,
            "initial_used": 217,
            "min_usage_period": {
                "default": 0
            },
            "states": {},
            "type": 2
        },
        "17": {
            "capacities": [
                "D",
                "2",
                "E"
            ],
            "code": "",
            "initial": {
                "M": {
                    "elapsed": 40,
                    "used": 717
                }
            },
            "initial_elapsed": 40,
            "initial_used": 717,
            "min_usage_period": {
                "default": 0
            },
            "states": {},
            "type": 2
        },
        "18": {
            "capacities": [
                "G",
                "3"
            ],
            "code": "",
            "initial": {
                "M": {
                    "elapsed": 33,
                    "used": 500
                }
            },
            "initial_elapsed": 33,
            "initial_used": 500,
            "min_usage_period": {
                "default": 0
            },
            "states": {
                "2017-11": "32",
                "2017-12": "32"
            },
            "type": 3
        },
        "19": {
            "capacities": [
                "3",
                "F"
            ],
            "code": "",
            "initial": {
                "M": {
                    "elapsed": 11,
                    "used": 134
                }
            },
            "initial_elapsed": 11,
            "initial_used": 134,
            "min_usage_period": {
                "default": 0
            },
            "states": {},
            "type": 3
        },
        "2": {
            "capacities": [
                "0"
            ],
            "code": "",
            "initial": {
                "M": {
                    "elapsed": 36,
                    "used": 550
                }
            },
            "initial_elapsed": 36,
            "initial_used": 550,
            "min_usage_period": {
                "default": 0
            },
            "states": {},
            "type": 0
        },
        "20": {
            "capacities": [
                "3",
                "F"
            ],
            "code": "",
            "initial": {
                "M": {
                    "elapsed": 49,
                    "used": 767
                }
            },
            "initial_elapsed": 49,
            "initial_used": 767,
            "min_usage_period": {
                "default": 0
            },
            "states": {},
            "type": 3
        },
        "21": {
            "capacities": [
                "3"
            ],
            "code": "",
            "initial": {
                "M": {
                    "elapsed": 58,
                    "used": 934
                }
            },
            "initial_elapsed": 58,
            "initial_used": 934,
            "min_usage_period": {
                "default": 0
            },
            "states": {},
            "type": 3
        },
        "22": {
            "capacities": [
                "3",
                "F"
            ],
            "code": "",
            "initial": {
                "M": {
                    "elapsed": 60,
                    "used": 1000
                }
            },
            "initial_elapsed": 60,
            "initial_used": 1000,
            "min_usage_period": {
                "default": 0
            },
            "states": {
                "2017-12": "M"
            },
            "type": 3
        },
        "23": {
            "capacities": [
                "3",
                "F"
            ],
            "code": "",
            "initial": {
                "M": {
                    "elapsed": 39,
                    "used": 667
                }
            },
            "initial_elapsed": 39,
            "initial_used": 667,
            "min_usage_period": {
                "default": 0
            },
            "states": {},
            "type": 3
        },
        "24": {
            "capacities": [
                "4"
            ],
            "code": "",
            "initial": {
                "M": {
                    "elapsed": 22,
                    "used": 367
                }
            },
            "initial_elapsed": 22,
            "initial_used": 367,
            "min_usage_period": {
                "default": 0
            },
            "states": {},
            "type": 4
        },
        "25": {
            "capacities": [
                "4",
                "H"
            ],
            "code": "",
            "initial": {
                "M": {
                    "elapsed": 30,
                    "used": 450
                }
            },
            "initial_elapsed": 30,
            "initial_used": 450,
            "min_usage_period": {
                "default": 0
            },
            "states": {},
            "type": 4
        },
        "26": {
            "capacities": [
                "4"
            ],
            "code": "",
            "initial": {
                "M": {
                    "elapsed": 43,
                    "used": 717
                }
            },
            "initial_elapsed": 43,
            "initial_used": 717,
            "min_usage_period": {
                "default": 0
            },
            "states": {},
            "type": 4
        },
        "27": {
            "capacities": [
                "4"
            ],
            "code": "",
            "initial": {
                "M": {
                    "elapsed": 4,
                    "used": 50
                }
            },
            "initial_elapsed": 4,
            "initial_used": 50,
            "min_usage_period": {
                "default": 0
            },
            "states": {},
            "type": 4
        },
        "28": {
            "capacities": [
                "4"
            ],
            "code": "",
            "initial": {
                "M": {
                    "elapsed": 36,
                    "used": 634
                }
            },
            "initial_elapsed": 36,
            "initial_used": 634,
            "min_usage_period": {
                "default": 0
            },
            "states": {},
            "type": 4
        },
        "29": {
            "capacities": [
                "4"
            ],
            "code": "",
            "initial": {
                "M": {
                    "elapsed": 23,
                    "used": 334
                }
            },
            "initial_elapsed": 23,
            "initial_used": 334,
            "min_usage_period": {
                "default": 0
            },
            "states": {},
            "type": 4
        },
        "3": {
            "capacities": [
                "A",
                "0"
            ],
            "code": "",
            "initial": {
                "M": {
                    "elapsed": 52,
                    "used": 884
                }
            },
            "initial_elapsed": 52,
            "initial_used": 884,
            "min_usage_period": {
                "default": 0
            },
            "states": {},
            "type": 0
        },
        "30": {
            "capacities": [
                "5"
            ],
            "code": "",
            "initial": {
                "M": {
                    "elapsed": 7,
                    "used": 134
                }
            },
            "initial_elapsed": 7,
            "initial_used": 134,
            "min_usage_period": {
                "default": 0
            },
            "states": {},
            "type": 5
        },
        "31": {
            "capacities": [
                "5"
            ],
            "code": "",
            "initial": {
                "M": {
                    "elapsed": 57,
                    "used": 900
                }
            },
            "initial_elapsed": 57,
            "initial_used": 900,
            "min_usage_period": {
                "default": 0
            },
            "states": {},
            "type": 5
        },
        "32": {
            "capacities": [
                "5"
            ],
            "code": "",
            "initial": {
                "M": {
                    "elapsed": 60,
                    "used": 1000
                }
            },
            "initial_elapsed": 60,
            "initial_used": 1000,
            "min_usage_period": {
                "default": 0
            },
            "states": {
                "2017-07": "M",
                "2017-08": "M",
                "2017-09": "M",
                "2017-10": "M",
                "2017-11": "M",
                "2017-12": "M"
            },
            "type": 5
        },
        "33": {
            "capacities": [
                "5"
            ],
            "code": "",
            "initial": {
                "M": {
                    "elapsed": 7,
                    "used": 100
                }
            },
            "initial_elapsed": 7,
            "initial_used": 100,
            "min_usage_period": {
                "default": 0
            },
            "states": {},
            "type": 5
        },
        "34": {
            "capacities": [
                "5"
            ],
            "code": "",
            "initial": {
                "M": {
                    "elapsed": 60,
                    "used": 1000
                }
            },
            "initial_elapsed": 60,
            "initial_used": 1000,
            "min_usage_period": {
                "default": 0
            },
            "states": {
                "2017-10": "M",
                "2017-11": "M",
                "2017-12": "M"
            },
            "type": 5
        },
        "35": {
            "capacities": [
                "5"
            ],
            "code": "",
            "initial": {
                "M": {
                    "elapsed": 41,
                    "used": 717
                }
            },
            "initial_elapsed": 41,
            "initial_used": 717,
            "min_usage_period": {
                "default": 0
            },
            "states": {
                "2017-11": "54",
                "2017-12": "54"
            },
            "type": 5
        },
        "36": {
            "capacities": [
                "4"
            ],
            "code": "",
            "initial": {
                "M": {
                    "elapsed": 22,
                    "used": 350
                }
            },
            "initial_elapsed": 22,
            "initial_used": 350,
            "min_usage_period": {
                "default": 0
            },
            "states": {},
            "type": 4
        },
        "37": {
            "capacities": [
                "2"
            ],
            "code": "",
            "initial": {
                "M": {
                    "elapsed": 44,
                    "used": 700
                }
            },
            "initial_elapsed": 44,
            "initial_used": 700,
            "min_usage_period": {
                "default": 0
            },
            "states": {},
            "type": 2
        },
        "38": {
            "capacities": [
                "3"
            ],
            "code": "",
            "initial": {
                "M": {
                    "elapsed": 39,
                    "used": 700
                }
            },
            "initial_elapsed": 39,
            "initial_used": 700,
            "min_usage_period": {
                "default": 0
            },
            "states": {},
            "type": 3
        },
        "39": {
            "capacities": [
                "3",
                "F"
            ],
            "code": "",
            "initial": {
                "M": {
                    "elapsed": 15,
                    "used": 250
                }
            },
            "initial_elapsed": 15,
            "initial_used": 250,
            "min_usage_period": {
                "default": 0
            },
            "states": {},
            "type": 3
        },
        "4": {
            "capacities": [
                "0"
            ],
            "code": "",
            "initial": {
                "M": {
                    "elapsed": 22,
                    "used": 334
                }
            },
            "initial_elapsed": 22,
            "initial_used": 334,
            "min_usage_period": {
                "default": 0
            },
            "states": {},
            "type": 0
        },
        "40": {
            "capacities": [
                "2"
            ],
            "code": "",
            "initial": {
                "M": {
                    "elapsed": 26,
                    "used": 434
                }
            },
            "initial_elapsed": 26,
            "initial_used": 434,
            "min_usage_period": {
                "default": 0
            },
            "states": {},
            "type": 2
        },
        "41": {
            "capacities": [
                "5"
            ],
            "code": "",
            "initial": {
                "M": {
                    "elapsed": 40,
                    "used": 684
                }
            },
            "initial_elapsed": 40,
            "initial_used": 684,
            "min_usage_period": {
                "default": 0
            },
            "states": {},
            "type": 5
        },
        "42": {
            "capacities": [
                "3"
            ],
            "code": "",
            "initial": {
                "M": {
                    "elapsed": 20,
                    "used": 317
                }
            },
            "initial_elapsed": 20,
            "initial_used": 317,
            "min_usage_period": {
                "default": 0
            },
            "states": {},
            "type": 3
        },
        "43": {
            "capacities": [
                "4"
            ],
            "code": "",
            "initial": {
                "M": {
                    "elapsed": 39,
                    "used": 650
                }
            },
            "initial_elapsed": 39,
            "initial_used": 650,
            "min_usage_period": {
                "default": 0
            },
            "states": {},
            "type": 4
        },
        "44": {
            "capacities": [
                "B",
                "1"
            ],
            "code": "",
            "initial": {
                "M": {
                    "elapsed": 44,
                    "used": 750
                }
            },
            "initial_elapsed": 44,
            "initial_used": 750,
            "min_usage_period": {
                "default": 0
            },
            "states": {},
            "type": 1
        },
        "45": {
            "capacities": [
                "0"
            ],
            "code": "",
            "initial": {
                "M": {
                    "elapsed": 54,
                    "used": 950
                }
            },
            "initial_elapsed": 54,
            "initial_used": 950,
            "min_usage_period": {
                "default": 0
            },
            "states": {
                "2017-11": "0",
                "2017-12": "0"
            },
            "type": 0
        },
        "46": {
            "capacities": [
                "5"
            ],
            "code": "",
            "initial": {
                "M": {
                    "elapsed": 42,
                    "used": 650
                }
            },
            "initial_elapsed": 42,
            "initial_used": 650,
            "min_usage_period": {
                "default": 0
            },
            "states": {
                "2017-11": "54",
                "2017-12": "54"
            },
            "type": 5
        },
        "47": {
            "capacities": [
                "4"
            ],
            "code": "",
            "initial": {
                "M": {
                    "elapsed": 50,
                    "used": 867
                }
            },
            "initial_elapsed": 50,
            "initial_used": 867,
            "min_usage_period": {
                "default": 0
            },
            "states": {},
            "type": 4
        },
        "48": {
            "capacities": [
                "0"
            ],
            "code": "",
            "initial": {
                "M": {
                    "elapsed": 40,
                    "used": 650
                }
            },
            "initial_elapsed": 40,
            "initial_used": 650,
            "min_usage_period": {
                "default": 0
            },
            "states": {},
            "type": 0
        },
        "49": {
            "capacities": [
                "0"
            ],
            "code": "",
            "initial": {
                "M": {
                    "elapsed": 40,
                    "used": 700
                }
            },
            "initial_elapsed": 40,
            "initial_used": 700,
            "min_usage_period": {
                "default": 0
            },
            "states": {},
            "type": 0
        },
        "5": {
            "capacities": [
                "0"
            ],
            "code": "",
            "initial": {
                "M": {
                    "elapsed": 34,
                    "used": 567
                }
            },
            "initial_elapsed": 34,
            "initial_used": 567,
            "min_usage_period": {
                "default": 0
            },
            "states": {},
            "type": 0
        },
        "50": {
            "capacities": [
                "G",
                "3"
            ],
            "code": "",
            "initial": {
                "M": {
                    "elapsed": 49,
                    "used": 867
                }
            },
            "initial_elapsed": 49,
            "initial_used": 867,
            "min_usage_period": {
                "default": 0
            },
            "states": {},
            "type": 3
        },
        "51": {
            "capacities": [
                "5"
            ],
            "code": "",
            "initial": {
                "M": {
                    "elapsed": 45,
                    "used": 700
                }
            },
            "initial_elapsed": 45,
            "initial_used": 700,
            "min_usage_period": {
                "default": 0
            },
            "states": {},
            "type": 5
        },
        "52": {
            "capacities": [
                "2",
                "E"
            ],
            "code": "",
            "initial": {
                "M": {
                    "elapsed": 30,
                    "used": 534
                }
            },
            "initial_elapsed": 30,
            "initial_used": 534,
            "min_usage_period": {
                "default": 0
            },
            "states": {},
            "type": 2
        },
        "53": {
            "capacities": [
                "5"
            ],
            "code": "",
            "initial": {
                "M": {
                    "elapsed": 20,
                    "used": 300
                }
            },
            "initial_elapsed": 20,
            "initial_used": 300,
            "min_usage_period": {
                "default": 0
            },
            "states": {},
            "type": 5
        },
        "54": {
            "capacities": [
                "5"
            ],
            "code": "",
            "initial": {
                "M": {
                    "elapsed": 37,
                    "used": 617
                }
            },
            "initial_elapsed": 37,
            "initial_used": 617,
            "min_usage_period": {
                "default": 0
            },
            "states": {},
            "type": 5
        },
        "55": {
            "capacities": [
                "B",
                "1"
            ],
            "code": "",
            "initial": {
                "M": {
                    "elapsed": 53,
                    "used": 834
                }
            },
            "initial_elapsed": 53,
            "initial_used": 834,
            "min_usage_period": {
                "default": 0
            },
            "states": {},
            "type": 1
        },
        "56": {
            "capacities": [
                "D",
                "2"
            ],
            "code": "",
            "initial": {
                "M": {
                    "elapsed": 23,
                    "used": 417
                }
            },
            "initial_elapsed": 23,
            "initial_used": 417,
            "min_usage_period": {
                "default": 0
            },
            "states": {},
            "type": 2
        },
        "57": {
            "capacities": [
                "3"
            ],
            "code": "",
            "initial": {
                "M": {
                    "elapsed": 34,
                    "used": 550
                }
            },
            "initial_elapsed": 34,
            "initial_used": 550,
            "min_usage_period": {
                "default": 0
            },
            "states": {},
            "type": 3
        },
        "58": {
            "capacities": [
                "3"
            ],
            "code": "",
            "initial": {
                "M": {
                    "elapsed": 39,
                    "used": 600
                }
            },
            "initial_elapsed": 39,
            "initial_used": 600,
            "min_usage_period": {
                "default": 0
            },
            "states": {},
            "type": 3
        },
        "59": {
            "capacities": [
                "D",
                "2"
            ],
            "code": "",
            "initial": {
                "M": {
                    "elapsed": 54,
                    "used": 884
                }
            },
            "initial_elapsed": 54,
            "initial_used": 884,
            "min_usage_period": {
                "default": 0
            },
            "states": {},
            "type": 2
        },
        "6": {
            "capacities": [
                "C",
                "B",
                "1"
            ],
            "code": "",
            "initial": {
                "M": {
                    "elapsed": 36,
                    "used": 600
                }
            },
            "initial_elapsed": 36,
            "initial_used": 600,
            "min_usage_period": {
                "default": 0
            },
            "states": {
                "2017-11": "10",
                "2017-12": "10"
            },
            "type": 1
        },
        "60": {
            "capacities": [
                "5"
            ],
            "code": "",
            "initial": {
                "M": {
                    "elapsed": 22,
                    "used": 417
                }
            },
            "initial_elapsed": 22,
            "initial_used": 417,
            "min_usage_period": {
                "default": 0
            },
            "states": {},
            "type": 5
        },
        "61": {
            "capacities": [
                "0"
            ],
            "code": "",
            "initial": {
                "M": {
                    "elapsed": 57,
                    "used": 917
                }
            },
            "initial_elapsed": 57,
            "initial_used": 917,
            "min_usage_period": {
                "default": 0
            },
            "states": {
                "2017-03": "0",
                "2017-04": "0",
                "2017-05": "0",
                "2017-06": "0",
                "2017-07": "0",
                "2017-08": "0",
                "2017-09": "0",
                "2017-10": "0",
                "2017-11": "0",
                "2017-12": "0"
            },
            "type": 0
        },
        "62": {
            "capacities": [
                "4"
            ],
            "code": "",
            "initial": {
                "M": {
                    "elapsed": 34,
                    "used": 534
                }
            },
            "initial_elapsed": 34,
            "initial_used": 534,
            "min_usage_period": {
                "default": 0
            },
            "states": {},
            "type": 4
        },
        "63": {
            "capacities": [
                "G",
                "3"
            ],
            "code": "",
            "initial": {
                "M": {
                    "elapsed": 53,
                    "used": 834
                }
            },
            "initial_elapsed": 53,
            "initial_used": 834,
            "min_usage_period": {
                "default": 0
            },
            "states": {},
            "type": 3
        },
        "64": {
            "capacities": [
                "1"
            ],
            "code": "",
            "initial": {
                "M": {
                    "elapsed": 47,
                    "used": 734
                }
            },
            "initial_elapsed": 47,
            "initial_used": 734,
            "min_usage_period": {
                "default": 0
            },
            "states": {},
            "type": 1
        },
        "65": {
            "capacities": [
                "3"
            ],
            "code": "",
            "initial": {
                "M": {
                    "elapsed": 60,
                    "used": 1000
                }
            },
            "initial_elapsed": 60,
            "initial_used": 1000,
            "min_usage_period": {
                "default": 0
            },
            "states": {
                "2017-11": "M",
                "2017-12": "M"
            },
            "type": 3
        },
        "66": {
            "capacities": [
                "A",
                "0"
            ],
            "code": "",
            "initial": {
                "M": {
                    "elapsed": 60,
                    "used": 1000
                }
            },
            "initial_elapsed": 60,
            "initial_used": 1000,
            "min_usage_period": {
                "default": 0
            },
            "states": {
                "2017-12": "M"
            },
            "type": 0
        },
        "67": {
            "capacities": [
                "D",
                "2"
            ],
            "code": "",
            "initial": {
                "M": {
                    "elapsed": 32,
                    "used": 534
                }
            },
            "initial_elapsed": 32,
            "initial_used": 534,
            "min_usage_period": {
                "default": 0
            },
            "states": {
                "2017-11": "20",
                "2017-12": "20"
            },
            "type": 2
        },
        "68": {
            "capacities": [
                "4"
            ],
            "code": "",
            "initial": {
                "M": {
                    "elapsed": 22,
                    "used": 334
                }
            },
            "initial_elapsed": 22,
            "initial_used": 334,
            "min_usage_period": {
                "default": 0
            },
            "states": {},
            "type": 4
        },
        "69": {
            "capacities": [
                "4"
            ],
            "code": "",
            "initial": {
                "M": {
                    "elapsed": 57,
                    "used": 967
                }
            },
            "initial_elapsed": 57,
            "initial_used": 967,
            "min_usage_period": {
                "default": 0
            },
            "states": {},
            "type": 4
        },
        "7": {
            "capacities": [
                "1"
            ],
            "code": "",
            "initial": {
                "M": {
                    "elapsed": 25,
                    "used": 384
                }
            },
            "initial_elapsed": 25,
            "initial_used": 384,
            "min_usage_period": {
                "default": 0
            },
            "states": {},
            "type": 1
        },
        "70": {
            "capacities": [
                "4"
            ],
            "code": "",
            "initial": {
                "M": {
                    "elapsed": 19,
                    "used": 367
                }
            },
            "initial_elapsed": 19,
            "initial_used": 367,
            "min_usage_period": {
                "default": 0
            },
            "states": {},
            "type": 4
        },
        "71": {
            "capacities": [
                "5"
            ],
            "code": "",
            "initial": {
                "M": {
                    "elapsed": 4,
                    "used": 17
                }
            },
            "initial_elapsed": 4,
            "initial_used": 17,
            "min_usage_period": {
                "default": 0
            },
            "states": {},
            "type": 5
        },
        "72": {
            "capacities": [
                "3",
                "F"
            ],
            "code": "",
            "initial": {
                "M": {
                    "elapsed": 58,
                    "used": 1000
                }
            },
            "initial_elapsed": 58,
            "initial_used": 1000,
            "min_usage_period": {
                "default": 0
            },
            "states": {},
            "type": 3
        },
        "73": {
            "capacities": [
                "0"
            ],
            "code": "",
            "initial": {
                "M": {
                    "elapsed": 19,
                    "used": 300
                }
            },
            "initial_elapsed": 19,
            "initial_used": 300,
            "min_usage_period": {
                "default": 0
            },
            "states": {},
            "type": 0
        },
        "74": {
            "capacities": [
                "A",
                "0"
            ],
            "code": "",
            "initial": {
                "M": {
                    "elapsed": 48,
                    "used": 817
                }
            },
            "initial_elapsed": 48,
            "initial_used": 817,
            "min_usage_period": {
                "default": 0
            },
            "states": {},
            "type": 0
        },
        "75": {
            "capacities": [
                "2",
                "E"
            ],
            "code": "",
            "initial": {
                "M": {
                    "elapsed": 48,
                    "used": 834
                }
            },
            "initial_elapsed": 48,
            "initial_used": 834,
            "min_usage_period": {
                "default": 0
            },
            "states": {},
            "type": 2
        },
        "76": {
            "capacities": [
                "0"
            ],
            "code": "",
            "initial": {
                "M": {
                    "elapsed": 60,
                    "used": 1000
                }
            },
            "initial_elapsed": 60,
            "initial_used": 1000,
            "min_usage_period": {
                "default": 0
            },
            "states": {
                "2017-12": "M"
            },
            "type": 0
        },
        "77": {
            "capacities": [
                "3"
            ],
            "code": "",
            "initial": {
                "M": {
                    "elapsed": 3,
                    "used": 84
                }
            },
            "initial_elapsed": 3,
            "initial_used": 84,
            "min_usage_period": {
                "default": 0
            },
            "states": {},
            "type": 3
        },
        "78": {
            "capacities": [
                "4"
            ],
            "code": "",
            "initial": {
                "M": {
                    "elapsed": 31,
                    "used": 534
                }
            },
            "initial_elapsed": 31,
            "initial_used": 534,
            "min_usage_period": {
                "default": 0
            },
            "states": {},
            "type": 4
        },
        "79": {
            "capacities": [
                "4"
            ],
            "code": "",
            "initial": {
                "M": {
                    "elapsed": 25,
                    "used": 450
                }
            },
            "initial_elapsed": 25,
            "initial_used": 450,
            "min_usage_period": {
                "default": 0
            },
            "states": {},
            "type": 4
        },
        "8": {
            "capacities": [
                "1"
            ],
            "code": "",
            "initial": {
                "M": {
                    "elapsed": 42,
                    "used": 650
                }
            },
            "initial_elapsed": 42,
            "initial_used": 650,
            "min_usage_period": {
                "default": 0
            },
            "states": {},
            "type": 1
        },
        "80": {
            "capacities": [
                "2"
            ],
            "code": "",
            "initial": {
                "M": {
                    "elapsed": 13,
                    "used": 217
                }
            },
            "initial_elapsed": 13,
            "initial_used": 217,
            "min_usage_period": {
                "default": 0
            },
            "states": {},
            "type": 2
        },
        "81": {
            "capacities": [
                "G",
                "3"
            ],
            "code": "",
            "initial": {
                "M": {
                    "elapsed": 53,
                    "used": 850
                }
            },
            "initial_elapsed": 53,
            "initial_used": 850,
            "min_usage_period": {
                "default": 0
            },
            "states": {},
            "type": 3
        },
        "82": {
            "capacities": [
                "5"
            ],
            "code": "",
            "initial": {
                "M": {
                    "elapsed": 42,
                    "used": 734
                }
            },
            "initial_elapsed": 42,
            "initial_used": 734,
            "min_usage_period": {
                "default": 0
            },
            "states": {},
            "type": 5
        },
        "83": {
            "capacities": [
                "4",
                "H"
            ],
            "code": "",
            "initial": {
                "M": {
                    "elapsed": 37,
                    "used": 617
                }
            },
            "initial_elapsed": 37,
            "initial_used": 617,
            "min_usage_period": {
                "default": 0
            },
            "states": {},
            "type": 4
        },
        "84": {
            "capacities": [
                "4"
            ],
            "code": "",
            "initial": {
                "M": {
                    "elapsed": 38,
                    "used": 684
                }
            },
            "initial_elapsed": 38,
            "initial_used": 684,
            "min_usage_period": {
                "default": 0
            },
            "states": {
                "2017-11": "43",
                "2017-12": "43"
            },
            "type": 4
        },
        "85": {
            "capacities": [
                "3"
            ],
            "code": "",
            "initial": {
                "M": {
                    "elapsed": 56,
                    "used": 984
                }
            },
            "initial_elapsed": 56,
            "initial_used": 984,
            "min_usage_period": {
                "default": 0
            },
            "states": {},
            "type": 3
        },
        "86": {
            "capacities": [
                "0"
            ],
            "code": "",
            "initial": {
                "M": {
                    "elapsed": 22,
                    "used": 350
                }
            },
            "initial_elapsed": 22,
            "initial_used": 350,
            "min_usage_period": {
                "default": 0
            },
            "states": {},
            "type": 0
        },
        "87": {
            "capacities": [
                "3"
            ],
            "code": "",
            "initial": {
                "M": {
                    "elapsed": 14,
                    "used": 267
                }
            },
            "initial_elapsed": 14,
            "initial_used": 267,
            "min_usage_period": {
                "default": 0
            },
            "states": {},
            "type": 3
        },
        "88": {
            "capacities": [
                "4"
            ],
            "code": "",
            "initial": {
                "M": {
                    "elapsed": 12,
                    "used": 150
                }
            },
            "initial_elapsed": 12,
            "initial_used": 150,
            "min_usage_period": {
                "default": 0
            },
            "states": {},
            "type": 4
        },
        "89": {
            "capacities": [
                "4"
            ],
            "code": "",
            "initial": {
                "M": {
                    "elapsed": 4,
                    "used": 17
                }
            },
            "initial_elapsed": 4,
            "initial_used": 17,
            "min_usage_period": {
                "default": 0
            },
            "states": {},
            "type": 4
        },
        "9": {
            "capacities": [
                "C",
                "B",
                "1"
            ],
            "code": "",
            "initial": {
                "M": {
                    "elapsed": 6,
                    "used": 150
                }
            },
            "initial_elapsed": 6,
            "initial_used": 150,
            "min_usage_period": {
                "default": 0
            },
            "states": {},
            "type": 1
        }
    },
    "tasks": {
        "0": {
            "capacities": [
                "0"
            ],
            "consumption": 24,
            "end": "2018-10",
            "matricule": "",
            "min_assign": 6,
            "num_resource": 4,
            "start": "2018-01",
            "type_resource": 0
        },
        "1": {
            "capacities": [
                "0"
            ],
            "consumption": 61,
            "end": "2019-05",
            "matricule": "",
            "min_assign": 6,
            "num_resource": 6,
            "start": "2018-11",
            "type_resource": 0
        },
        "10": {
            "capacities": [
                "1"
            ],
            "consumption": 53,
            "end": "2018-10",
            "matricule": "",
            "min_assign": 2,
            "num_resource": 5,
            "start": "2018-01",
            "type_resource": 1
        },
        "11": {
            "capacities": [
                "1"
            ],
            "consumption": 60,
            "end": "2019-06",
            "matricule": "",
            "min_assign": 3,
            "num_resource": 5,
            "start": "2018-11",
            "type_resource": 1
        },
        "12": {
            "capacities": [
                "1"
            ],
            "consumption": 30,
            "end": "2020-05",
            "matricule": "",
            "min_assign": 3,
            "num_resource": 2,
            "start": "2019-07",
            "type_resource": 1
        },
        "13": {
            "capacities": [
                "1"
            ],
            "consumption": 57,
            "end": "2021-02",
            "matricule": "",
            "min_assign": 3,
            "num_resource": 6,
            "start": "2020-06",
            "type_resource": 1
        },
        "14": {
            "capacities": [
                "1"
            ],
            "consumption": 80,
            "end": "2021-09",
            "matricule": "",
            "min_assign": 2,
            "num_resource": 1,
            "start": "2021-03",
            "type_resource": 1
        },
        "15": {
            "capacities": [
                "1"
            ],
            "consumption": 97,
            "end": "2022-04",
            "matricule": "",
            "min_assign": 2,
            "num_resource": 5,
            "start": "2021-10",
            "type_resource": 1
        },
        "16": {
            "capacities": [
                "1"
            ],
            "consumption": 63,
            "end": "2022-12",
            "matricule": "",
            "min_assign": 6,
            "num_resource": 2,
            "start": "2022-05",
            "type_resource": 1
        },
        "17": {
            "capacities": [
                "B",
                "1"
            ],
            "consumption": 42,
            "end": "2023-11",
            "matricule": "",
            "min_assign": 3,
            "num_resource": 4,
            "start": "2023-01",
            "type_resource": 1
        },
        "18": {
            "capacities": [
                "C",
                "1"
            ],
            "consumption": 47,
            "end": "2024-11",
            "matricule": "",
            "min_assign": 2,
            "num_resource": 1,
            "start": "2023-12",
            "type_resource": 1
        },
        "19": {
            "capacities": [
                "1"
            ],
            "consumption": 20,
            "end": "2025-06",
            "matricule": "",
            "min_assign": 2,
            "num_resource": 5,
            "start": "2024-12",
            "type_resource": 1
        },
        "2": {
            "capacities": [
                "0"
            ],
            "consumption": 40,
            "end": "2020-02",
            "matricule": "",
            "min_assign": 3,
            "num_resource": 2,
            "start": "2019-06",
            "type_resource": 0
        },
        "20": {
            "capacities": [
                "2"
            ],
            "consumption": 64,
            "end": "2018-08",
            "matricule": "",
            "min_assign": 2,
            "num_resource": 2,
            "start": "2018-01",
            "type_resource": 2
        },
        "21": {
            "capacities": [
                "2"
            ],
            "consumption": 67,
            "end": "2019-02",
            "matricule": "",
            "min_assign": 2,
            "num_resource": 1,
            "start": "2018-09",
            "type_resource": 2
        },
        "22": {
            "capacities": [
                "2"
            ],
            "consumption": 84,
            "end": "2019-08",
            "matricule": "",
            "min_assign": 3,
            "num_resource": 5,
            "start": "2019-03",
            "type_resource": 2
        },
        "23": {
            "capacities": [
                "2"
            ],
            "consumption": 11,
            "end": "2020-06",
            "matricule": "",
            "min_assign": 6,
            "num_resource": 1,
            "start": "2019-09",
            "type_resource": 2
        },
        "24": {
            "capacities": [
                "2"
            ],
            "consumption": 20,
            "end": "2021-06",
            "matricule": "",
            "min_assign": 2,
            "num_resource": 4,
            "start": "2020-07",
            "type_resource": 2
        },
        "25": {
            "capacities": [
                "D",
                "2"
            ],
            "consumption": 37,
            "end": "2021-12",
            "matricule": "",
            "min_assign": 3,
            "num_resource": 3,
            "start": "2021-07",
            "type_resource": 2
        },
        "26": {
            "capacities": [
                "2"
            ],
            "consumption": 74,
            "end": "2022-11",
            "matricule": "",
            "min_assign": 3,
            "num_resource": 6,
            "start": "2022-01",
            "type_resource": 2
        },
        "27": {
            "capacities": [
                "2",
                "E"
            ],
            "consumption": 41,
            "end": "2023-06",
            "matricule": "",
            "min_assign": 2,
            "num_resource": 3,
            "start": "2022-12",
            "type_resource": 2
        },
        "28": {
            "capacities": [
                "2"
            ],
            "consumption": 55,
            "end": "2024-04",
            "matricule": "",
            "min_assign": 6,
            "num_resource": 4,
            "start": "2023-07",
            "type_resource": 2
        },
        "29": {
            "capacities": [
                "2"
            ],
            "consumption": 21,
            "end": "2024-10",
            "matricule": "",
            "min_assign": 3,
            "num_resource": 1,
            "start": "2024-05",
            "type_resource": 2
        },
        "3": {
            "capacities": [
                "0"
            ],
            "consumption": 27,
            "end": "2020-12",
            "matricule": "",
            "min_assign": 3,
            "num_resource": 3,
            "start": "2020-03",
            "type_resource": 0
        },
        "30": {
            "capacities": [
                "2"
            ],
            "consumption": 41,
            "end": "2025-05",
            "matricule": "",
            "min_assign": 3,
            "num_resource": 6,
            "start": "2024-11",
            "type_resource": 2
        },
        "31": {
            "capacities": [
                "2"
            ],
            "consumption": 38,
            "end": "2025-06",
            "matricule": "",
            "min_assign": 6,
            "num_resource": 6,
            "start": "2025-06",
            "type_resource": 2
        },
        "32": {
            "capacities": [
                "3"
            ],
            "consumption": 70,
            "end": "2018-08",
            "matricule": "",
            "min_assign": 2,
            "num_resource": 2,
            "start": "2018-01",
            "type_resource": 3
        },
        "33": {
            "capacities": [
                "3"
            ],
            "consumption": 23,
            "end": "2019-05",
            "matricule": "",
            "min_assign": 2,
            "num_resource": 5,
            "start": "2018-09",
            "type_resource": 3
        },
        "34": {
            "capacities": [
                "3"
            ],
            "consumption": 85,
            "end": "2020-01",
            "matricule": "",
            "min_assign": 6,
            "num_resource": 3,
            "start": "2019-06",
            "type_resource": 3
        },
        "35": {
            "capacities": [
                "3"
            ],
            "consumption": 64,
            "end": "2020-10",
            "matricule": "",
            "min_assign": 6,
            "num_resource": 3,
            "start": "2020-02",
            "type_resource": 3
        },
        "36": {
            "capacities": [
                "3",
                "F"
            ],
            "consumption": 71,
            "end": "2021-05",
            "matricule": "",
            "min_assign": 2,
            "num_resource": 4,
            "start": "2020-11",
            "type_resource": 3
        },
        "37": {
            "capacities": [
                "3"
            ],
            "consumption": 64,
            "end": "2022-01",
            "matricule": "",
            "min_assign": 3,
            "num_resource": 4,
            "start": "2021-06",
            "type_resource": 3
        },
        "38": {
            "capacities": [
                "G",
                "3"
            ],
            "consumption": 12,
            "end": "2022-12",
            "matricule": "",
            "min_assign": 2,
            "num_resource": 2,
            "start": "2022-02",
            "type_resource": 3
        },
        "39": {
            "capacities": [
                "3"
            ],
            "consumption": 61,
            "end": "2023-11",
            "matricule": "",
            "min_assign": 6,
            "num_resource": 2,
            "start": "2023-01",
            "type_resource": 3
        },
        "4": {
            "capacities": [
                "A",
                "0"
            ],
            "consumption": 55,
            "end": "2021-09",
            "matricule": "",
            "min_assign": 3,
            "num_resource": 3,
            "start": "2021-01",
            "type_resource": 0
        },
        "40": {
            "capacities": [
                "3"
            ],
            "consumption": 92,
            "end": "2024-10",
            "matricule": "",
            "min_assign": 6,
            "num_resource": 1,
            "start": "2023-12",
            "type_resource": 3
        },
        "41": {
            "capacities": [
                "3"
            ],
            "consumption": 47,
            "end": "2025-05",
            "matricule": "",
            "min_assign": 3,
            "num_resource": 6,
            "start": "2024-11",
            "type_resource": 3
        },
        "42": {
            "capacities": [
                "3"
            ],
            "consumption": 73,
            "end": "2025-06",
            "matricule": "",
            "min_assign": 2,
            "num_resource": 6,
            "start": "2025-06",
            "type_resource": 3
        },
        "43": {
            "capacities": [
                "4"
            ],
            "consumption": 18,
            "end": "2018-07",
            "matricule": "",
            "min_assign": 3,
            "num_resource": 3,
            "start": "2018-01",
            "type_resource": 4
        },
        "44": {
            "capacities": [
                "4"
            ],
            "consumption": 14,
            "end": "2019-01",
            "matricule": "",
            "min_assign": 2,
            "num_resource": 5,
            "start": "2018-08",
            "type_resource": 4
        },
        "45": {
            "capacities": [
                "4"
            ],
            "consumption": 57,
            "end": "2019-08",
            "matricule": "",
            "min_assign": 3,
            "num_resource": 5,
            "start": "2019-02",
            "type_resource": 4
        },
        "46": {
            "capacities": [
                "4"
            ],
            "consumption": 36,
            "end": "2020-07",
            "matricule": "",
            "min_assign": 2,
            "num_resource": 3,
            "start": "2019-09",
            "type_resource": 4
        },
        "47": {
            "capacities": [
                "4"
            ],
            "consumption": 60,
            "end": "2021-02",
            "matricule": "",
            "min_assign": 6,
            "num_resource": 3,
            "start": "2020-08",
            "type_resource": 4
        },
        "48": {
            "capacities": [
                "4",
                "H"
            ],
            "consumption": 69,
            "end": "2021-12",
            "matricule": "",
            "min_assign": 3,
            "num_resource": 1,
            "start": "2021-03",
            "type_resource": 4
        },
        "49": {
            "capacities": [
                "4"
            ],
            "consumption": 80,
            "end": "2022-11",
            "matricule": "",
            "min_assign": 3,
            "num_resource": 4,
            "start": "2022-01",
            "type_resource": 4
        },
        "5": {
            "capacities": [
                "0"
            ],
            "consumption": 65,
            "end": "2022-09",
            "matricule": "",
            "min_assign": 2,
            "num_resource": 1,
            "start": "2021-10",
            "type_resource": 0
        },
        "50": {
            "capacities": [
                "4"
            ],
            "consumption": 69,
            "end": "2023-05",
            "matricule": "",
            "min_assign": 2,
            "num_resource": 3,
            "start": "2022-12",
            "type_resource": 4
        },
        "51": {
            "capacities": [
                "4"
            ],
            "consumption": 18,
            "end": "2024-05",
            "matricule": "",
            "min_assign": 6,
            "num_resource": 6,
            "start": "2023-06",
            "type_resource": 4
        },
        "52": {
            "capacities": [
                "4"
            ],
            "consumption": 71,
            "end": "2025-02",
            "matricule": "",
            "min_assign": 6,
            "num_resource": 6,
            "start": "2024-06",
            "type_resource": 4
        },
        "53": {
            "capacities": [
                "4"
            ],
            "consumption": 41,
            "end": "2025-06",
            "matricule": "",
            "min_assign": 3,
            "num_resource": 4,
            "start": "2025-03",
            "type_resource": 4
        },
        "54": {
            "capacities": [
                "5"
            ],
            "consumption": 47,
            "end": "2018-06",
            "matricule": "",
            "min_assign": 2,
            "num_resource": 5,
            "start": "2018-01",
            "type_resource": 5
        },
        "55": {
            "capacities": [
                "5"
            ],
            "consumption": 65,
            "end": "2019-05",
            "matricule": "",
            "min_assign": 2,
            "num_resource": 2,
            "start": "2018-07",
            "type_resource": 5
        },
        "56": {
            "capacities": [
                "5"
            ],
            "consumption": 78,
            "end": "2020-05",
            "matricule": "",
            "min_assign": 3,
            "num_resource": 5,
            "start": "2019-06",
            "type_resource": 5
        },
        "57": {
            "capacities": [
                "5"
            ],
            "consumption": 67,
            "end": "2021-01",
            "matricule": "",
            "min_assign": 3,
            "num_resource": 5,
            "start": "2020-06",
            "type_resource": 5
        },
        "58": {
            "capacities": [
                "5"
            ],
            "consumption": 92,
            "end": "2021-10",
            "matricule": "",
            "min_assign": 2,
            "num_resource": 5,
            "start": "2021-02",
            "type_resource": 5
        },
        "59": {
            "capacities": [
                "5"
            ],
            "consumption": 45,
            "end": "2022-09",
            "matricule": "",
            "min_assign": 2,
            "num_resource": 6,
            "start": "2021-11",
            "type_resource": 5
        },
        "6": {
            "capacities": [
                "0"
            ],
            "consumption": 42,
            "end": "2023-08",
            "matricule": "",
            "min_assign": 6,
            "num_resource": 3,
            "start": "2022-10",
            "type_resource": 0
        },
        "60": {
            "capacities": [
                "5"
            ],
            "consumption": 82,
            "end": "2023-08",
            "matricule": "",
            "min_assign": 3,
            "num_resource": 5,
            "start": "2022-10",
            "type_resource": 5
        },
        "61": {
            "capacities": [
                "5"
            ],
            "consumption": 67,
            "end": "2024-06",
            "matricule": "",
            "min_assign": 2,
            "num_resource": 6,
            "start": "2023-09",
            "type_resource": 5
        },
        "62": {
            "capacities": [
                "5"
            ],
            "consumption": 45,
            "end": "2025-06",
            "matricule": "",
            "min_assign": 6,
            "num_resource": 1,
            "start": "2024-07",
            "type_resource": 5
        },
        "7": {
            "capacities": [
                "0"
            ],
            "consumption": 29,
            "end": "2024-03",
            "matricule": "",
            "min_assign": 6,
            "num_resource": 5,
            "start": "2023-09",
            "type_resource": 0
        },
        "8": {
            "capacities": [
                "0"
            ],
            "consumption": 50,
            "end": "2024-10",
            "matricule": "",
            "min_assign": 3,
            "num_resource": 6,
            "start": "2024-04",
            "type_resource": 0
        },
        "9": {
            "capacities": [
                "0"
            ],
            "consumption": 62,
            "end": "2025-06",
            "matricule": "",
            "min_assign": 6,
            "num_resource": 5,
            "start": "2024-11",
            "type_resource": 0
        }
    }
}