{
    "elapsed": {
        "M": {
            "79": {
                "2025-06": 0
            }
        }
    },
    "hours": {
        "14": {
            "2024-04": -150.0,
            "2024-05": -552.0
        },
        "3": {
            "2021-07": -16.0
        },
        "4": {
            "2024-06": -31.0,
            "2024-07": -78.0
        }
    },
    "resources": {
        "10": {
            "2018-01": 2,
            "2018-06": 1
        },
        "11": {
            "2018-11": 5,
            "2018-12": 5,
            "2019-01": 5,
            "2019-02": 4,
            "2019-03": 2,
            "2019-04": 1,
            "2019-05": 1,
            "2019-06": 1
        },
        "15": {
            "2021-10": 3,
            "2021-11": 3,
            "2021-12": 5,
            "2022-01": 5,
            "2022-02": 2,
            "2022-04": 3
        },
        "56": {
            "2019-06": 2,
            "2019-07": 1,
            "2020-03": 1,
            "2020-04": 1,
            "2020-05": 1
        },
        "57": {
            "2020-06": 1
        },
        "58": {
            "2021-02": 5,
            "2021-03": 5,
            "2021-04": 5,
            "2021-05": 5,
            "2021-06": 5,
            "2021-07": 5,
            "2021-08": 4,
            "2021-09": 3,
            "2021-10": 4
        },
        "61": {
            "2023-09": 1
        }
    }
}