{
    "hours": {
        "3": {
            "2018-03": -234.0,
            "2018-04": -422.0
        },
        "4": {
            "2020-08": -223.0,
            "2020-09": -613.0,
            "2020-10": -11.0,
            "2020-11": -99.0,
            "2020-12": -187.0,
            "2021-01": -275.0,
            "2021-02": -363.0,
            "2021-03": -407.0,
            "2023-08": -64.0,
            "2023-09": -432.0,
            "2023-10": -800.0,
            "2023-11": -1168.0,
            "2023-12": -639.0,
            "2024-01": -1007.0,
            "2024-02": -1375.0,
            "2024-03": -1743.0,
            "2024-04": -1871.0,
            "2024-05": -1999.0,
            "2024-06": -2127.0,
            "2024-07": -2255.0,
            "2024-08": -1538.0,
            "2024-09": -1666.0,
            "2024-10": -1730.0,
            "2024-11": -1794.0,
            "2024-12": -1062.0,
            "2025-01": -1062.0,
            "2025-02": -1150.0,
            "2025-03": -1238.0,
            "2025-04": -1326.0,
            "2025-05": -1414.0,
            "2025-06": -1502.0
        },
        "5": {
            "2019-10": -19.0,
            "2020-09": -57.0,
            "2020-10": -213.0,
            "2020-11": -301.0,
            "2020-12": -389.0,
            "2021-01": -477.0,
            "2021-02": -565.0,
            "2021-03": -609.0,
            "2021-04": -653.0,
            "2021-05": -697.0,
            "2021-06": -139.0,
            "2024-01": -20.0,
            "2024-02": -388.0,
            "2024-03": -756.0,
            "2024-04": -820.0,
            "2024-05": -884.0,
            "2024-06": -948.0,
            "2024-07": -1012.0,
            "2024-08": -1076.0,
            "2024-09": -1140.0,
            "2024-10": -1140.0,
            "2024-11": -1140.0,
            "2024-12": -408.0,
            "2025-01": -408.0,
            "2025-02": -452.0,
            "2025-03": -496.0,
            "2025-04": -540.0,
            "2025-05": -584.0,
            "2025-06": -628.0
        },
        "7": {
            "2020-09": -97.0,
            "2020-10": -205.0,
            "2020-11": -313.0,
            "2020-12": -369.0,
            "2021-01": -369.0,
            "2021-02": -369.0,
            "2021-03": -369.0
        }
    },
    "min_assign": {
        "12": {
            "2020-11": {
                "2020-12": {
                    "24": 4
                }
            }
        },
        "2": {
            "2020-08": {
                "2020-12": {
                    "3": 1
                }
            }
        },
        "26": {
            "2021-11": {
                "2021-11": {
                    "25": 1
                }
            }
        },
        "3": {
            "2021-11": {
                "2022-01": {
                    "4": 3
                }
            },
            "2024-06": {
                "2024-08": {
                    "8": 3
                }
            },
            "2025-05": {
                "2025-05": {
                    "8": 5
                }
            }
        },
        "37": {
            "2025-02": {
                "2025-05": {
                    "8": 2
                }
            }
        },
        "40": {
            "2020-12": {
                "2020-12": {
                    "35": 2
                }
            }
        },
        "43": {
            "2020-12": {
                "2020-12": {
                    "35": 2
                }
            }
        },
        "46": {
            "2021-10": {
                "2021-11": {
                    "35": 1
                }
            }
        },
        "47": {
            "2020-11": {
                "2021-01": {
                    "14": 3
                }
            }
        },
        "49": {
            "2020-11": {
                "2021-02": {
                    "24": 2
                }
            }
        },
        "53": {
            "2020-11": {
                "2020-12": {
                    "14": 4
                }
            }
        },
        "54": {
            "2021-11": {
                "2021-11": {
                    "4": 5
                }
            }
        },
        "58": {
            "2020-12": {
                "2021-01": {
                    "35": 1
                }
            },
            "2021-10": {
                "2021-11": {
                    "35": 1
                }
            }
        },
        "9": {
            "2020-11": {
                "2020-12": {
                    "14": 4
                }
            }
        }
    },
    "resources": {
        "10": {
            "2018-01": 1,
            "2018-04": 1,
            "2018-05": 1,
            "2018-06": 1,
            "2018-07": 2
        },
        "12": {
            "2019-10": 1,
            "2019-11": 1
        },
        "14": {
            "2021-07": 1,
            "2021-08": 1,
            "2021-09": 1,
            "2021-10": 1
        },
        "15": {
            "2022-08": 1,
            "2022-09": 1,
            "2022-10": 2
        },
        "22": {
            "2019-11": 1,
            "2019-12": 1,
            "2020-01": 1,
            "2020-02": 1
        },
        "23": {
            "2020-08": 1
        },
        "24": {
            "2021-03": 1,
            "2021-04": 1,
            "2021-05": 1,
            "2021-06": 1,
            "2021-07": 2,
            "2021-08": 2,
            "2021-09": 2
        },
        "25": {
            "2021-10": 4,
            "2022-02": 1,
            "2022-03": 1,
            "2022-04": 3
        },
        "26": {
            "2022-05": 2,
            "2022-06": 2,
            "2022-07": 2,
            "2022-08": 2,
            "2022-09": 2,
            "2022-10": 2,
            "2022-11": 2,
            "2022-12": 2,
            "2023-01": 2,
            "2023-02": 2
        },
        "29": {
            "2024-04": 1,
            "2024-05": 1,
            "2024-06": 1,
            "2024-07": 1,
            "2024-08": 1,
            "2024-09": 1,
            "2024-10": 2,
            "2024-11": 2,
            "2024-12": 3,
            "2025-01": 3
        },
        "3": {
            "2021-01": 1,
            "2021-02": 1,
            "2021-03": 1
        },
        "35": {
            "2021-02": 1,
            "2021-03": 1,
            "2021-04": 2,
            "2021-05": 2,
            "2021-06": 2,
            "2021-07": 2,
            "2021-08": 2,
            "2021-09": 3,
            "2021-10": 1,
            "2021-11": 1
        },
        "38": {
            "2024-06": 1
        },
        "39": {
            "2024-07": 1
        },
        "4": {
            "2021-04": 6,
            "2021-05": 6,
            "2021-06": 6,
            "2021-07": 6,
            "2021-08": 5,
            "2021-09": 5,
            "2021-10": 5,
            "2021-11": 3,
            "2021-12": 4,
            "2022-01": 4
        },
        "40": {
            "2025-02": 3,
            "2025-03": 3,
            "2025-04": 3,
            "2025-05": 3,
            "2025-06": 3
        },
        "9": {
            "2025-06": 1
        }
    }
}