{
    "hours": {
        "1": {
            "2018-01": -278.0
        },
        "3": {
            "2018-12": -24.0,
            "2019-01": -86.0,
            "2023-02": -29.0,
            "2023-03": -121.0,
            "2023-04": -213.0
        }
    },
    "resources": {
        "11": {
            "2018-02": 1
        },
        "13": {
            "2019-09": 1,
            "2020-06": 1
        },
        "14": {
            "2020-07": 1
        },
        "20": {
            "2018-01": 2,
            "2018-02": 2,
            "2018-03": 2,
            "2018-05": 1,
            "2018-06": 1,
            "2018-07": 1,
            "2018-08": 1,
            "2018-09": 1,
            "2018-10": 1
        },
        "21": {
            "2018-11": 6,
            "2018-12": 5,
            "2019-01": 5,
            "2019-04": 1,
            "2019-05": 1
        },
        "22": {
            "2019-06": 1,
            "2019-10": 1,
            "2019-11": 1,
            "2019-12": 1,
            "2020-01": 1,
            "2020-02": 1,
            "2020-03": 1,
            "2020-04": 2,
            "2020-05": 2
        },
        "24": {
            "2021-05": 4,
            "2021-06": 4,
            "2021-07": 4,
            "2021-08": 1,
            "2021-09": 1,
            "2021-10": 1,
            "2021-11": 1,
            "2021-12": 2,
            "2022-01": 2,
            "2022-02": 3
        },
        "25": {
            "2022-03": 2,
            "2022-04": 2,
            "2022-05": 1
        }
    }
}