{
    "elapsed": {
        "M": {
            "54": {
                "2025-06": 0
            },
            "57": {
                "2025-06": 0
            }
        }
    },
    "hours": {
        "1": {
            "2019-12": -44.0,
            "2024-11": -11.0,
            "2024-12": -53.0,
            "2025-01": -95.0
        },
        "3": {
            "2019-09": -75.0,
            "2019-10": -2.0,
            "2019-11": -2.0,
            "2019-12": -2.0,
            "2020-01": -2.0,
            "2020-02": -2.0,
            "2020-03": -2.0,
            "2020-04": -2.0,
            "2020-05": -2.0,
            "2020-06": -2.0,
            "2020-07": -2.0,
            "2020-08": -2.0,
            "2020-09": -2.0,
            "2020-10": -2.0,
            "2020-11": -2.0,
            "2020-12": -2.0,
            "2021-01": -2.0,
            "2021-02": -2.0
        },
        "7": {
            "2019-11": -46.0,
            "2019-12": -266.0,
            "2020-04": -6.0,
            "2020-05": -6.0,
            "2020-06": -6.0,
            "2020-07": -6.0,
            "2020-08": -6.0,
            "2020-09": -6.0,
            "2020-10": -6.0,
            "2020-11": -6.0,
            "2020-12": -6.0
        }
    },
    "resources": {
        "1": {
            "2018-10": 3,
            "2018-11": 3,
            "2018-12": 2,
            "2019-01": 1,
            "2019-02": 1,
            "2019-03": 1,
            "2019-04": 2,
            "2019-05": 2,
            "2019-06": 2,
            "2019-07": 3,
            "2019-08": 3,
            "2019-09": 3
        },
        "25": {
            "2019-05": 2,
            "2019-06": 2,
            "2019-07": 1,
            "2019-08": 1,
            "2019-09": 1,
            "2019-10": 1,
            "2020-01": 1,
            "2020-02": 1,
            "2020-03": 1,
            "2020-04": 1
        },
        "3": {
            "2021-02": 1
        }
    }
}