{
    "hours": {
        "1": {
            "2020-11": -20.0,
            "2020-12": -88.0
        },
        "7": {
            "2020-10": -10.0,
            "2020-11": -69.0
        }
    },
    "resources": {
        "1": {
            "2018-10": 3,
            "2018-11": 2,
            "2018-12": 1,
            "2019-01": 1,
            "2019-07": 2,
            "2019-08": 2,
            "2019-09": 3
        },
        "13": {
            "2019-03": 1,
            "2019-04": 1,
            "2019-09": 1,
            "2019-10": 1
        },
        "2": {
            "2019-10": 3,
            "2019-11": 2,
            "2019-12": 1
        },
        "24": {
            "2018-08": 1,
            "2018-09": 1,
            "2018-10": 1
        },
        "25": {
            "2019-05": 3,
            "2019-06": 3,
            "2019-07": 2,
            "2019-08": 1,
            "2019-12": 1,
            "2020-01": 1,
            "2020-02": 1,
            "2020-03": 1,
            "2020-04": 1
        },
        "3": {
            "2020-10": 1
        }
    }
}