{
    "hours": {
        "1": {
            "2021-05": -3.0,
            "2024-08": -25.0,
            "2024-09": -313.0
        },
        "2": {
            "2021-01": -31.0
        }
    },
    "resources": {
        "1": {
            "2018-12": 2,
            "2019-01": 2,
            "2019-06": 1,
            "2019-07": 1
        },
        "12": {
            "2019-05": 2,
            "2020-01": 1
        },
        "16": {
            "2022-12": 1,
            "2023-01": 1
        },
        "2": {
            "2020-07": 1
        },
        "4": {
            "2021-02": 5,
            "2021-03": 4,
            "2021-04": 4,
            "2021-05": 2,
            "2021-06": 3,
            "2021-07": 3,
            "2021-08": 1,
            "2021-09": 1,
            "2021-10": 1
        }
    }
}