{
    "hours": {
        "2": {
            "2019-09": -28.0,
            "2019-10": -98.0,
            "2019-11": -168.0
        }
    },
    "resources": {
        "10": {
            "2018-03": 1,
            "2018-04": 2,
            "2018-05": 2,
            "2018-06": 1,
            "2018-07": 1,
            "2018-08": 2,
            "2018-09": 2,
            "2018-10": 2,
            "2018-11": 2
        },
        "18": {
            "2024-05": 1,
            "2024-06": 2,
            "2024-07": 2
        }
    }
}