{
    "available": {
        "2": {
            "2018-01": -1,
            "2018-02": -1,
            "2018-03": -1
        }
    },
    "elapsed": {
        "M": {
            "10": {
                "2025-06": 0
            },
            "20": {
                "2025-06": 0
            },
            "48": {
                "2025-06": 0
            }
        }
    },
    "hours": {
        "10": {
            "2019-12": -44.0
        },
        "4": {
            "2019-12": -41.0
        },
        "6": {
            "2019-12": -17.0
        },
        "7": {
            "2025-05": -198.0,
            "2025-06": -435.0
        },
        "8": {
            "2025-05": -108.0,
            "2025-06": -298.0
        }
    },
    "resources": {
        "13": {
            "2019-08": 3,
            "2019-09": 3,
            "2019-10": 2,
            "2020-02": 1,
            "2020-03": 1,
            "2020-04": 2
        },
        "27": {
            "2021-09": 2,
            "2021-10": 1,
            "2021-12": 2,
            "2022-02": 1,
            "2022-03": 1,
            "2022-04": 4
        },
        "28": {
            "2022-05": 1
        },
        "32": {
            "2025-03": 1
        },
        "33": {
            "2018-03": 1
        },
        "36": {
            "2019-10": 2
        },
        "42": {
            "2023-05": 3,
            "2023-06": 1,
            "2023-07": 1,
            "2023-08": 1,
            "2023-09": 1,
            "2023-10": 1,
            "2023-11": 2
        }
    }
}