{
    "hours": {
        "1": {
            "2024-10": -138.0,
            "2024-11": -543.0,
            "2024-12": -948.0,
            "2025-01": -1353.0,
            "2025-02": -1353.0,
            "2025-03": -1353.0,
            "2025-04": -1353.0,
            "2025-05": -1353.0,
            "2025-06": -1353.0
        },
        "2": {
            "2019-06": -212.0,
            "2019-07": -476.0,
            "2019-08": -740.0,
            "2019-09": -1004.0,
            "2019-10": -1074.0,
            "2019-11": -1144.0,
            "2019-12": -374.0
        },
        "3": {
            "2019-02": -28.0,
            "2019-03": -116.0,
            "2019-04": -204.0,
            "2019-05": -292.0,
            "2019-06": -380.0,
            "2019-07": -468.0,
            "2019-08": -556.0,
            "2019-09": -644.0,
            "2019-10": -644.0,
            "2019-11": -644.0
        },
        "4": {
            "2019-05": -49.0,
            "2019-06": -137.0,
            "2019-07": -225.0,
            "2019-08": -313.0,
            "2019-09": -401.0,
            "2019-10": -401.0,
            "2019-11": -401.0,
            "2019-12": -401.0,
            "2020-01": -401.0,
            "2020-02": -401.0,
            "2020-03": -401.0,
            "2020-04": -436.0,
            "2020-05": -471.0,
            "2020-06": -506.0,
            "2020-07": -541.0,
            "2020-08": -576.0,
            "2020-09": -576.0,
            "2020-10": -576.0,
            "2020-11": -576.0,
            "2020-12": -576.0,
            "2021-01": -576.0,
            "2021-02": -576.0,
            "2024-03": -115.0,
            "2024-04": -293.0,
            "2024-05": -471.0,
            "2024-06": -649.0,
            "2024-07": -827.0,
            "2024-08": -827.0,
            "2024-09": -827.0,
            "2024-10": -827.0,
            "2024-11": -827.0,
            "2024-12": -827.0,
            "2025-01": -827.0,
            "2025-02": -827.0,
            "2025-03": -827.0,
            "2025-04": -827.0,
            "2025-05": -827.0,
            "2025-06": -827.0
        },
        "6": {
            "2018-01": -333.0,
            "2018-02": -468.0,
            "2018-06": -75.0,
            "2018-07": -75.0,
            "2018-08": -75.0,
            "2018-09": -102.0
        },
        "7": {
            "2018-01": -616.0
        }
    },
    "min_assign": {
        "13": {
            "2019-07": {
                "2019-07": {
                    "23": 1
                }
            }
        },
        "18": {
            "2024-04": {
                "2024-08": {
                    "40": 1
                }
            }
        },
        "20": {
            "2020-03": {
                "2020-07": {
                    "34": 1
                }
            }
        },
        "23": {
            "2020-03": {
                "2020-03": {
                    "34": 5
                }
            }
        },
        "26": {
            "2019-07": {
                "2019-07": {
                    "33": 2
                }
            },
            "2023-11": {
                "2023-11": {
                    "39": 2
                }
            }
        },
        "34": {
            "2019-07": {
                "2019-07": {
                    "2": 2
                }
            }
        },
        "38": {
            "2023-05": {
                "2023-06": {
                    "28": 1
                }
            }
        },
        "43": {
            "2019-07": {
                "2019-07": {
                    "23": 1
                }
            }
        },
        "44": {
            "2023-05": {
                "2023-05": {
                    "28": 2
                }
            }
        },
        "49": {
            "2019-07": {
                "2019-08": {
                    "2": 1
                }
            },
            "2022-04": {
                "2022-08": {
                    "5": 1
                }
            }
        },
        "51": {
            "2023-05": {
                "2023-06": {
                    "28": 1
                }
            }
        },
        "57": {
            "2023-05": {
                "2023-06": {
                    "28": 1
                }
            }
        }
    },
    "resources": {
        "0": {
            "2018-07": 1
        },
        "10": {
            "2018-11": 1
        },
        "14": {
            "2021-05": 1,
            "2021-06": 1,
            "2022-02": 1,
            "2022-03": 1
        },
        "16": {
            "2023-05": 1
        },
        "2": {
            "2019-12": 2,
            "2020-01": 2
        },
        "20": {
            "2025-05": 5,
            "2025-06": 5
        },
        "22": {
            "2018-07": 1,
            "2018-08": 1
        },
        "23": {
            "2019-10": 1,
            "2019-11": 1,
            "2019-12": 1,
            "2020-01": 1,
            "2020-02": 1,
            "2020-03": 1
        },
        "24": {
            "2020-10": 1,
            "2020-11": 1,
            "2020-12": 1,
            "2021-01": 1
        },
        "3": {
            "2020-08": 3,
            "2020-09": 3,
            "2020-10": 3,
            "2020-11": 3,
            "2020-12": 3,
            "2021-01": 3
        },
        "30": {
            "2025-04": 3,
            "2025-05": 3,
            "2025-06": 3
        },
        "33": {
            "2020-02": 1
        },
        "34": {
            "2020-03": 1,
            "2020-04": 2,
            "2020-05": 2,
            "2020-06": 2,
            "2020-07": 2,
            "2020-08": 3,
            "2020-09": 3,
            "2020-10": 3,
            "2020-11": 3,
            "2020-12": 3
        },
        "35": {
            "2021-01": 2,
            "2021-02": 2,
            "2021-03": 2,
            "2021-04": 2,
            "2021-05": 2,
            "2021-06": 2
        },
        "36": {
            "2021-10": 1,
            "2021-11": 1,
            "2021-12": 2,
            "2022-01": 2,
            "2022-02": 2
        },
        "4": {
            "2021-02": 1,
            "2021-03": 1,
            "2021-04": 1,
            "2021-11": 1,
            "2022-01": 1
        },
        "40": {
            "2024-09": 1,
            "2024-10": 1,
            "2024-11": 1,
            "2024-12": 1
        },
        "5": {
            "2022-02": 1,
            "2022-03": 1,
            "2022-09": 1,
            "2022-10": 1,
            "2022-11": 2
        },
        "7": {
            "2023-06": 1
        },
        "9": {
            "2025-02": 5,
            "2025-03": 5,
            "2025-04": 5,
            "2025-05": 5,
            "2025-06": 5
        }
    }
}