{
    "hours": {
        "2": {
            "2020-05": -34.0,
            "2022-04": -96.0,
            "2022-05": -260.0,
            "2024-07": -55.0
        },
        "3": {
            "2018-10": -9.0,
            "2018-11": -9.0,
            "2024-11": -86.0,
            "2025-03": -7.0,
            "2025-04": -223.0
        }
    },
    "resources": {
        "10": {
            "2025-06": 5
        },
        "12": {
            "2019-01": 1,
            "2019-08": 1
        },
        "13": {
            "2019-09": 2,
            "2019-10": 2,
            "2019-11": 2,
            "2019-12": 1
        },
        "15": {
            "2021-02": 1
        },
        "20": {
            "2018-05": 1,
            "2018-06": 1,
            "2018-07": 2,
            "2018-08": 2,
            "2018-09": 2,
            "2018-10": 3
        },
        "21": {
            "2018-11": 6,
            "2018-12": 5,
            "2019-01": 4,
            "2019-02": 3,
            "2019-03": 3,
            "2019-04": 3,
            "2019-05": 3
        },
        "22": {
            "2019-06": 3,
            "2019-07": 3,
            "2019-08": 3,
            "2019-09": 3,
            "2019-10": 3,
            "2019-11": 3,
            "2019-12": 3,
            "2020-04": 1,
            "2020-05": 1
        },
        "24": {
            "2021-05": 3,
            "2021-06": 2,
            "2021-07": 2,
            "2021-08": 2,
            "2021-09": 2,
            "2021-10": 2,
            "2021-11": 2,
            "2021-12": 2,
            "2022-01": 3,
            "2022-02": 4
        },
        "29": {
            "2025-06": 2
        }
    }
}