{
    "capacity": {
        "1": {
            "2018-02": -1,
            "2018-03": -1,
            "2018-04": -1,
            "2018-05": -1,
            "2018-06": -2,
            "2018-12": -1,
            "2022-08": -1
        }
    },
    "hours": {
        "4": {
            "2025-06": -32.0
        },
        "6": {
            "2023-08": -81.0,
            "2023-09": -133.0
        },
        "8": {
            "2021-11": -130.0
        }
    },
    "resources": {
        "10": {
            "2018-09": 1,
            "2018-10": 1,
            "2018-11": 1,
            "2018-12": 1
        },
        "15": {
            "2022-04": 1,
            "2022-05": 1,
            "2022-06": 1
        },
        "16": {
            "2022-12": 3,
            "2023-01": 2
        },
        "20": {
            "2018-01": 4,
            "2018-02": 4,
            "2018-03": 4,
            "2018-04": 3,
            "2018-05": 3,
            "2018-06": 3,
            "2018-07": 3,
            "2018-08": 3,
            "2018-09": 3,
            "2018-10": 3
        },
        "21": {
            "2018-11": 3,
            "2018-12": 3,
            "2019-01": 2,
            "2019-02": 1
        },
        "32": {
            "2019-07": 1
        },
        "34": {
            "2020-12": 1,
            "2021-01": 1,
            "2021-02": 1,
            "2021-03": 1
        }
    }
}