{
    "elapsed": {
        "M": {
            "57": {
                "2025-06": 0
            }
        }
    },
    "hours": {
        "2": {
            "2019-02": -84.0
        },
        "3": {
            "2020-01": -36.0
        },
        "4": {
            "2022-01": -76.0,
            "2022-04": -68.0
        },
        "5": {
            "2025-04": -109.0,
            "2025-05": -280.0,
            "2025-06": -451.0
        },
        "6": {
            "2018-01": -253.0,
            "2018-02": -276.0,
            "2018-03": -299.0
        },
        "8": {
            "2018-01": -865.0,
            "2018-02": -865.0,
            "2018-03": -865.0,
            "2024-10": -20.0,
            "2024-11": -87.0,
            "2024-12": -154.0,
            "2025-01": -221.0
        }
    },
    "resources": {
        "10": {
            "2018-01": 1,
            "2018-02": 2,
            "2018-03": 3,
            "2018-04": 3,
            "2018-05": 3,
            "2018-06": 3,
            "2018-07": 3,
            "2018-08": 3,
            "2018-09": 2,
            "2018-10": 2,
            "2018-11": 2
        },
        "11": {
            "2018-12": 6,
            "2019-01": 5,
            "2019-02": 4,
            "2019-03": 3,
            "2019-04": 3,
            "2019-05": 3,
            "2019-06": 3,
            "2019-07": 4,
            "2019-08": 4,
            "2019-09": 4
        },
        "14": {
            "2022-03": 1
        },
        "19": {
            "2018-01": 2,
            "2018-02": 2,
            "2018-03": 3,
            "2018-04": 2,
            "2018-05": 1,
            "2018-06": 2
        },
        "21": {
            "2019-07": 3,
            "2019-08": 2,
            "2019-09": 1
        },
        "22": {
            "2020-05": 1,
            "2020-06": 1
        },
        "28": {
            "2025-03": 2
        },
        "37": {
            "2023-12": 3,
            "2024-01": 1,
            "2024-02": 1,
            "2024-03": 1,
            "2024-04": 1,
            "2024-05": 1
        }
    }
}