{
    "hours": {
        "3": {
            "2018-10": -134.0,
            "2018-11": -294.0
        },
        "4": {
            "2022-01": -285.0,
            "2022-03": -29.0
        },
        "8": {
            "2018-01": -15.0,
            "2018-02": -15.0,
            "2018-03": -15.0,
            "2018-04": -15.0
        }
    },
    "resources": {
        "10": {
            "2018-01": 1,
            "2018-02": 1,
            "2018-03": 1,
            "2018-04": 1,
            "2018-05": 1,
            "2018-06": 4,
            "2018-07": 2,
            "2018-08": 2,
            "2018-09": 2,
            "2018-10": 2,
            "2018-11": 2
        },
        "11": {
            "2018-12": 3,
            "2019-01": 2,
            "2019-02": 2,
            "2019-03": 2,
            "2019-04": 1,
            "2019-05": 1,
            "2019-06": 2,
            "2019-07": 5,
            "2019-08": 5,
            "2019-09": 5
        },
        "12": {
            "2019-10": 2,
            "2019-11": 1,
            "2020-01": 1
        },
        "13": {
            "2020-09": 1
        },
        "14": {
            "2021-08": 4,
            "2022-02": 1,
            "2022-03": 1
        },
        "19": {
            "2018-01": 3,
            "2018-02": 2,
            "2018-03": 2,
            "2018-04": 2,
            "2018-05": 2,
            "2018-06": 2
        },
        "20": {
            "2018-07": 1
        },
        "21": {
            "2019-07": 3,
            "2019-08": 2,
            "2020-03": 1,
            "2020-04": 1
        },
        "22": {
            "2020-05": 2,
            "2020-06": 2,
            "2020-09": 1,
            "2020-10": 1
        },
        "37": {
            "2023-12": 1,
            "2024-07": 1,
            "2024-08": 1
        }
    }
}