{
    "available": {
        "7": {
            "2021-03": -1,
            "2021-04": -1
        }
    },
    "hours": {
        "10": {
            "2025-06": -18.0
        },
        "11": {
            "2025-03": -68.0
        },
        "8": {
            "2020-12": -47.0,
            "2021-01": -119.0
        }
    },
    "resources": {
        "40": {
            "2019-01": 2,
            "2019-02": 2,
            "2019-10": 1,
            "2019-11": 1
        },
        "49": {
            "2019-01": 1,
            "2019-08": 1,
            "2019-09": 1,
            "2019-10": 1,
            "2019-11": 1
        },
        "55": {
            "2023-08": 1,
            "2023-09": 1
        }
    }
}