{
    "available": {
        "13": {
            "2018-01": -1,
            "2018-02": -1,
            "2018-03": -1,
            "2018-04": -1,
            "2018-05": -1
        }
    },
    "hours": {
        "13": {
            "2022-02": -68.0
        },
        "16": {
            "2024-05": -45.0
        },
        "20": {
            "2019-02": -106.0,
            "2020-11": -90.0
        },
        "23": {
            "2023-03": -3.0
        },
        "25": {
            "2020-09": -426.0,
            "2020-11": -320.0
        },
        "5": {
            "2023-10": -40.0
        },
        "7": {
            "2018-12": -46.0,
            "2022-03": -55.0
        },
        "8": {
            "2019-07": -3.0
        },
        "9": {
            "2018-11": -22.0,
            "2018-12": -116.0,
            "2020-07": -5.0,
            "2020-10": -338.0
        }
    },
    "resources": {
        "100": {
            "2020-07": 1,
            "2021-02": 1
        },
        "108": {
            "2018-11": 1,
            "2018-12": 1
        },
        "109": {
            "2019-01": 1
        },
        "110": {
            "2019-12": 3,
            "2020-01": 1
        },
        "23": {
            "2020-01": 3,
            "2020-02": 2,
            "2020-06": 2,
            "2020-07": 1,
            "2020-08": 1,
            "2020-09": 1,
            "2020-10": 1
        },
        "53": {
            "2018-02": 1
        },
        "54": {
            "2018-08": 1,
            "2018-09": 1,
            "2018-10": 2,
            "2018-11": 3,
            "2018-12": 3,
            "2019-01": 3
        },
        "59": {
            "2022-01": 1
        },
        "69": {
            "2021-01": 1
        },
        "70": {
            "2022-11": 1
        },
        "75": {
            "2018-01": 2
        },
        "86": {
            "2018-01": 1,
            "2018-04": 2,
            "2018-05": 2,
            "2018-06": 1,
            "2018-08": 1,
            "2018-09": 1,
            "2018-10": 1,
            "2018-11": 1,
            "2018-12": 1
        },
        "87": {
            "2019-01": 2
        },
        "99": {
            "2019-10": 1,
            "2019-11": 1
        }
    }
}