{
    "hours": {
        "14": {
            "2021-05": -107.0
        },
        "20": {
            "2020-01": -7.0
        },
        "21": {
            "2019-09": -152.0,
            "2020-04": -7.0,
            "2020-05": -107.0
        },
        "6": {
            "2021-11": -48.0
        }
    },
    "resources": {
        "112": {
            "2018-01": 2,
            "2018-02": 2,
            "2018-03": 1,
            "2018-04": 1,
            "2018-05": 1,
            "2018-06": 2,
            "2018-07": 2,
            "2018-08": 2,
            "2018-09": 3
        },
        "114": {
            "2019-08": 6,
            "2019-09": 3
        },
        "76": {
            "2020-09": 1,
            "2020-10": 1,
            "2020-11": 1,
            "2021-06": 1,
            "2021-07": 1
        }
    }
}