{
    "capacity": {
        "1": {
            "2021-04": -1
        }
    },
    "hours": {
        "3": {
            "2019-07": -355.0,
            "2019-08": -715.0,
            "2019-09": -155.0
        },
        "6": {
            "2021-01": -15.0,
            "2021-02": -74.0,
            "2021-03": -133.0
        },
        "7": {
            "2020-08": -53.0
        }
    },
    "resources": {
        "0": {
            "2018-01": 1,
            "2018-02": 2
        },
        "1": {
            "2018-10": 3,
            "2018-11": 2,
            "2018-12": 1,
            "2019-01": 1,
            "2019-04": 1,
            "2019-05": 1,
            "2019-06": 1,
            "2019-07": 2,
            "2019-08": 2,
            "2019-09": 3
        },
        "13": {
            "2019-03": 1,
            "2019-04": 1,
            "2019-09": 1,
            "2019-10": 2
        },
        "17": {
            "2021-11": 2,
            "2021-12": 2,
            "2022-01": 1
        },
        "2": {
            "2019-10": 3,
            "2019-11": 3,
            "2019-12": 1
        },
        "25": {
            "2019-05": 3,
            "2019-06": 3,
            "2019-07": 2,
            "2019-08": 2,
            "2019-09": 2,
            "2019-10": 2,
            "2019-11": 2,
            "2019-12": 2,
            "2020-01": 2,
            "2020-02": 2,
            "2020-03": 2,
            "2020-04": 2
        },
        "36": {
            "2020-01": 2,
            "2020-02": 1
        }
    }
}