{
    "capacity": {
        "1": {
            "2020-04": -1,
            "2020-06": -3,
            "2020-07": -4,
            "2020-08": -6,
            "2020-09": -1,
            "2024-09": -3,
            "2024-10": -1,
            "2024-11": -1,
            "2024-12": -3,
            "2025-01": -5,
            "2025-02": -5,
            "2025-03": -4,
            "2025-04": -8,
            "2025-05": -12,
            "2025-06": -6
        }
    },
    "hours": {
        "1": {
            "2018-05": -225.0,
            "2018-06": -639.0,
            "2018-07": -368.0,
            "2018-08": -713.0,
            "2018-09": -170.0,
            "2018-10": -302.0,
            "2018-11": -434.0,
            "2019-01": -120.0
        },
        "10": {
            "2019-09": -178.0,
            "2019-10": -498.0,
            "2019-11": -690.0,
            "2019-12": -818.0,
            "2020-01": -882.0,
            "2020-02": -946.0,
            "2020-03": -1010.0,
            "2020-04": -1074.0,
            "2020-05": -1138.0,
            "2020-06": -1202.0,
            "2020-07": -424.0,
            "2020-08": -488.0,
            "2020-09": -529.0,
            "2020-10": -611.0,
            "2020-11": -734.0,
            "2020-12": -898.0,
            "2021-01": -1021.0,
            "2021-02": -1103.0,
            "2021-03": -298.0,
            "2021-04": -380.0,
            "2021-05": -503.0,
            "2024-01": -52.0,
            "2024-02": -132.0,
            "2024-03": -132.0,
            "2024-04": -132.0
        },
        "11": {
            "2024-03": -14.0
        },
        "12": {
            "2019-04": -78.0,
            "2019-05": -196.0,
            "2019-06": -314.0,
            "2019-07": -373.0,
            "2019-08": -432.0,
            "2019-09": -432.0,
            "2019-10": -432.0,
            "2019-11": -432.0,
            "2019-12": -432.0,
            "2020-01": -432.0,
            "2020-02": -432.0,
            "2020-03": -432.0,
            "2020-04": -485.0,
            "2020-05": -591.0,
            "2020-06": -697.0,
            "2020-07": -750.0,
            "2024-02": -138.0,
            "2024-03": -366.0,
            "2024-04": -594.0,
            "2024-05": -822.0,
            "2024-06": -974.0,
            "2024-07": -974.0,
            "2024-08": -974.0,
            "2024-09": -1017.0,
            "2024-10": -1060.0,
            "2024-11": -1060.0,
            "2024-12": -1060.0,
            "2025-01": -1060.0,
            "2025-02": -82.0,
            "2025-03": -82.0,
            "2025-04": -82.0
        },
        "13": {
            "2018-11": -393.0,
            "2018-12": -1113.0,
            "2019-01": -1833.0,
            "2019-02": -2433.0,
            "2019-03": -1905.0,
            "2019-04": -2265.0,
            "2019-05": -2625.0,
            "2019-06": -2985.0,
            "2019-07": -3285.0,
            "2019-08": -2525.0,
            "2019-09": -1532.0,
            "2019-10": -626.0
        },
        "14": {
            "2020-01": -2.0,
            "2020-02": -86.0,
            "2022-01": -66.0,
            "2022-02": -152.0
        },
        "15": {
            "2019-06": -267.0,
            "2019-07": -307.0,
            "2019-08": -347.0,
            "2020-06": -110.0
        },
        "17": {
            "2018-04": -792.0,
            "2018-05": -1824.0,
            "2018-06": -2770.0,
            "2018-07": -3458.0,
            "2018-08": -3888.0,
            "2018-09": -4060.0,
            "2018-10": -3306.0,
            "2018-11": -3691.0,
            "2018-12": -4076.0,
            "2019-01": -4230.0,
            "2019-02": -4461.0,
            "2019-03": -3815.0,
            "2019-04": -3892.0,
            "2019-05": -3892.0,
            "2019-06": -2944.0,
            "2019-07": -2995.0,
            "2019-08": -3046.0,
            "2019-09": -3097.0,
            "2019-10": -3199.0,
            "2019-11": -3301.0,
            "2019-12": -2366.0,
            "2020-01": -2468.0,
            "2020-02": -1654.0,
            "2020-03": -1700.0
        },
        "18": {
            "2018-03": -278.0,
            "2018-04": -622.0,
            "2018-05": -966.0,
            "2018-06": -1310.0,
            "2018-07": -1482.0,
            "2018-08": -1482.0,
            "2018-09": -1482.0,
            "2018-10": -1482.0,
            "2018-11": -1559.0,
            "2018-12": -1636.0,
            "2019-01": -1636.0,
            "2019-02": -1713.0,
            "2019-03": -1790.0,
            "2019-04": -1790.0,
            "2019-05": -1790.0,
            "2019-06": -791.0,
            "2019-07": -791.0,
            "2019-08": -791.0,
            "2019-09": -791.0,
            "2019-10": -842.0,
            "2019-11": -893.0,
            "2019-12": -893.0,
            "2020-01": -893.0,
            "2020-02": -893.0,
            "2020-03": -893.0,
            "2020-11": -59.0,
            "2024-10": -15.0,
            "2024-11": -67.0
        },
        "19": {
            "2019-07": -150.0,
            "2019-08": -478.0,
            "2019-10": -345.0,
            "2019-11": -189.0,
            "2019-12": -435.0,
            "2020-01": -479.0,
            "2020-02": -807.0,
            "2020-03": -6.0,
            "2020-04": -231.0,
            "2020-07": -288.0
        },
        "2": {
            "2018-08": -26.0,
            "2018-09": -521.0,
            "2018-10": -1016.0,
            "2018-11": -790.0,
            "2018-12": -1285.0,
            "2019-01": -1205.0,
            "2019-02": -1385.0,
            "2019-03": -1496.0,
            "2019-04": -1607.0,
            "2019-05": -156.0,
            "2019-06": -267.0,
            "2023-04": -79.0
        },
        "20": {
            "2018-01": -116.0,
            "2018-02": -181.0,
            "2018-03": -246.0,
            "2018-04": -311.0,
            "2018-05": -376.0,
            "2018-06": -441.0,
            "2019-02": -12.0,
            "2019-03": -41.0,
            "2019-04": -70.0,
            "2019-05": -70.0,
            "2019-06": -70.0,
            "2019-07": -152.0,
            "2019-08": -234.0,
            "2019-09": -316.0,
            "2019-10": -398.0,
            "2019-11": -480.0,
            "2019-12": -480.0,
            "2020-01": -480.0,
            "2020-02": -480.0,
            "2020-03": -480.0,
            "2020-04": -480.0,
            "2020-05": -480.0,
            "2020-06": -480.0,
            "2020-07": -480.0
        },
        "21": {
            "2018-01": -44.0,
            "2018-02": -239.0,
            "2018-03": -434.0,
            "2018-06": -216.0,
            "2018-07": -476.0,
            "2018-09": -180.0,
            "2018-10": -440.0,
            "2018-11": -570.0,
            "2018-12": -657.0,
            "2019-04": -78.0,
            "2019-05": -107.0,
            "2019-06": -136.0,
            "2019-07": -136.0,
            "2019-08": -136.0,
            "2019-09": -218.0,
            "2019-10": -382.0,
            "2019-11": -464.0,
            "2019-12": -464.0,
            "2020-01": -628.0,
            "2020-02": -792.0,
            "2020-05": -66.0,
            "2020-06": -66.0,
            "2020-07": -66.0,
            "2020-08": -66.0,
            "2020-09": -66.0,
            "2020-10": -66.0,
            "2020-11": -66.0,
            "2020-12": -66.0,
            "2021-01": -66.0,
            "2021-02": -66.0,
            "2021-03": -99.0,
            "2021-04": -132.0,
            "2021-05": -264.0,
            "2022-06": -67.0,
            "2022-07": -312.0,
            "2022-08": -508.0,
            "2022-09": -655.0,
            "2022-10": -704.0,
            "2022-11": -753.0,
            "2022-12": -802.0,
            "2023-01": -26.0,
            "2023-02": -26.0,
            "2023-03": -26.0
        },
        "22": {
            "2019-07": -462.0,
            "2019-08": -1174.0,
            "2019-09": -1708.0,
            "2019-10": -1975.0,
            "2019-11": -1108.0,
            "2019-12": -186.0,
            "2021-09": -175.0,
            "2021-10": -415.0,
            "2021-11": -655.0,
            "2021-12": -799.0,
            "2022-01": -859.0,
            "2022-02": -949.0,
            "2022-03": -1039.0,
            "2022-04": -562.0,
            "2022-06": -23.0
        },
        "23": {
            "2019-09": -130.0,
            "2019-10": -397.0,
            "2019-11": -447.0,
            "2024-04": -13.0
        },
        "24": {
            "2019-06": -190.0,
            "2019-07": -368.0,
            "2019-08": -546.0,
            "2019-09": -724.0,
            "2019-10": -813.0,
            "2019-11": -813.0,
            "2019-12": -813.0
        },
        "25": {
            "2018-01": -492.0,
            "2018-02": -1707.0,
            "2018-03": -2922.0,
            "2018-04": -2982.0,
            "2018-05": -3630.0,
            "2018-06": -3169.0,
            "2018-07": -2534.0,
            "2018-08": -2777.0,
            "2018-09": -2858.0,
            "2018-10": -2858.0,
            "2018-11": -2015.0,
            "2018-12": -2015.0
        },
        "26": {
            "2018-07": -212.0,
            "2018-08": -506.0,
            "2018-09": -800.0,
            "2018-10": -1052.0,
            "2018-11": -335.0,
            "2018-12": -419.0,
            "2019-01": -459.0,
            "2019-02": -579.0,
            "2019-03": -699.0,
            "2019-04": -819.0,
            "2019-05": -939.0,
            "2019-06": -235.0,
            "2019-07": -475.0
        },
        "27": {
            "2019-01": -47.0,
            "2019-02": -397.0,
            "2019-03": -697.0,
            "2019-06": -74.0,
            "2019-07": -274.0,
            "2019-08": -392.0,
            "2019-09": -569.0,
            "2019-10": -864.0,
            "2019-11": -1218.0,
            "2019-12": -1513.0,
            "2020-01": -1690.0,
            "2020-02": -851.0,
            "2020-03": -998.0,
            "2020-04": -1194.0,
            "2020-06": -163.0,
            "2020-07": -408.0,
            "2020-08": -653.0,
            "2020-09": -311.0,
            "2024-03": -136.0,
            "2024-04": -304.0,
            "2024-05": -472.0,
            "2024-06": -640.0,
            "2024-07": -808.0,
            "2024-08": -868.0,
            "2024-09": -988.0,
            "2024-10": -367.0,
            "2024-11": -487.0,
            "2024-12": -607.0,
            "2025-01": -727.0,
            "2025-03": -21.0
        },
        "28": {
            "2018-04": -23.0,
            "2018-05": -125.0,
            "2018-06": -227.0,
            "2018-07": -329.0,
            "2018-08": -431.0,
            "2018-09": -533.0,
            "2018-10": -635.0,
            "2018-11": -737.0,
            "2018-12": -805.0,
            "2019-01": -805.0,
            "2019-02": -855.0,
            "2019-03": -905.0,
            "2019-06": -32.0,
            "2019-07": -82.0,
            "2019-08": -82.0,
            "2019-09": -82.0,
            "2019-10": -82.0,
            "2019-11": -82.0,
            "2019-12": -82.0,
            "2020-01": -82.0,
            "2020-02": -82.0,
            "2020-03": -131.0,
            "2020-04": -180.0,
            "2020-05": -229.0,
            "2020-06": -278.0,
            "2020-07": -327.0,
            "2020-08": -376.0,
            "2020-09": -376.0,
            "2020-10": -376.0
        },
        "29": {
            "2021-04": -96.0,
            "2021-05": -198.0,
            "2021-06": -300.0,
            "2024-11": -183.0
        },
        "3": {
            "2020-02": -64.0,
            "2020-04": -288.0,
            "2020-05": -792.0,
            "2020-06": -1107.0,
            "2020-07": -430.0,
            "2020-08": -745.0,
            "2020-09": -1186.0,
            "2020-10": -1564.0,
            "2020-11": -1816.0,
            "2020-12": -47.0,
            "2021-01": -47.0,
            "2021-02": -47.0,
            "2021-03": -47.0,
            "2021-04": -47.0,
            "2021-05": -47.0,
            "2021-06": -179.0,
            "2022-01": -18.0,
            "2024-05": -200.0
        },
        "4": {
            "2019-09": -181.0,
            "2019-10": -386.0,
            "2020-01": -3.0,
            "2020-02": -126.0,
            "2020-03": -441.0,
            "2020-04": -819.0,
            "2020-05": -1197.0,
            "2020-06": -1386.0,
            "2020-07": -520.0,
            "2020-08": -646.0,
            "2020-09": -835.0,
            "2020-10": -961.0,
            "2020-11": -1024.0,
            "2020-12": -140.0,
            "2021-01": -140.0,
            "2021-02": -140.0,
            "2021-03": -140.0,
            "2021-04": -140.0,
            "2021-05": -140.0,
            "2021-06": -272.0,
            "2021-11": -68.0,
            "2021-12": -347.0,
            "2022-01": -719.0
        },
        "5": {
            "2019-12": -74.0,
            "2020-01": -238.0,
            "2020-02": -361.0,
            "2020-04": -18.0,
            "2020-05": -207.0,
            "2020-06": -333.0,
            "2020-07": -459.0,
            "2020-08": -585.0,
            "2020-09": -774.0,
            "2020-10": -900.0,
            "2020-11": -1026.0,
            "2020-12": -141.0,
            "2021-01": -141.0,
            "2021-02": -141.0,
            "2021-03": -141.0,
            "2021-04": -141.0,
            "2021-05": -141.0,
            "2021-06": -141.0
        },
        "6": {
            "2018-04": -163.0,
            "2018-05": -540.0,
            "2018-06": -917.0,
            "2018-07": -1265.0,
            "2018-08": -623.0,
            "2018-10": -81.0,
            "2018-11": -139.0,
            "2018-12": -231.0,
            "2019-01": -415.0,
            "2019-02": -622.0,
            "2019-03": -829.0,
            "2019-04": -104.0,
            "2019-05": -288.0,
            "2019-06": -426.0,
            "2019-07": -541.0,
            "2019-10": -4.0
        },
        "7": {
            "2018-01": -68.0,
            "2018-02": -184.0,
            "2018-03": -300.0,
            "2018-04": -416.0,
            "2018-05": -532.0,
            "2018-06": -648.0,
            "2018-07": -735.0,
            "2018-08": -793.0,
            "2019-01": -53.0,
            "2019-02": -122.0,
            "2019-03": -191.0,
            "2019-04": -260.0,
            "2019-05": -329.0,
            "2019-06": -375.0,
            "2019-07": -398.0,
            "2023-04": -50.0
        },
        "8": {
            "2018-03": -228.0,
            "2018-04": -876.0,
            "2018-05": -1416.0,
            "2018-06": -1019.0,
            "2018-07": -1343.0,
            "2018-08": -1559.0,
            "2018-09": -1623.0,
            "2018-10": -1687.0,
            "2018-11": -1751.0,
            "2018-12": -1879.0,
            "2019-01": -975.0,
            "2019-02": -121.0,
            "2019-03": -185.0,
            "2019-04": -249.0,
            "2019-05": -377.0,
            "2019-07": -68.0,
            "2019-08": -452.0,
            "2022-06": -171.0,
            "2023-02": -39.0,
            "2024-02": -32.0,
            "2024-03": -192.0,
            "2024-04": -352.0,
            "2024-06": -60.0
        },
        "9": {
            "2018-02": -247.0,
            "2018-03": -517.0,
            "2018-04": -787.0,
            "2018-05": -1003.0,
            "2018-06": -1165.0,
            "2018-07": -1219.0,
            "2018-08": -1219.0,
            "2018-09": -1283.0,
            "2018-10": -1347.0,
            "2018-11": -1411.0,
            "2018-12": -1539.0,
            "2019-01": -635.0,
            "2019-02": -763.0,
            "2019-03": -827.0,
            "2019-04": -891.0,
            "2019-05": -891.0,
            "2022-06": -50.0,
            "2022-07": -125.0,
            "2022-08": -200.0,
            "2022-09": -275.0
        }
    },
    "resources": {
        "0": {
            "2018-01": 2,
            "2018-09": 1
        },
        "100": {
            "2021-03": 2,
            "2021-04": 2,
            "2022-01": 2
        },
        "101": {
            "2022-02": 2,
            "2022-09": 1,
            "2022-10": 3,
            "2022-11": 3,
            "2022-12": 3,
            "2023-01": 3
        },
        "104": {
            "2024-07": 2,
            "2024-08": 1,
            "2024-09": 1,
            "2025-01": 1,
            "2025-02": 1,
            "2025-03": 2,
            "2025-04": 2,
            "2025-05": 2,
            "2025-06": 2
        },
        "108": {
            "2019-11": 1,
            "2019-12": 1,
            "2020-05": 1,
            "2020-06": 1,
            "2020-07": 2,
            "2020-08": 2
        },
        "11": {
            "2019-02": 2
        },
        "110": {
            "2021-12": 1
        },
        "111": {
            "2022-07": 1,
            "2022-08": 2
        },
        "112": {
            "2022-09": 5,
            "2022-10": 5,
            "2022-11": 4,
            "2022-12": 4,
            "2023-01": 4,
            "2023-02": 4,
            "2023-03": 4,
            "2023-04": 4,
            "2023-05": 5
        },
        "113": {
            "2023-06": 5,
            "2023-07": 1,
            "2023-08": 1,
            "2023-11": 2,
            "2023-12": 2
        },
        "114": {
            "2024-01": 2,
            "2024-07": 1,
            "2024-08": 2
        },
        "116": {
            "2018-09": 1,
            "2018-10": 2,
            "2018-11": 2
        },
        "117": {
            "2018-12": 6,
            "2019-01": 5,
            "2019-02": 5,
            "2019-03": 5,
            "2019-04": 4,
            "2019-05": 2,
            "2019-08": 1,
            "2019-09": 1,
            "2019-10": 2,
            "2019-11": 2
        },
        "120": {
            "2022-01": 1,
            "2022-02": 1
        },
        "122": {
            "2022-12": 6,
            "2023-01": 6,
            "2023-02": 5,
            "2023-03": 5,
            "2023-04": 5,
            "2023-05": 1,
            "2023-06": 1,
            "2023-07": 1,
            "2023-08": 1,
            "2023-09": 2,
            "2023-10": 2,
            "2023-11": 4
        },
        "123": {
            "2023-12": 5,
            "2024-01": 5,
            "2024-02": 5,
            "2024-03": 5,
            "2024-04": 5,
            "2024-05": 5
        },
        "124": {
            "2024-11": 1
        },
        "125": {
            "2024-12": 1
        },
        "127": {
            "2019-01": 5,
            "2019-02": 3,
            "2019-03": 3,
            "2019-04": 3,
            "2019-05": 3,
            "2019-09": 2,
            "2019-10": 4
        },
        "13": {
            "2019-10": 3,
            "2020-01": 1,
            "2020-07": 1,
            "2020-08": 1
        },
        "131": {
            "2022-01": 2,
            "2022-12": 2
        },
        "133": {
            "2024-07": 1,
            "2024-08": 2,
            "2024-09": 3
        },
        "134": {
            "2024-10": 2
        },
        "135": {
            "2018-01": 1
        },
        "136": {
            "2019-01": 1,
            "2019-07": 1
        },
        "137": {
            "2019-08": 4,
            "2019-09": 3,
            "2019-10": 1,
            "2019-12": 1,
            "2020-01": 3,
            "2020-02": 4
        },
        "139": {
            "2020-11": 1,
            "2021-07": 2,
            "2021-08": 2
        },
        "142": {
            "2023-04": 5,
            "2023-05": 5,
            "2023-06": 3,
            "2023-07": 2,
            "2023-12": 1,
            "2024-01": 2
        },
        "144": {
            "2024-08": 1,
            "2025-02": 1,
            "2025-03": 1,
            "2025-04": 1,
            "2025-05": 1
        },
        "145": {
            "2025-06": 2
        },
        "146": {
            "2018-04": 2,
            "2018-05": 4,
            "2018-06": 4
        },
        "147": {
            "2018-07": 5,
            "2018-08": 4,
            "2018-09": 1,
            "2019-02": 3,
            "2019-03": 3,
            "2019-04": 3,
            "2019-05": 3,
            "2019-06": 5
        },
        "148": {
            "2019-12": 2
        },
        "149": {
            "2020-01": 1
        },
        "15": {
            "2021-05": 2,
            "2021-06": 1,
            "2021-11": 1,
            "2021-12": 1,
            "2022-01": 2,
            "2022-02": 4
        },
        "152": {
            "2021-11": 2,
            "2021-12": 2,
            "2022-01": 2,
            "2022-02": 2,
            "2022-03": 2,
            "2022-04": 2,
            "2022-05": 3
        },
        "153": {
            "2022-06": 4,
            "2022-07": 1,
            "2022-08": 1,
            "2023-02": 2,
            "2023-03": 2,
            "2023-04": 3
        },
        "154": {
            "2023-05": 1
        },
        "156": {
            "2024-05": 3,
            "2024-06": 2,
            "2024-07": 2,
            "2024-08": 2,
            "2024-09": 2,
            "2024-10": 2,
            "2024-11": 2,
            "2024-12": 4,
            "2025-01": 4,
            "2025-02": 4,
            "2025-03": 4,
            "2025-04": 4
        },
        "157": {
            "2025-05": 6,
            "2025-06": 3
        },
        "18": {
            "2024-02": 1,
            "2024-03": 1
        },
        "19": {
            "2024-08": 1
        },
        "21": {
            "2018-02": 1,
            "2018-03": 1,
            "2018-04": 1,
            "2018-05": 2,
            "2018-06": 2
        },
        "24": {
            "2020-11": 1
        },
        "25": {
            "2020-12": 5,
            "2021-01": 5,
            "2021-02": 5,
            "2021-03": 5,
            "2021-04": 5,
            "2021-05": 5,
            "2021-06": 3,
            "2021-07": 3,
            "2021-08": 3,
            "2021-09": 3,
            "2021-10": 3,
            "2021-11": 3
        },
        "26": {
            "2021-12": 1,
            "2022-04": 1,
            "2022-05": 3,
            "2022-06": 6
        },
        "27": {
            "2022-07": 2,
            "2022-08": 1,
            "2023-03": 1,
            "2023-04": 2
        },
        "28": {
            "2023-05": 6,
            "2023-06": 5,
            "2023-07": 5,
            "2023-08": 5,
            "2023-09": 5,
            "2023-10": 5,
            "2023-11": 5,
            "2023-12": 5
        },
        "29": {
            "2024-01": 2,
            "2024-02": 1,
            "2024-03": 1,
            "2024-04": 1,
            "2024-05": 1,
            "2024-06": 1,
            "2024-07": 2,
            "2024-08": 2,
            "2024-09": 4,
            "2024-10": 4,
            "2024-11": 4,
            "2024-12": 4
        },
        "30": {
            "2025-01": 2,
            "2025-02": 2,
            "2025-03": 1,
            "2025-04": 1
        },
        "31": {
            "2018-10": 1,
            "2018-11": 4
        },
        "33": {
            "2019-12": 2
        },
        "35": {
            "2021-11": 1
        },
        "39": {
            "2024-05": 5,
            "2024-06": 5,
            "2024-07": 5,
            "2024-08": 5,
            "2024-09": 5,
            "2024-10": 5
        },
        "4": {
            "2021-08": 1
        },
        "40": {
            "2024-11": 1
        },
        "42": {
            "2018-09": 2,
            "2018-10": 2,
            "2018-11": 2,
            "2018-12": 1,
            "2019-01": 2,
            "2019-02": 1,
            "2019-03": 2,
            "2019-04": 2
        },
        "43": {
            "2019-05": 3,
            "2019-11": 1,
            "2019-12": 2,
            "2020-01": 3
        },
        "44": {
            "2020-02": 1,
            "2020-03": 1
        },
        "45": {
            "2021-08": 1
        },
        "47": {
            "2022-04": 1,
            "2022-12": 3
        },
        "48": {
            "2023-01": 5,
            "2023-02": 5,
            "2023-03": 5,
            "2023-04": 4,
            "2023-05": 4,
            "2023-06": 4,
            "2023-07": 5,
            "2023-08": 6
        },
        "49": {
            "2023-09": 3,
            "2023-10": 3,
            "2023-11": 2,
            "2023-12": 2,
            "2024-01": 1,
            "2024-02": 1,
            "2024-03": 2,
            "2024-04": 2,
            "2024-05": 2,
            "2024-06": 2,
            "2024-07": 2,
            "2024-08": 3
        },
        "50": {
            "2025-04": 1
        },
        "51": {
            "2025-05": 2,
            "2025-06": 2
        },
        "52": {
            "2018-01": 3,
            "2018-12": 2
        },
        "53": {
            "2019-01": 1,
            "2019-07": 1,
            "2019-08": 1,
            "2019-09": 2
        },
        "54": {
            "2020-03": 1
        },
        "56": {
            "2021-01": 3
        },
        "58": {
            "2022-11": 3,
            "2022-12": 3,
            "2023-01": 2,
            "2023-02": 2,
            "2023-03": 3,
            "2023-04": 5
        },
        "6": {
            "2023-05": 1,
            "2023-06": 1
        },
        "60": {
            "2024-06": 1
        },
        "61": {
            "2024-07": 1,
            "2024-08": 1,
            "2024-09": 1,
            "2024-10": 1,
            "2024-11": 1,
            "2025-04": 1
        },
        "64": {
            "2018-10": 2,
            "2019-08": 2
        },
        "65": {
            "2019-09": 1
        },
        "66": {
            "2020-05": 4,
            "2020-06": 4,
            "2020-07": 4,
            "2020-08": 4,
            "2020-09": 4,
            "2020-10": 4,
            "2020-11": 4,
            "2020-12": 4,
            "2021-01": 4
        },
        "67": {
            "2021-02": 1
        },
        "69": {
            "2022-07": 1
        },
        "7": {
            "2023-07": 2,
            "2023-08": 2
        },
        "70": {
            "2024-03": 4
        },
        "72": {
            "2025-01": 3,
            "2025-02": 1
        },
        "73": {
            "2018-11": 1,
            "2018-12": 3
        },
        "74": {
            "2019-04": 2
        },
        "75": {
            "2019-07": 4,
            "2019-08": 4,
            "2019-09": 4,
            "2019-10": 4,
            "2019-11": 4,
            "2019-12": 4
        },
        "76": {
            "2020-01": 4,
            "2020-02": 1,
            "2020-07": 2,
            "2020-08": 2,
            "2020-09": 3,
            "2020-10": 5
        },
        "77": {
            "2020-11": 2,
            "2021-10": 1
        },
        "78": {
            "2022-04": 1
        },
        "79": {
            "2022-05": 3,
            "2022-06": 3,
            "2022-07": 3,
            "2022-08": 3,
            "2022-09": 3,
            "2022-10": 3
        },
        "8": {
            "2024-06": 5,
            "2024-07": 3,
            "2025-02": 2,
            "2025-03": 3
        },
        "80": {
            "2022-11": 3,
            "2023-07": 3
        },
        "82": {
            "2024-06": 2,
            "2024-07": 2,
            "2024-11": 1
        },
        "83": {
            "2025-05": 1
        },
        "84": {
            "2025-06": 2
        },
        "85": {
            "2018-08": 1,
            "2018-09": 4
        },
        "86": {
            "2018-10": 2,
            "2019-01": 2,
            "2019-02": 1,
            "2019-03": 1,
            "2019-04": 3,
            "2019-05": 4
        },
        "88": {
            "2020-03": 5,
            "2020-04": 5,
            "2020-05": 3,
            "2020-06": 3,
            "2020-07": 4,
            "2020-08": 4,
            "2020-09": 6
        },
        "9": {
            "2025-04": 4,
            "2025-05": 1
        },
        "90": {
            "2021-09": 3,
            "2021-10": 2,
            "2021-11": 2,
            "2021-12": 1,
            "2022-01": 1,
            "2022-05": 1,
            "2022-06": 2
        },
        "92": {
            "2023-06": 4,
            "2023-07": 2,
            "2023-08": 1,
            "2023-12": 1,
            "2024-01": 1,
            "2024-02": 2
        },
        "94": {
            "2025-02": 3,
            "2025-03": 1,
            "2025-05": 1
        },
        "97": {
            "2019-07": 1
        },
        "98": {
            "2020-03": 2,
            "2020-04": 1,
            "2020-08": 1
        },
        "99": {
            "2020-09": 1,
            "2020-10": 1,
            "2020-11": 1,
            "2020-12": 1,
            "2021-01": 1,
            "2021-02": 1
        }
    }
}