{
    "elapsed": {
        "M": {
            "10": {
                "2025-06": 0
            }
        }
    },
    "hours": {
        "3": {
            "2018-10": -14.0,
            "2018-11": -254.0
        },
        "4": {
            "2023-02": -33.0,
            "2023-03": -105.0,
            "2023-04": -148.0
        },
        "5": {
            "2020-06": -35.0,
            "2024-08": -22.0,
            "2024-09": -193.0
        },
        "8": {
            "2018-01": -15.0,
            "2018-02": -15.0,
            "2018-03": -15.0
        }
    },
    "resources": {
        "10": {
            "2018-01": 1,
            "2018-02": 3,
            "2018-03": 3,
            "2018-04": 3,
            "2018-05": 3,
            "2018-06": 3,
            "2018-07": 2,
            "2018-08": 2
        },
        "11": {
            "2018-12": 6,
            "2019-01": 4,
            "2019-02": 3,
            "2019-03": 2,
            "2019-04": 2,
            "2019-05": 2,
            "2019-06": 2,
            "2019-07": 4,
            "2019-08": 4,
            "2019-09": 4
        },
        "12": {
            "2019-10": 1,
            "2019-11": 1,
            "2019-12": 2,
            "2020-01": 1,
            "2020-04": 1,
            "2020-08": 1
        },
        "14": {
            "2021-08": 2,
            "2022-03": 1
        },
        "19": {
            "2018-01": 1,
            "2018-02": 1,
            "2018-03": 1,
            "2018-04": 1,
            "2018-05": 1,
            "2018-06": 2
        },
        "21": {
            "2020-04": 1
        },
        "22": {
            "2020-05": 3,
            "2020-06": 3,
            "2020-07": 2
        },
        "37": {
            "2024-06": 1,
            "2024-07": 1,
            "2024-08": 1
        }
    }
}