{
    "maint_types": {
        "1": {
            "capacity": {}
        }
    },
    "maintenances": {
        "M": {
            "affects": [
                "M"
            ],
            "capacity": 7,
            "capacity_usage": 1,
            "depends_on": [
                "M"
            ],
            "duration_periods": 6,
            "elapsed_time_size": 15,
            "max_elapsed_time": 60,
            "max_used_time": 1000,
            "type": "1",
            "used_time_size": 1000
        }
    },
    "parameters": {
        "default_type2_capacity": 66,
        "elapsed_time_size": 15,
        "end": "2025-06",
        "initial_unbalance": [
            -3,
            3
        ],
        "maint_capacity": 7,
        "maint_duration": 6,
        "maint_weight": 1,
        "maintenances": {
            "M": {
                "affects": [],
                "capacity_usage": 1,
                "depends_on": [],
                "duration_periods": 4,
                "elapsed_time_size": 3,
                "max_elapsed_time": 60,
                "max_used_time": 1000,
                "priority": 0,
                "type": "1",
                "used_time_size": 1000
            },
            "VG": {
                "affects": [],
                "capacity_usage": 3,
                "depends_on": [
                    "M"
                ],
                "duration_periods": 1,
                "elapsed_time_size": 3,
                "max_elapsed_time": 8,
                "max_used_time": null,
                "priority": 10,
                "type": "2",
                "used_time_size": null
            },
            "VI": {
                "affects": [],
                "capacity_usage": 6,
                "depends_on": [
                    "M"
                ],
                "duration_periods": 1,
                "elapsed_time_size": 3,
                "max_elapsed_time": 17,
                "max_used_time": null,
                "priority": 5,
                "type": "2",
                "used_time_size": null
            },
            "VS": {
                "affects": [],
                "capacity_usage": 4,
                "depends_on": [
                    "M"
                ],
                "duration_periods": 1,
                "elapsed_time_size": null,
                "max_elapsed_time": null,
                "max_used_time": 600,
                "priority": 2,
                "type": "2",
                "used_time_size": 200
            }
        },
        "max_elapsed_time": 60,
        "max_elapsed_time_2M": null,
        "max_used_time": 1000,
        "min_avail_percent": 0.1,
        "min_avail_value": 1,
        "min_hours_perc": 0.5,
        "min_usage_period": 0,
        "num_parallel_tasks": 3,
        "num_period": 90,
        "num_resources": 45,
        "perc_add_capacity": 0.1,
        "perc_capacity": 0.15,
        "perc_in_maint": 0.07,
        "seed": 8003,
        "start": "2018-01",
        "t_duration": [
            6,
            12
        ],
        "t_min_assign": [
            2,
            3,
            6
        ],
        "t_num_resource": [
            1,
            6
        ],
        "t_required_hours": [
            10,
            50,
            100
        ],
        "unavail_weight": 1
    },
    "resources": {
        "0": {
            "capacities": [
                "0",
                "A"
            ],
            "code": "",
            "initial": {
                "M": {
                    "elapsed": 45,
                    "used": 734
                }
            },
            "initial_elapsed": 45,
            "initial_used": 734,
            "min_usage_period": {
                "default": 0
            },
            "states": {},
            "type": 0
        },
        "1": {
            "capacities": [
                "0"
            ],
            "code": "",
            "initial": {
                "M": {
                    "elapsed": 24,
                    "used": 417
                }
            },
            "initial_elapsed": 24,
            "initial_used": 417,
            "min_usage_period": {
                "default": 0
            },
            "states": {},
            "type": 0
        },
        "10": {
            "capacities": [
                "2"
            ],
            "code": "",
            "initial": {
                "M": {
                    "elapsed": 10,
                    "used": 134
                }
            },
            "initial_elapsed": 10,
            "initial_used": 134,
            "min_usage_period": {
                "default": 0
            },
            "states": {},
            "type": 2
        },
        "11": {
            "capacities": [
                "2"
            ],
            "code": "",
            "initial": {
                "M": {
                    "elapsed": 58,
                    "used": 950
                }
            },
            "initial_elapsed": 58,
            "initial_used": 950,
            "min_usage_period": {
                "default": 0
            },
            "states": {},
            "type": 2
        },
        "12": {
            "capacities": [
                "2"
            ],
            "code": "",
            "initial": {
                "M": {
                    "elapsed": 38,
                    "used": 684
                }
            },
            "initial_elapsed": 38,
            "initial_used": 684,
            "min_usage_period": {
                "default": 0
            },
            "states": {},
            "type": 2
        },
        "13": {
            "capacities": [
                "D",
                "2"
            ],
            "code": "",
            "initial": {
                "M": {
                    "elapsed": 26,
                    "used": 400
                }
            },
            "initial_elapsed": 26,
            "initial_used": 400,
            "min_usage_period": {
                "default": 0
            },
            "states": {},
            "type": 2
        },
        "14": {
            "capacities": [
                "D",
                "2"
            ],
            "code": "",
            "initial": {
                "M": {
                    "elapsed": 29,
                    "used": 534
                }
            },
            "initial_elapsed": 29,
            "initial_used": 534,
            "min_usage_period": {
                "default": 0
            },
            "states": {},
            "type": 2
        },
        "15": {
            "capacities": [
                "D",
                "2"
            ],
            "code": "",
            "initial": {
                "M": {
                    "elapsed": 60,
                    "used": 1000
                }
            },
            "initial_elapsed": 60,
            "initial_used": 1000,
            "min_usage_period": {
                "default": 0
            },
            "states": {
                "2017-09": "M",
                "2017-10": "M",
                "2017-11": "M",
                "2017-12": "M"
            },
            "type": 2
        },
        "16": {
            "capacities": [
                "2"
            ],
            "code": "",
            "initial": {
                "M": {
                    "elapsed": 37,
                    "used": 617
                }
            },
            "initial_elapsed": 37,
            "initial_used": 617,
            "min_usage_period": {
                "default": 0
            },
            "states": {},
            "type": 2
        },
        "17": {
            "capacities": [
                "0",
                "A"
            ],
            "code": "",
            "initial": {
                "M": {
                    "elapsed": 34,
                    "used": 534
                }
            },
            "initial_elapsed": 34,
            "initial_used": 534,
            "min_usage_period": {
                "default": 0
            },
            "states": {
                "2017-11": "0",
                "2017-12": "0"
            },
            "type": 0
        },
        "18": {
            "capacities": [
                "2"
            ],
            "code": "",
            "initial": {
                "M": {
                    "elapsed": 11,
                    "used": 234
                }
            },
            "initial_elapsed": 11,
            "initial_used": 234,
            "min_usage_period": {
                "default": 0
            },
            "states": {},
            "type": 2
        },
        "19": {
            "capacities": [
                "1"
            ],
            "code": "",
            "initial": {
                "M": {
                    "elapsed": 46,
                    "used": 717
                }
            },
            "initial_elapsed": 46,
            "initial_used": 717,
            "min_usage_period": {
                "default": 0
            },
            "states": {},
            "type": 1
        },
        "2": {
            "capacities": [
                "0"
            ],
            "code": "",
            "initial": {
                "M": {
                    "elapsed": 24,
                    "used": 384
                }
            },
            "initial_elapsed": 24,
            "initial_used": 384,
            "min_usage_period": {
                "default": 0
            },
            "states": {},
            "type": 0
        },
        "20": {
            "capacities": [
                "2"
            ],
            "code": "",
            "initial": {
                "M": {
                    "elapsed": 49,
                    "used": 850
                }
            },
            "initial_elapsed": 49,
            "initial_used": 850,
            "min_usage_period": {
                "default": 0
            },
            "states": {},
            "type": 2
        },
        "21": {
            "capacities": [
                "0"
            ],
            "code": "",
            "initial": {
                "M": {
                    "elapsed": 32,
                    "used": 484
                }
            },
            "initial_elapsed": 32,
            "initial_used": 484,
            "min_usage_period": {
                "default": 0
            },
            "states": {
                "2017-09": "0",
                "2017-10": "0",
                "2017-11": "0",
                "2017-12": "0"
            },
            "type": 0
        },
        "22": {
            "capacities": [
                "0",
                "B"
            ],
            "code": "",
            "initial": {
                "M": {
                    "elapsed": 46,
                    "used": 817
                }
            },
            "initial_elapsed": 46,
            "initial_used": 817,
            "min_usage_period": {
                "default": 0
            },
            "states": {
                "2017-05": "0",
                "2017-06": "0",
                "2017-07": "0",
                "2017-08": "0",
                "2017-09": "0",
                "2017-10": "0",
                "2017-11": "0",
                "2017-12": "0"
            },
            "type": 0
        },
        "23": {
            "capacities": [
                "2"
            ],
            "code": "",
            "initial": {
                "M": {
                    "elapsed": 55,
                    "used": 900
                }
            },
            "initial_elapsed": 55,
            "initial_used": 900,
            "min_usage_period": {
                "default": 0
            },
            "states": {},
            "type": 2
        },
        "24": {
            "capacities": [
                "0"
            ],
            "code": "",
            "initial": {
                "M": {
                    "elapsed": 16,
                    "used": 300
                }
            },
            "initial_elapsed": 16,
            "initial_used": 300,
            "min_usage_period": {
                "default": 0
            },
            "states": {},
            "type": 0
        },
        "25": {
            "capacities": [
                "0",
                "B"
            ],
            "code": "",
            "initial": {
                "M": {
                    "elapsed": 19,
                    "used": 300
                }
            },
            "initial_elapsed": 19,
            "initial_used": 300,
            "min_usage_period": {
                "default": 0
            },
            "states": {},
            "type": 0
        },
        "26": {
            "capacities": [
                "0"
            ],
            "code": "",
            "initial": {
                "M": {
                    "elapsed": 29,
                    "used": 534
                }
            },
            "initial_elapsed": 29,
            "initial_used": 534,
            "min_usage_period": {
                "default": 0
            },
            "states": {},
            "type": 0
        },
        "27": {
            "capacities": [
                "D",
                "2"
            ],
            "code": "",
            "initial": {
                "M": {
                    "elapsed": 38,
                    "used": 600
                }
            },
            "initial_elapsed": 38,
            "initial_used": 600,
            "min_usage_period": {
                "default": 0
            },
            "states": {},
            "type": 2
        },
        "28": {
            "capacities": [
                "1"
            ],
            "code": "",
            "initial": {
                "M": {
                    "elapsed": 8,
                    "used": 150
                }
            },
            "initial_elapsed": 8,
            "initial_used": 150,
            "min_usage_period": {
                "default": 0
            },
            "states": {},
            "type": 1
        },
        "29": {
            "capacities": [
                "2"
            ],
            "code": "",
            "initial": {
                "M": {
                    "elapsed": 33,
                    "used": 550
                }
            },
            "initial_elapsed": 33,
            "initial_used": 550,
            "min_usage_period": {
                "default": 0
            },
            "states": {},
            "type": 2
        },
        "3": {
            "capacities": [
                "0",
                "A"
            ],
            "code": "",
            "initial": {
                "M": {
                    "elapsed": 60,
                    "used": 1000
                }
            },
            "initial_elapsed": 60,
            "initial_used": 1000,
            "min_usage_period": {
                "default": 0
            },
            "states": {
                "2017-12": "M"
            },
            "type": 0
        },
        "30": {
            "capacities": [
                "D",
                "2"
            ],
            "code": "",
            "initial": {
                "M": {
                    "elapsed": 38,
                    "used": 684
                }
            },
            "initial_elapsed": 38,
            "initial_used": 684,
            "min_usage_period": {
                "default": 0
            },
            "states": {},
            "type": 2
        },
        "31": {
            "capacities": [
                "2"
            ],
            "code": "",
            "initial": {
                "M": {
                    "elapsed": 26,
                    "used": 467
                }
            },
            "initial_elapsed": 26,
            "initial_used": 467,
            "min_usage_period": {
                "default": 0
            },
            "states": {},
            "type": 2
        },
        "32": {
            "capacities": [
                "D",
                "2"
            ],
            "code": "",
            "initial": {
                "M": {
                    "elapsed": 56,
                    "used": 884
                }
            },
            "initial_elapsed": 56,
            "initial_used": 884,
            "min_usage_period": {
                "default": 0
            },
            "states": {},
            "type": 2
        },
        "33": {
            "capacities": [
                "2"
            ],
            "code": "",
            "initial": {
                "M": {
                    "elapsed": 4,
                    "used": 84
                }
            },
            "initial_elapsed": 4,
            "initial_used": 84,
            "min_usage_period": {
                "default": 0
            },
            "states": {},
            "type": 2
        },
        "34": {
            "capacities": [
                "2"
            ],
            "code": "",
            "initial": {
                "M": {
                    "elapsed": 41,
                    "used": 650
                }
            },
            "initial_elapsed": 41,
            "initial_used": 650,
            "min_usage_period": {
                "default": 0
            },
            "states": {},
            "type": 2
        },
        "35": {
            "capacities": [
                "B",
                "0",
                "A"
            ],
            "code": "",
            "initial": {
                "M": {
                    "elapsed": 51,
                    "used": 867
                }
            },
            "initial_elapsed": 51,
            "initial_used": 867,
            "min_usage_period": {
                "default": 0
            },
            "states": {},
            "type": 0
        },
        "36": {
            "capacities": [
                "B",
                "0",
                "A"
            ],
            "code": "",
            "initial": {
                "M": {
                    "elapsed": 36,
                    "used": 617
                }
            },
            "initial_elapsed": 36,
            "initial_used": 617,
            "min_usage_period": {
                "default": 0
            },
            "states": {
                "2017-03": "0",
                "2017-04": "0",
                "2017-05": "0",
                "2017-06": "0",
                "2017-07": "0",
                "2017-08": "0",
                "2017-09": "0",
                "2017-10": "0",
                "2017-11": "0",
                "2017-12": "0"
            },
            "type": 0
        },
        "37": {
            "capacities": [
                "2"
            ],
            "code": "",
            "initial": {
                "M": {
                    "elapsed": 19,
                    "used": 317
                }
            },
            "initial_elapsed": 19,
            "initial_used": 317,
            "min_usage_period": {
                "default": 0
            },
            "states": {},
            "type": 2
        },
        "38": {
            "capacities": [
                "1"
            ],
            "code": "",
            "initial": {
                "M": {
                    "elapsed": 51,
                    "used": 900
                }
            },
            "initial_elapsed": 51,
            "initial_used": 900,
            "min_usage_period": {
                "default": 0
            },
            "states": {},
            "type": 1
        },
        "39": {
            "capacities": [
                "0",
                "B"
            ],
            "code": "",
            "initial": {
                "M": {
                    "elapsed": 59,
                    "used": 984
                }
            },
            "initial_elapsed": 59,
            "initial_used": 984,
            "min_usage_period": {
                "default": 0
            },
            "states": {},
            "type": 0
        },
        "4": {
            "capacities": [
                "0"
            ],
            "code": "",
            "initial": {
                "M": {
                    "elapsed": 27,
                    "used": 434
                }
            },
            "initial_elapsed": 27,
            "initial_used": 434,
            "min_usage_period": {
                "default": 0
            },
            "states": {},
            "type": 0
        },
        "40": {
            "capacities": [
                "B",
                "0",
                "A"
            ],
            "code": "",
            "initial": {
                "M": {
                    "elapsed": 40,
                    "used": 700
                }
            },
            "initial_elapsed": 40,
            "initial_used": 700,
            "min_usage_period": {
                "default": 0
            },
            "states": {
                "2017-09": "0",
                "2017-10": "0",
                "2017-11": "0",
                "2017-12": "0"
            },
            "type": 0
        },
        "41": {
            "capacities": [
                "B",
                "0",
                "A"
            ],
            "code": "",
            "initial": {
                "M": {
                    "elapsed": 46,
                    "used": 750
                }
            },
            "initial_elapsed": 46,
            "initial_used": 750,
            "min_usage_period": {
                "default": 0
            },
            "states": {},
            "type": 0
        },
        "42": {
            "capacities": [
                "C",
                "1"
            ],
            "code": "",
            "initial": {
                "M": {
                    "elapsed": 60,
                    "used": 1000
                }
            },
            "initial_elapsed": 60,
            "initial_used": 1000,
            "min_usage_period": {
                "default": 0
            },
            "states": {
                "2017-08": "M",
                "2017-09": "M",
                "2017-10": "M",
                "2017-11": "M",
                "2017-12": "M"
            },
            "type": 1
        },
        "43": {
            "capacities": [
                "B",
                "0",
                "A"
            ],
            "code": "",
            "initial": {
                "M": {
                    "elapsed": 7,
                    "used": 100
                }
            },
            "initial_elapsed": 7,
            "initial_used": 100,
            "min_usage_period": {
                "default": 0
            },
            "states": {},
            "type": 0
        },
        "44": {
            "capacities": [
                "C",
                "1"
            ],
            "code": "",
            "initial": {
                "M": {
                    "elapsed": 37,
                    "used": 634
                }
            },
            "initial_elapsed": 37,
            "initial_used": 634,
            "min_usage_period": {
                "default": 0
            },
            "states": {
                "2017-11": "11",
                "2017-12": "11"
            },
            "type": 1
        },
        "5": {
            "capacities": [
                "0",
                "A"
            ],
            "code": "",
            "initial": {
                "M": {
                    "elapsed": 39,
                    "used": 700
                }
            },
            "initial_elapsed": 39,
            "initial_used": 700,
            "min_usage_period": {
                "default": 0
            },
            "states": {},
            "type": 0
        },
        "6": {
            "capacities": [
                "1"
            ],
            "code": "",
            "initial": {
                "M": {
                    "elapsed": 53,
                    "used": 884
                }
            },
            "initial_elapsed": 53,
            "initial_used": 884,
            "min_usage_period": {
                "default": 0
            },
            "states": {},
            "type": 1
        },
        "7": {
            "capacities": [
                "1"
            ],
            "code": "",
            "initial": {
                "M": {
                    "elapsed": 51,
                    "used": 900
                }
            },
            "initial_elapsed": 51,
            "initial_used": 900,
            "min_usage_period": {
                "default": 0
            },
            "states": {},
            "type": 1
        },
        "8": {
            "capacities": [
                "1"
            ],
            "code": "",
            "initial": {
                "M": {
                    "elapsed": 47,
                    "used": 817
                }
            },
            "initial_elapsed": 47,
            "initial_used": 817,
            "min_usage_period": {
                "default": 0
            },
            "states": {
                "2017-11": "11",
                "2017-12": "11"
            },
            "type": 1
        },
        "9": {
            "capacities": [
                "1"
            ],
            "code": "",
            "initial": {
                "M": {
                    "elapsed": 33,
                    "used": 500
                }
            },
            "initial_elapsed": 33,
            "initial_used": 500,
            "min_usage_period": {
                "default": 0
            },
            "states": {
                "2017-11": "11",
                "2017-12": "11"
            },
            "type": 1
        }
    },
    "tasks": {
        "0": {
            "capacities": [
                "0"
            ],
            "consumption": 53,
            "end": "2018-07",
            "matricule": "",
            "min_assign": 6,
            "num_resource": 6,
            "start": "2018-01",
            "type_resource": 0
        },
        "1": {
            "capacities": [
                "0"
            ],
            "consumption": 35,
            "end": "2019-07",
            "matricule": "",
            "min_assign": 3,
            "num_resource": 5,
            "start": "2018-08",
            "type_resource": 0
        },
        "10": {
            "capacities": [
                "0"
            ],
            "consumption": 52,
            "end": "2025-06",
            "matricule": "",
            "min_assign": 6,
            "num_resource": 4,
            "start": "2025-02",
            "type_resource": 0
        },
        "11": {
            "capacities": [
                "1"
            ],
            "consumption": 16,
            "end": "2018-10",
            "matricule": "",
            "min_assign": 2,
            "num_resource": 4,
            "start": "2018-01",
            "type_resource": 1
        },
        "12": {
            "capacities": [
                "C",
                "1"
            ],
            "consumption": 60,
            "end": "2019-08",
            "matricule": "",
            "min_assign": 6,
            "num_resource": 1,
            "start": "2018-11",
            "type_resource": 1
        },
        "13": {
            "capacities": [
                "1"
            ],
            "consumption": 43,
            "end": "2020-04",
            "matricule": "",
            "min_assign": 2,
            "num_resource": 1,
            "start": "2019-09",
            "type_resource": 1
        },
        "14": {
            "capacities": [
                "1"
            ],
            "consumption": 48,
            "end": "2020-10",
            "matricule": "",
            "min_assign": 2,
            "num_resource": 1,
            "start": "2020-05",
            "type_resource": 1
        },
        "15": {
            "capacities": [
                "1"
            ],
            "consumption": 45,
            "end": "2021-06",
            "matricule": "",
            "min_assign": 3,
            "num_resource": 1,
            "start": "2020-11",
            "type_resource": 1
        },
        "16": {
            "capacities": [
                "1"
            ],
            "consumption": 50,
            "end": "2022-04",
            "matricule": "",
            "min_assign": 6,
            "num_resource": 1,
            "start": "2021-07",
            "type_resource": 1
        },
        "17": {
            "capacities": [
                "1"
            ],
            "consumption": 31,
            "end": "2023-02",
            "matricule": "",
            "min_assign": 2,
            "num_resource": 3,
            "start": "2022-05",
            "type_resource": 1
        },
        "18": {
            "capacities": [
                "1"
            ],
            "consumption": 44,
            "end": "2023-12",
            "matricule": "",
            "min_assign": 6,
            "num_resource": 4,
            "start": "2023-03",
            "type_resource": 1
        },
        "19": {
            "capacities": [
                "1"
            ],
            "consumption": 29,
            "end": "2024-11",
            "matricule": "",
            "min_assign": 3,
            "num_resource": 1,
            "start": "2024-01",
            "type_resource": 1
        },
        "2": {
            "capacities": [
                "0"
            ],
            "consumption": 71,
            "end": "2020-04",
            "matricule": "",
            "min_assign": 2,
            "num_resource": 2,
            "start": "2019-08",
            "type_resource": 0
        },
        "20": {
            "capacities": [
                "1"
            ],
            "consumption": 43,
            "end": "2025-06",
            "matricule": "",
            "min_assign": 3,
            "num_resource": 4,
            "start": "2024-12",
            "type_resource": 1
        },
        "21": {
            "capacities": [
                "2"
            ],
            "consumption": 70,
            "end": "2018-06",
            "matricule": "",
            "min_assign": 2,
            "num_resource": 2,
            "start": "2018-01",
            "type_resource": 2
        },
        "22": {
            "capacities": [
                "2"
            ],
            "consumption": 36,
            "end": "2019-04",
            "matricule": "",
            "min_assign": 3,
            "num_resource": 3,
            "start": "2018-07",
            "type_resource": 2
        },
        "23": {
            "capacities": [
                "2"
            ],
            "consumption": 71,
            "end": "2020-02",
            "matricule": "",
            "min_assign": 6,
            "num_resource": 5,
            "start": "2019-05",
            "type_resource": 2
        },
        "24": {
            "capacities": [
                "D",
                "2"
            ],
            "consumption": 59,
            "end": "2020-12",
            "matricule": "",
            "min_assign": 3,
            "num_resource": 6,
            "start": "2020-03",
            "type_resource": 2
        },
        "25": {
            "capacities": [
                "2"
            ],
            "consumption": 54,
            "end": "2021-10",
            "matricule": "",
            "min_assign": 6,
            "num_resource": 6,
            "start": "2021-01",
            "type_resource": 2
        },
        "26": {
            "capacities": [
                "2"
            ],
            "consumption": 45,
            "end": "2022-09",
            "matricule": "",
            "min_assign": 2,
            "num_resource": 3,
            "start": "2021-11",
            "type_resource": 2
        },
        "27": {
            "capacities": [
                "2"
            ],
            "consumption": 47,
            "end": "2023-09",
            "matricule": "",
            "min_assign": 6,
            "num_resource": 2,
            "start": "2022-10",
            "type_resource": 2
        },
        "28": {
            "capacities": [
                "2"
            ],
            "consumption": 26,
            "end": "2024-06",
            "matricule": "",
            "min_assign": 6,
            "num_resource": 4,
            "start": "2023-10",
            "type_resource": 2
        },
        "29": {
            "capacities": [
                "2"
            ],
            "consumption": 68,
            "end": "2025-02",
            "matricule": "",
            "min_assign": 2,
            "num_resource": 4,
            "start": "2024-07",
            "type_resource": 2
        },
        "3": {
            "capacities": [
                "0"
            ],
            "consumption": 63,
            "end": "2021-01",
            "matricule": "",
            "min_assign": 6,
            "num_resource": 3,
            "start": "2020-05",
            "type_resource": 0
        },
        "30": {
            "capacities": [
                "2"
            ],
            "consumption": 17,
            "end": "2025-06",
            "matricule": "",
            "min_assign": 6,
            "num_resource": 3,
            "start": "2025-03",
            "type_resource": 2
        },
        "4": {
            "capacities": [
                "0",
                "A"
            ],
            "consumption": 78,
            "end": "2021-09",
            "matricule": "",
            "min_assign": 3,
            "num_resource": 6,
            "start": "2021-02",
            "type_resource": 0
        },
        "5": {
            "capacities": [
                "0"
            ],
            "consumption": 45,
            "end": "2022-04",
            "matricule": "",
            "min_assign": 3,
            "num_resource": 2,
            "start": "2021-10",
            "type_resource": 0
        },
        "6": {
            "capacities": [
                "0",
                "B"
            ],
            "consumption": 55,
            "end": "2022-12",
            "matricule": "",
            "min_assign": 3,
            "num_resource": 5,
            "start": "2022-05",
            "type_resource": 0
        },
        "7": {
            "capacities": [
                "0"
            ],
            "consumption": 62,
            "end": "2023-08",
            "matricule": "",
            "min_assign": 6,
            "num_resource": 4,
            "start": "2023-01",
            "type_resource": 0
        },
        "8": {
            "capacities": [
                "0"
            ],
            "consumption": 63,
            "end": "2024-07",
            "matricule": "",
            "min_assign": 6,
            "num_resource": 1,
            "start": "2023-09",
            "type_resource": 0
        },
        "9": {
            "capacities": [
                "0"
            ],
            "consumption": 22,
            "end": "2025-01",
            "matricule": "",
            "min_assign": 2,
            "num_resource": 1,
            "start": "2024-08",
            "type_resource": 0
        }
    }
}