{
    "available": {
        "2": {
            "2018-01": -1,
            "2018-02": -1,
            "2018-03": -1
        }
    },
    "elapsed": {
        "M": {
            "10": {
                "2025-06": 0
            },
            "35": {
                "2025-06": 0
            }
        }
    },
    "hours": {
        "10": {
            "2018-05": -65.0
        },
        "2": {
            "2019-08": -22.0,
            "2019-09": -75.0,
            "2019-10": -128.0,
            "2019-11": -181.0,
            "2019-12": -234.0
        },
        "4": {
            "2019-12": -256.0,
            "2020-01": -284.0,
            "2020-03": -30.0
        },
        "7": {
            "2025-05": -123.0,
            "2025-06": -360.0
        },
        "8": {
            "2025-05": -148.0,
            "2025-06": -338.0
        },
        "9": {
            "2021-06": -24.0
        }
    },
    "resources": {
        "13": {
            "2019-08": 2,
            "2019-09": 2,
            "2020-02": 1,
            "2020-03": 1,
            "2020-04": 2
        },
        "27": {
            "2021-09": 2,
            "2021-10": 1,
            "2022-04": 1
        },
        "36": {
            "2019-10": 1
        },
        "42": {
            "2023-05": 1,
            "2023-06": 1,
            "2023-07": 1,
            "2023-08": 1,
            "2023-09": 1,
            "2023-10": 1,
            "2023-11": 2
        }
    }
}