{
    "elapsed": {
        "M": {
            "30": {
                "2025-06": 0
            },
            "9": {
                "2025-06": 0
            }
        }
    },
    "hours": {
        "1": {
            "2023-02": -14.0,
            "2025-06": -35.0
        },
        "10": {
            "2018-01": -285.0,
            "2018-02": -356.0,
            "2018-03": -427.0,
            "2018-04": -427.0,
            "2018-05": -427.0,
            "2018-09": -13.0
        },
        "2": {
            "2018-02": -31.0,
            "2018-03": -72.0,
            "2018-04": -154.0,
            "2022-06": -98.0,
            "2022-07": -270.0
        },
        "3": {
            "2019-06": -37.0,
            "2023-07": -40.0,
            "2024-04": -1.0,
            "2024-05": -101.0
        },
        "6": {
            "2019-02": -172.0
        },
        "7": {
            "2019-01": -287.0,
            "2019-02": -623.0
        }
    },
    "resources": {
        "1": {
            "2018-08": 1,
            "2018-09": 1,
            "2018-10": 1,
            "2018-11": 1,
            "2018-12": 1,
            "2019-03": 1,
            "2019-04": 1,
            "2019-05": 1,
            "2019-06": 1,
            "2019-07": 1
        },
        "10": {
            "2018-01": 1,
            "2018-06": 1,
            "2018-07": 1,
            "2018-08": 1,
            "2018-09": 1,
            "2018-10": 1,
            "2018-11": 2
        },
        "11": {
            "2018-12": 2,
            "2019-01": 2,
            "2019-07": 1
        },
        "13": {
            "2020-09": 1,
            "2020-11": 1,
            "2021-02": 1
        },
        "17": {
            "2023-03": 1
        },
        "2": {
            "2019-08": 3,
            "2019-09": 1
        },
        "20": {
            "2018-01": 3,
            "2018-02": 4,
            "2018-03": 4,
            "2018-04": 4,
            "2018-05": 3,
            "2018-06": 3,
            "2018-07": 3
        },
        "21": {
            "2018-08": 4,
            "2018-09": 2,
            "2019-03": 1
        },
        "3": {
            "2020-05": 1,
            "2021-02": 1
        },
        "4": {
            "2021-03": 1
        },
        "5": {
            "2021-11": 4,
            "2021-12": 3,
            "2022-01": 3,
            "2022-02": 3,
            "2022-03": 3,
            "2022-04": 2,
            "2022-05": 1,
            "2022-06": 1,
            "2022-07": 1,
            "2022-08": 2,
            "2022-09": 2,
            "2022-10": 4
        }
    }
}