{
    "available": {
        "4": {
            "2021-10": -1,
            "2021-11": -1,
            "2021-12": -1,
            "2022-01": -1,
            "2022-02": -1
        }
    },
    "capacity": {
        "1": {
            "2019-01": -1,
            "2019-02": -1,
            "2021-09": -2,
            "2021-10": -4,
            "2021-11": -7,
            "2021-12": -8,
            "2022-01": -9,
            "2022-02": -4,
            "2022-03": -2,
            "2022-04": -2,
            "2024-06": -1,
            "2024-07": -1
        }
    },
    "hours": {
        "6": {
            "2018-01": -198.0,
            "2018-02": -198.0
        },
        "7": {
            "2018-01": -544.0,
            "2018-02": -544.0,
            "2018-03": -562.0
        }
    },
    "resources": {
        "0": {
            "2018-01": 3,
            "2018-02": 3,
            "2018-03": 3,
            "2018-04": 3,
            "2018-05": 3,
            "2018-06": 3,
            "2018-07": 3
        },
        "1": {
            "2018-08": 1,
            "2018-09": 1,
            "2018-10": 1,
            "2018-11": 1,
            "2018-12": 1,
            "2019-01": 1,
            "2019-02": 1,
            "2019-03": 1,
            "2019-04": 1,
            "2019-05": 1,
            "2019-06": 1
        },
        "10": {
            "2018-01": 3,
            "2018-02": 3,
            "2018-03": 3,
            "2018-04": 3,
            "2018-05": 3,
            "2018-06": 3,
            "2018-07": 3,
            "2018-08": 3,
            "2018-09": 3,
            "2018-10": 3,
            "2018-11": 3
        },
        "11": {
            "2018-12": 6,
            "2019-01": 6,
            "2019-02": 6,
            "2019-03": 6,
            "2019-04": 6,
            "2019-05": 6,
            "2019-06": 6,
            "2019-07": 6,
            "2019-08": 6,
            "2019-09": 6
        },
        "12": {
            "2019-10": 2,
            "2019-11": 2,
            "2019-12": 2,
            "2020-01": 2,
            "2020-02": 1,
            "2020-03": 1,
            "2020-08": 1
        },
        "13": {
            "2020-09": 2,
            "2020-10": 2,
            "2020-11": 2,
            "2020-12": 2,
            "2021-01": 2,
            "2021-02": 2,
            "2021-03": 2,
            "2021-04": 2
        },
        "14": {
            "2021-05": 5,
            "2021-06": 5,
            "2021-07": 5,
            "2021-08": 5,
            "2021-09": 5,
            "2021-10": 5,
            "2021-11": 5,
            "2021-12": 5,
            "2022-01": 5,
            "2022-02": 5,
            "2022-03": 5
        },
        "15": {
            "2022-04": 1,
            "2022-05": 1,
            "2022-06": 1,
            "2022-07": 1,
            "2022-08": 1,
            "2022-09": 1
        },
        "16": {
            "2022-10": 5,
            "2022-11": 5,
            "2022-12": 5,
            "2023-01": 5,
            "2023-02": 5,
            "2023-03": 5,
            "2023-04": 5,
            "2023-05": 5
        },
        "17": {
            "2023-06": 1,
            "2023-07": 1,
            "2023-08": 1,
            "2023-09": 1,
            "2023-10": 1,
            "2023-11": 1
        },
        "18": {
            "2023-12": 2,
            "2024-01": 2,
            "2024-02": 2,
            "2024-03": 2,
            "2024-04": 2,
            "2024-05": 2,
            "2024-06": 2,
            "2024-07": 2
        },
        "19": {
            "2024-08": 2,
            "2024-09": 2,
            "2024-10": 2,
            "2024-11": 1,
            "2024-12": 1,
            "2025-01": 1,
            "2025-02": 1
        },
        "2": {
            "2019-07": 3,
            "2019-08": 3,
            "2019-09": 3,
            "2019-10": 3,
            "2019-11": 3,
            "2019-12": 3,
            "2020-01": 3
        },
        "21": {
            "2018-01": 5,
            "2018-02": 5,
            "2018-03": 5,
            "2018-04": 5,
            "2018-05": 5,
            "2018-06": 5
        },
        "22": {
            "2018-07": 3,
            "2018-08": 3,
            "2018-09": 3,
            "2018-10": 3,
            "2018-11": 3,
            "2018-12": 3,
            "2019-01": 3,
            "2019-02": 3,
            "2019-03": 3,
            "2019-04": 3,
            "2019-05": 3,
            "2019-06": 3
        },
        "23": {
            "2019-07": 3,
            "2019-08": 3,
            "2019-09": 3,
            "2019-10": 3,
            "2019-11": 3,
            "2019-12": 3,
            "2020-01": 3,
            "2020-02": 3,
            "2020-03": 3
        },
        "24": {
            "2020-04": 2,
            "2020-05": 2,
            "2020-06": 2,
            "2020-07": 2,
            "2020-08": 2,
            "2020-09": 2,
            "2020-10": 2,
            "2020-11": 2,
            "2020-12": 2,
            "2021-01": 2
        },
        "25": {
            "2021-02": 6,
            "2021-03": 6,
            "2021-04": 6,
            "2021-05": 6,
            "2021-06": 6,
            "2021-07": 6,
            "2021-08": 6,
            "2021-09": 6,
            "2021-10": 6,
            "2021-11": 6
        },
        "26": {
            "2021-12": 6,
            "2022-01": 6,
            "2022-02": 6,
            "2022-03": 6,
            "2022-04": 6,
            "2022-05": 6,
            "2022-06": 6,
            "2022-07": 6,
            "2022-08": 6,
            "2022-09": 6,
            "2022-10": 6
        },
        "27": {
            "2022-11": 4,
            "2022-12": 4,
            "2023-01": 4,
            "2023-02": 4,
            "2023-03": 4,
            "2023-04": 4
        },
        "28": {
            "2023-05": 6,
            "2023-06": 6,
            "2023-07": 6,
            "2023-08": 6,
            "2023-09": 6,
            "2023-10": 6,
            "2023-11": 6,
            "2023-12": 6,
            "2024-01": 6,
            "2024-02": 6,
            "2024-03": 6,
            "2024-04": 6
        },
        "29": {
            "2024-05": 6,
            "2024-06": 6,
            "2024-07": 4,
            "2024-08": 4,
            "2024-09": 4,
            "2024-10": 1,
            "2024-11": 1
        },
        "3": {
            "2020-02": 6,
            "2020-03": 6,
            "2020-04": 6,
            "2020-05": 6,
            "2020-06": 6,
            "2020-07": 6,
            "2020-08": 6,
            "2020-09": 6,
            "2020-10": 6,
            "2020-11": 6,
            "2020-12": 6,
            "2021-01": 6
        },
        "31": {
            "2018-01": 4,
            "2018-02": 4,
            "2018-03": 3,
            "2018-04": 3,
            "2018-05": 4,
            "2018-06": 4,
            "2018-07": 4,
            "2018-08": 4
        },
        "32": {
            "2018-09": 6,
            "2018-10": 6,
            "2018-11": 6,
            "2018-12": 6,
            "2019-01": 6,
            "2019-02": 6,
            "2019-03": 6
        },
        "33": {
            "2019-04": 3,
            "2019-05": 3,
            "2019-06": 3,
            "2019-07": 3,
            "2019-08": 3,
            "2019-09": 3,
            "2019-10": 3,
            "2019-11": 3,
            "2019-12": 3,
            "2020-01": 3,
            "2020-02": 3
        },
        "34": {
            "2020-03": 3,
            "2020-04": 3,
            "2020-05": 3,
            "2020-06": 3,
            "2020-07": 2,
            "2020-08": 2,
            "2020-09": 2,
            "2020-10": 2,
            "2020-11": 2,
            "2020-12": 2
        },
        "35": {
            "2021-01": 2,
            "2021-02": 2,
            "2021-03": 2,
            "2021-04": 2,
            "2021-05": 2,
            "2021-06": 2
        },
        "36": {
            "2021-07": 6,
            "2021-08": 6,
            "2021-09": 6,
            "2021-10": 5,
            "2021-11": 5,
            "2021-12": 5,
            "2022-01": 5,
            "2022-02": 5
        },
        "37": {
            "2022-03": 3,
            "2022-04": 3,
            "2022-05": 3,
            "2022-06": 3,
            "2022-07": 3,
            "2022-08": 3
        },
        "38": {
            "2022-09": 6,
            "2022-10": 6,
            "2022-11": 6,
            "2022-12": 6,
            "2023-01": 6,
            "2023-02": 6,
            "2023-03": 6,
            "2023-04": 6,
            "2023-05": 6,
            "2023-06": 6,
            "2023-07": 6
        },
        "39": {
            "2023-08": 1,
            "2023-09": 1,
            "2023-10": 1,
            "2023-11": 1,
            "2023-12": 1,
            "2024-01": 1,
            "2024-02": 1,
            "2024-03": 1
        },
        "4": {
            "2021-02": 3,
            "2021-03": 3,
            "2021-04": 3,
            "2021-05": 3,
            "2021-06": 3,
            "2021-07": 3,
            "2021-08": 3,
            "2021-09": 3,
            "2021-10": 3,
            "2021-11": 3,
            "2021-12": 3,
            "2022-01": 3
        },
        "40": {
            "2024-04": 1,
            "2024-05": 1,
            "2024-06": 1,
            "2024-07": 1,
            "2024-08": 1,
            "2024-09": 1,
            "2024-10": 1,
            "2024-11": 1,
            "2024-12": 1
        },
        "41": {
            "2025-01": 1
        },
        "5": {
            "2022-02": 2,
            "2022-03": 2,
            "2022-04": 2,
            "2022-05": 2,
            "2022-06": 2,
            "2022-07": 2,
            "2022-08": 2,
            "2022-09": 2,
            "2022-10": 2,
            "2022-11": 2
        },
        "6": {
            "2022-12": 4,
            "2023-01": 4,
            "2023-02": 4,
            "2023-03": 4,
            "2023-04": 4,
            "2023-05": 4
        },
        "7": {
            "2023-06": 2,
            "2023-07": 2,
            "2023-08": 2,
            "2023-09": 2,
            "2023-10": 2,
            "2023-11": 2,
            "2023-12": 2,
            "2024-01": 2
        },
        "8": {
            "2024-02": 5,
            "2024-03": 5,
            "2024-04": 5,
            "2024-05": 5,
            "2024-06": 5,
            "2024-07": 5,
            "2024-08": 5,
            "2024-09": 5,
            "2024-10": 1,
            "2024-11": 1
        }
    }
}