{
    "elapsed": {
        "M": {
            "50": {
                "2025-06": 0
            }
        }
    },
    "hours": {
        "1": {
            "2025-02": -84.0,
            "2025-06": -272.0
        },
        "2": {
            "2019-07": -232.0,
            "2019-08": -496.0,
            "2019-09": -760.0,
            "2019-12": -8.0
        },
        "6": {
            "2018-01": -198.0,
            "2018-02": -198.0
        }
    },
    "resources": {
        "10": {
            "2018-03": 1,
            "2018-06": 1,
            "2018-07": 1
        },
        "18": {
            "2023-12": 1,
            "2024-01": 1,
            "2024-02": 1,
            "2024-03": 1,
            "2024-04": 1
        },
        "8": {
            "2024-10": 1,
            "2024-11": 1
        }
    }
}