{
    "elapsed": {
        "M": {
            "41": {
                "2025-06": 0
            }
        }
    },
    "hours": {
        "12": {
            "2019-07": -45.0,
            "2019-08": -97.0
        },
        "14": {
            "2019-06": -23.0,
            "2019-07": -49.0,
            "2019-08": -75.0,
            "2025-01": -69.0,
            "2025-04": -30.0
        },
        "4": {
            "2023-09": -174.0
        },
        "5": {
            "2019-10": -22.0,
            "2019-11": -86.0,
            "2019-12": -214.0,
            "2020-01": -342.0,
            "2020-02": -470.0,
            "2024-05": -59.0
        }
    },
    "resources": {
        "10": {
            "2018-01": 3,
            "2018-02": 3,
            "2018-03": 3,
            "2018-04": 3,
            "2018-05": 3,
            "2018-06": 3,
            "2018-07": 1,
            "2018-08": 2,
            "2018-09": 2,
            "2018-10": 2,
            "2018-11": 1,
            "2018-12": 1
        },
        "11": {
            "2019-01": 2,
            "2019-02": 2,
            "2019-03": 2,
            "2019-04": 4,
            "2019-05": 3,
            "2019-06": 2,
            "2019-07": 3,
            "2019-08": 3,
            "2019-09": 4
        },
        "12": {
            "2019-10": 2,
            "2019-11": 2,
            "2019-12": 1
        },
        "14": {
            "2021-08": 1,
            "2021-09": 1,
            "2021-10": 2,
            "2021-11": 1,
            "2021-12": 1,
            "2022-01": 2
        },
        "21": {
            "2018-10": 1,
            "2018-11": 1,
            "2018-12": 1
        },
        "71": {
            "2022-12": 1,
            "2023-01": 1
        },
        "75": {
            "2018-02": 1,
            "2018-03": 1,
            "2018-04": 1,
            "2018-05": 1,
            "2018-06": 1,
            "2018-07": 1
        },
        "76": {
            "2018-11": 1,
            "2018-12": 1,
            "2019-01": 1
        }
    }
}