{
    "elapsed": {
        "M": {
            "49": {
                "2025-06": 0
            }
        }
    },
    "hours": {
        "3": {
            "2018-09": -14.0,
            "2018-10": -254.0,
            "2018-11": -494.0
        },
        "4": {
            "2022-02": -285.0,
            "2022-03": -711.0,
            "2022-07": -23.0
        },
        "5": {
            "2022-07": -193.0
        },
        "8": {
            "2018-01": -49.0,
            "2018-02": -49.0,
            "2018-03": -49.0,
            "2024-08": -42.0
        }
    },
    "resources": {
        "10": {
            "2018-01": 2,
            "2018-02": 2,
            "2018-03": 3,
            "2018-04": 2,
            "2018-05": 2,
            "2018-06": 1,
            "2018-07": 1,
            "2018-08": 1
        },
        "11": {
            "2018-12": 5,
            "2019-01": 5,
            "2019-02": 3,
            "2019-03": 1,
            "2019-06": 1,
            "2019-07": 1,
            "2019-08": 2,
            "2019-09": 2
        },
        "12": {
            "2020-03": 1
        },
        "13": {
            "2020-09": 1
        },
        "14": {
            "2021-08": 6
        },
        "19": {
            "2018-01": 1,
            "2018-02": 2,
            "2018-03": 2,
            "2018-04": 1
        },
        "20": {
            "2019-06": 1
        },
        "21": {
            "2019-07": 1
        },
        "37": {
            "2023-12": 1
        }
    }
}