{
    "elapsed": {
        "M": {
            "40": {
                "2025-06": 0
            },
            "54": {
                "2025-06": 0
            }
        }
    },
    "hours": {
        "1": {
            "2019-11": -342.0,
            "2025-04": -207.0
        },
        "7": {
            "2019-11": -46.0,
            "2019-12": -266.0,
            "2020-04": -6.0,
            "2020-05": -6.0,
            "2020-06": -6.0,
            "2020-07": -6.0,
            "2020-08": -6.0,
            "2020-09": -6.0,
            "2020-10": -6.0,
            "2020-11": -6.0,
            "2020-12": -6.0,
            "2021-01": -6.0
        }
    },
    "resources": {
        "1": {
            "2018-10": 2,
            "2018-11": 2,
            "2018-12": 2,
            "2019-01": 2,
            "2019-02": 2,
            "2019-03": 2,
            "2019-04": 2,
            "2019-05": 3,
            "2019-06": 3,
            "2019-07": 3,
            "2019-08": 3,
            "2019-09": 3
        },
        "13": {
            "2019-03": 2,
            "2019-04": 2,
            "2019-05": 1,
            "2019-06": 1,
            "2019-07": 1,
            "2019-08": 1,
            "2019-09": 2,
            "2019-10": 2
        },
        "2": {
            "2019-10": 2
        },
        "25": {
            "2019-05": 2,
            "2019-06": 1,
            "2019-07": 1,
            "2019-08": 1,
            "2019-09": 1,
            "2019-10": 1,
            "2019-11": 1,
            "2020-01": 1,
            "2020-02": 1,
            "2020-03": 1,
            "2020-04": 1
        }
    }
}