{
    "available": {
        "2": {
            "2018-01": -1,
            "2018-02": -1,
            "2018-03": -1
        }
    },
    "capacity": {
        "1": {
            "2018-03": -1
        }
    },
    "hours": {
        "10": {
            "2018-03": -2.0,
            "2020-04": -91.0
        },
        "2": {
            "2025-02": -25.0,
            "2025-03": -125.0
        },
        "4": {
            "2022-12": -32.0
        },
        "7": {
            "2023-05": -432.0
        },
        "8": {
            "2025-03": -126.0
        },
        "9": {
            "2021-04": -67.0,
            "2022-02": -17.0,
            "2022-03": -71.0
        }
    },
    "resources": {
        "13": {
            "2019-08": 3,
            "2019-09": 2,
            "2019-10": 2,
            "2019-11": 1,
            "2019-12": 1,
            "2020-01": 1,
            "2020-02": 1,
            "2020-03": 2,
            "2020-04": 2
        },
        "26": {
            "2021-08": 2
        },
        "27": {
            "2021-09": 1
        },
        "35": {
            "2019-03": 1
        },
        "36": {
            "2019-10": 1
        },
        "38": {
            "2021-02": 1,
            "2021-03": 1,
            "2021-04": 1,
            "2021-05": 1,
            "2021-06": 1
        },
        "44": {
            "2024-11": 1
        }
    }
}