{
    "elapsed": {
        "M": {
            "100": {
                "2025-06": 0
            },
            "73": {
                "2025-06": 0
            },
            "93": {
                "2025-06": 0
            }
        }
    },
    "hours": {
        "1": {
            "2020-03": -130.0,
            "2020-04": -316.0
        },
        "2": {
            "2022-03": -236.0,
            "2022-06": -92.0
        },
        "3": {
            "2019-11": -30.0
        },
        "7": {
            "2020-03": -35.0
        }
    },
    "resources": {
        "1": {
            "2018-11": 5,
            "2018-12": 4,
            "2019-01": 3,
            "2019-03": 1,
            "2019-05": 1,
            "2019-06": 1,
            "2019-07": 1,
            "2019-10": 1
        },
        "11": {
            "2019-12": 2,
            "2020-01": 1,
            "2020-02": 1,
            "2020-08": 1
        },
        "12": {
            "2020-09": 1,
            "2020-10": 1,
            "2021-07": 1,
            "2021-08": 1
        },
        "13": {
            "2021-09": 1,
            "2022-04": 1,
            "2022-05": 1
        },
        "15": {
            "2023-11": 1
        },
        "48": {
            "2018-01": 2,
            "2018-02": 1,
            "2018-03": 1,
            "2018-11": 1,
            "2018-12": 1
        },
        "49": {
            "2019-01": 1,
            "2019-02": 1
        },
        "51": {
            "2020-06": 1
        },
        "52": {
            "2021-01": 1,
            "2021-02": 1,
            "2021-03": 1,
            "2021-04": 1,
            "2021-05": 1,
            "2021-06": 1,
            "2021-07": 1
        }
    }
}