{
    "hours": {
        "3": {
            "2018-09": -54.0,
            "2018-10": -254.0,
            "2018-11": -454.0,
            "2023-02": -8.0
        },
        "4": {
            "2022-03": -321.0
        },
        "8": {
            "2024-08": -42.0,
            "2024-09": -42.0
        }
    },
    "resources": {
        "10": {
            "2018-02": 1,
            "2018-03": 2,
            "2018-04": 2,
            "2018-05": 2,
            "2018-06": 3,
            "2018-07": 1,
            "2018-08": 1,
            "2018-09": 1,
            "2018-10": 1,
            "2018-11": 1
        },
        "11": {
            "2018-12": 3,
            "2019-01": 3,
            "2019-02": 3,
            "2019-03": 2,
            "2019-04": 1,
            "2019-05": 1,
            "2019-06": 3,
            "2019-07": 4,
            "2019-08": 4,
            "2019-09": 4
        },
        "12": {
            "2019-10": 1,
            "2019-12": 1,
            "2020-01": 1
        },
        "14": {
            "2021-08": 5
        },
        "19": {
            "2018-01": 3,
            "2018-02": 2,
            "2018-03": 2
        },
        "20": {
            "2019-06": 1
        },
        "21": {
            "2019-07": 1
        },
        "22": {
            "2020-05": 1,
            "2020-06": 1,
            "2020-09": 1,
            "2020-10": 1
        }
    }
}