{
    "capacity": {
        "1": {
            "2018-04": -1
        }
    },
    "hours": {
        "3": {
            "2018-10": -174.0,
            "2018-11": -374.0
        },
        "4": {
            "2022-02": -41.0,
            "2022-03": -467.0
        },
        "8": {
            "2018-01": -15.0,
            "2018-02": -15.0,
            "2018-03": -15.0
        }
    },
    "resources": {
        "10": {
            "2018-01": 1,
            "2018-02": 2,
            "2018-03": 2,
            "2018-04": 2,
            "2018-05": 2,
            "2018-06": 3,
            "2018-07": 1,
            "2018-08": 1,
            "2018-09": 1,
            "2018-10": 1,
            "2018-11": 1
        },
        "11": {
            "2018-12": 3,
            "2019-01": 3,
            "2019-02": 3,
            "2019-03": 3,
            "2019-06": 1,
            "2019-07": 3,
            "2019-08": 3,
            "2019-09": 3
        },
        "12": {
            "2019-10": 3,
            "2019-11": 1,
            "2020-03": 1
        },
        "13": {
            "2020-09": 1
        },
        "14": {
            "2021-08": 5
        },
        "19": {
            "2018-01": 2,
            "2018-02": 2,
            "2018-03": 2,
            "2018-04": 2,
            "2018-05": 1,
            "2018-06": 1
        },
        "20": {
            "2018-07": 2
        },
        "21": {
            "2019-07": 1,
            "2019-08": 1,
            "2019-11": 1
        },
        "22": {
            "2020-05": 1,
            "2020-06": 1,
            "2020-10": 1
        },
        "37": {
            "2024-07": 1,
            "2024-08": 1
        }
    }
}