{
    "elapsed": {
        "M": {
            "42": {
                "2025-06": 0
            },
            "5": {
                "2025-06": 0
            }
        }
    },
    "hours": {
        "1": {
            "2022-09": -116.0,
            "2024-06": -148.0,
            "2024-10": -140.0,
            "2025-06": -19.0
        },
        "10": {
            "2018-01": -214.0,
            "2018-02": -214.0,
            "2018-03": -285.0,
            "2018-04": -427.0
        },
        "2": {
            "2018-03": -30.0,
            "2022-10": -12.0
        },
        "3": {
            "2023-06": -15.0,
            "2023-07": -123.0
        },
        "4": {
            "2018-09": -30.0
        },
        "6": {
            "2022-02": -66.0
        },
        "7": {
            "2022-09": -14.0
        },
        "8": {
            "2019-02": -352.0
        },
        "9": {
            "2018-01": -3.0,
            "2018-02": -74.0,
            "2018-03": -145.0,
            "2018-04": -216.0,
            "2018-05": -287.0
        }
    },
    "resources": {
        "1": {
            "2018-08": 2,
            "2018-09": 2,
            "2018-10": 1,
            "2018-11": 1,
            "2019-06": 1,
            "2019-07": 2
        },
        "10": {
            "2018-01": 1,
            "2018-02": 1,
            "2018-05": 1,
            "2018-06": 1,
            "2018-07": 1,
            "2018-08": 1,
            "2018-09": 2,
            "2018-10": 2,
            "2018-11": 3
        },
        "11": {
            "2019-06": 1,
            "2019-07": 1
        },
        "13": {
            "2020-03": 1,
            "2020-09": 1,
            "2021-02": 1
        },
        "2": {
            "2019-08": 2,
            "2020-04": 1
        },
        "20": {
            "2018-01": 4,
            "2018-02": 5,
            "2018-03": 4,
            "2018-04": 4,
            "2018-05": 2,
            "2018-06": 1,
            "2018-07": 3
        },
        "21": {
            "2018-08": 4,
            "2018-09": 3
        },
        "3": {
            "2020-05": 2,
            "2021-02": 1
        },
        "31": {
            "2018-08": 1
        },
        "32": {
            "2018-09": 3,
            "2018-10": 2
        },
        "5": {
            "2021-11": 5,
            "2021-12": 4,
            "2022-01": 3,
            "2022-02": 3,
            "2022-03": 3,
            "2022-04": 3,
            "2022-10": 1
        }
    }
}