{
    "capacity": {
        "1": {
            "2018-03": -1,
            "2018-04": -1,
            "2018-08": -1,
            "2023-03": -1
        }
    },
    "hours": {
        "1": {
            "2022-10": -264.0
        },
        "2": {
            "2018-02": -30.0
        },
        "4": {
            "2022-12": -46.0,
            "2023-01": -168.0,
            "2023-02": -290.0
        },
        "5": {
            "2023-08": -25.0,
            "2024-12": -46.0
        },
        "7": {
            "2018-06": -123.0
        },
        "9": {
            "2018-05": -3.0,
            "2018-06": -74.0,
            "2018-07": -145.0
        }
    },
    "resources": {
        "1": {
            "2018-08": 3,
            "2019-07": 1
        },
        "10": {
            "2018-01": 2,
            "2018-02": 2,
            "2018-03": 2,
            "2018-04": 1
        },
        "11": {
            "2018-12": 3,
            "2019-01": 1,
            "2019-06": 1,
            "2019-07": 1
        },
        "12": {
            "2019-08": 1
        },
        "13": {
            "2020-03": 1,
            "2020-04": 1,
            "2020-05": 1,
            "2020-06": 1
        },
        "15": {
            "2021-09": 2,
            "2021-10": 2,
            "2021-11": 1,
            "2021-12": 1
        },
        "2": {
            "2019-08": 3,
            "2019-09": 2,
            "2019-10": 2
        },
        "20": {
            "2018-01": 4,
            "2018-02": 2,
            "2018-03": 2,
            "2018-04": 2,
            "2018-07": 1
        },
        "21": {
            "2018-08": 3,
            "2018-09": 3,
            "2018-10": 3,
            "2018-11": 3,
            "2018-12": 3,
            "2019-01": 3,
            "2019-02": 4,
            "2019-03": 4
        },
        "22": {
            "2019-04": 1
        },
        "24": {
            "2021-02": 2,
            "2021-03": 1,
            "2021-04": 1,
            "2021-05": 1,
            "2021-06": 1
        },
        "3": {
            "2020-05": 3,
            "2020-06": 3,
            "2020-09": 1
        },
        "31": {
            "2018-01": 1,
            "2018-04": 1
        },
        "32": {
            "2018-09": 1
        },
        "5": {
            "2021-11": 5,
            "2021-12": 4,
            "2022-01": 4,
            "2022-02": 4,
            "2022-03": 1
        },
        "6": {
            "2022-11": 1
        }
    }
}