{
    "available": {
        "4": {
            "2021-07": -1,
            "2021-08": -1,
            "2021-09": -1,
            "2021-10": -1,
            "2021-11": -1
        }
    },
    "capacity": {
        "1": {
            "2018-06": -1,
            "2020-10": -1,
            "2020-11": -1,
            "2021-01": -1,
            "2021-02": -1
        }
    },
    "hours": {
        "2": {
            "2019-08": -191.0,
            "2019-09": -455.0
        },
        "3": {
            "2019-08": -85.0,
            "2019-09": -173.0
        },
        "4": {
            "2025-03": -3.0,
            "2025-04": -27.0,
            "2025-05": -27.0,
            "2025-06": -27.0
        }
    },
    "resources": {
        "10": {
            "2018-01": 2,
            "2018-02": 2,
            "2018-03": 2,
            "2018-04": 1,
            "2018-07": 1
        },
        "11": {
            "2018-12": 3
        },
        "13": {
            "2020-09": 1
        },
        "14": {
            "2021-05": 1
        },
        "18": {
            "2023-12": 1,
            "2024-01": 1,
            "2024-02": 1,
            "2024-03": 1,
            "2024-04": 1
        },
        "32": {
            "2018-09": 3
        },
        "8": {
            "2024-02": 2,
            "2024-03": 2,
            "2024-04": 2,
            "2024-05": 1
        }
    }
}