{
    "hours": {
        "3": {
            "2018-10": -214.0,
            "2018-11": -454.0
        },
        "4": {
            "2022-01": -424.0,
            "2022-03": -194.0
        },
        "7": {
            "2020-09": -30.0
        },
        "8": {
            "2018-01": -49.0,
            "2018-02": -49.0,
            "2018-03": -49.0,
            "2024-08": -120.0
        }
    },
    "resources": {
        "10": {
            "2018-01": 1,
            "2018-02": 3,
            "2018-03": 3,
            "2018-04": 3,
            "2018-05": 3,
            "2018-06": 2
        },
        "11": {
            "2018-12": 4,
            "2019-01": 4,
            "2019-02": 4,
            "2019-03": 3,
            "2019-04": 1,
            "2019-05": 1,
            "2019-06": 2,
            "2019-07": 3,
            "2019-08": 3,
            "2019-09": 3
        },
        "12": {
            "2019-10": 3
        },
        "13": {
            "2020-09": 1
        },
        "14": {
            "2021-08": 5,
            "2022-02": 1,
            "2022-03": 1
        },
        "19": {
            "2018-01": 2,
            "2018-02": 1,
            "2018-03": 1
        },
        "22": {
            "2020-05": 2,
            "2020-06": 2,
            "2020-07": 1
        },
        "30": {
            "2019-01": 1
        }
    }
}