{
    "hours": {
        "4": {
            "2021-01": -33.0,
            "2025-02": -1.0,
            "2025-03": -89.0
        },
        "5": {
            "2021-01": -11.0
        }
    },
    "resources": {
        "23": {
            "2020-05": 1
        },
        "25": {
            "2021-10": 1,
            "2022-02": 1
        },
        "28": {
            "2023-09": 4,
            "2023-10": 4,
            "2023-11": 4,
            "2023-12": 4,
            "2024-01": 4,
            "2024-02": 4,
            "2024-03": 4
        }
    }
}