{
    "hours": {
        "3": {
            "2022-10": -26.0,
            "2022-11": -286.0,
            "2025-02": -7.0
        }
    },
    "resources": {
        "11": {
            "2018-06": 1
        },
        "13": {
            "2019-09": 1,
            "2019-10": 1,
            "2020-04": 1,
            "2020-05": 1,
            "2020-06": 1
        },
        "20": {
            "2018-07": 1,
            "2018-08": 1,
            "2018-09": 1,
            "2018-10": 1
        },
        "21": {
            "2018-11": 3,
            "2018-12": 3,
            "2019-01": 2,
            "2019-02": 2,
            "2019-03": 2,
            "2019-04": 2,
            "2019-05": 2
        },
        "22": {
            "2019-06": 3,
            "2019-09": 1,
            "2019-10": 1,
            "2019-11": 2,
            "2019-12": 2,
            "2020-01": 2,
            "2020-02": 3,
            "2020-03": 3,
            "2020-04": 2,
            "2020-05": 2
        },
        "24": {
            "2021-05": 3,
            "2021-06": 1,
            "2021-07": 1,
            "2021-12": 1,
            "2022-01": 1,
            "2022-02": 1
        }
    }
}