{
    "state_m": {
        "11": {
            "2018-01": {
                "M": 1
            },
            "2018-02": {
                "M": 1
            }
        },
        "17": {
            "2018-01": {
                "M": 1
            },
            "2018-02": {
                "M": 1
            },
            "2018-03": {
                "M": 1
            },
            "2018-04": {
                "M": 1
            },
            "2018-05": {
                "M": 1
            }
        },
        "6": {
            "2018-01": {
                "M": 1
            }
        }
    },
    "task": {
        "2": {
            "2018-01": "0"
        },
        "33": {
            "2018-01": "0"
        },
        "47": {
            "2018-01": "0"
        },
        "7": {
            "2018-01": "11",
            "2018-02": "11"
        },
        "9": {
            "2018-01": "11",
            "2018-02": "11",
            "2018-03": "11",
            "2018-04": "11"
        }
    }
}