{
    "elapsed": {
        "M": {
            "45": {
                "2025-06": 0
            }
        }
    },
    "hours": {
        "5": {
            "2025-05": -25.0,
            "2025-06": -427.0
        },
        "7": {
            "2019-09": -50.0,
            "2019-10": -76.0,
            "2019-11": -102.0,
            "2019-12": -128.0
        },
        "8": {
            "2018-01": -324.0,
            "2018-02": -386.0,
            "2018-03": -448.0
        }
    },
    "resources": {
        "10": {
            "2018-09": 1,
            "2018-10": 1,
            "2018-11": 1,
            "2018-12": 1
        },
        "20": {
            "2018-01": 4,
            "2018-02": 4,
            "2018-03": 4,
            "2018-04": 4,
            "2018-05": 2,
            "2018-06": 2,
            "2018-07": 2,
            "2018-08": 2,
            "2018-09": 2,
            "2018-10": 2
        },
        "21": {
            "2018-11": 1
        }
    }
}