{
    "state_m": {
        "0": {
            "2019-11": {
                "M": 1
            },
            "2019-12": {
                "M": 1
            },
            "2020-01": {
                "M": 1
            },
            "2020-02": {
                "M": 1
            },
            "2020-03": {
                "M": 1
            },
            "2020-04": {
                "M": 1
            },
            "2025-04": {
                "M": 1
            },
            "2025-05": {
                "M": 1
            },
            "2025-06": {
                "M": 1
            }
        },
        "1": {
            "2018-02": {
                "M": 1
            },
            "2018-03": {
                "M": 1
            },
            "2018-04": {
                "M": 1
            },
            "2018-05": {
                "M": 1
            },
            "2018-06": {
                "M": 1
            },
            "2018-07": {
                "M": 1
            },
            "2023-07": {
                "M": 1
            },
            "2023-08": {
                "M": 1
            },
            "2023-09": {
                "M": 1
            },
            "2023-10": {
                "M": 1
            },
            "2023-11": {
                "M": 1
            },
            "2023-12": {
                "M": 1
            }
        },
        "10": {
            "2021-11": {
                "M": 1
            },
            "2021-12": {
                "M": 1
            },
            "2022-01": {
                "M": 1
            },
            "2022-02": {
                "M": 1
            },
            "2022-03": {
                "M": 1
            },
            "2022-04": {
                "M": 1
            }
        },
        "11": {
            "2018-01": {
                "M": 1
            },
            "2018-02": {
                "M": 1
            },
            "2018-03": {
                "M": 1
            },
            "2018-04": {
                "M": 1
            },
            "2018-05": {
                "M": 1
            },
            "2018-06": {
                "M": 1
            },
            "2023-06": {
                "M": 1
            },
            "2023-07": {
                "M": 1
            },
            "2023-08": {
                "M": 1
            },
            "2023-09": {
                "M": 1
            },
            "2023-10": {
                "M": 1
            },
            "2023-11": {
                "M": 1
            }
        },
        "12": {
            "2020-02": {
                "M": 1
            },
            "2020-03": {
                "M": 1
            },
            "2020-04": {
                "M": 1
            },
            "2020-05": {
                "M": 1
            },
            "2020-06": {
                "M": 1
            },
            "2020-07": {
                "M": 1
            },
            "2025-04": {
                "M": 1
            },
            "2025-05": {
                "M": 1
            },
            "2025-06": {
                "M": 1
            }
        },
        "13": {
            "2018-08": {
                "M": 1
            },
            "2018-09": {
                "M": 1
            },
            "2018-10": {
                "M": 1
            },
            "2018-11": {
                "M": 1
            },
            "2018-12": {
                "M": 1
            },
            "2019-01": {
                "M": 1
            },
            "2024-01": {
                "M": 1
            },
            "2024-02": {
                "M": 1
            },
            "2024-03": {
                "M": 1
            },
            "2024-04": {
                "M": 1
            },
            "2024-05": {
                "M": 1
            },
            "2024-06": {
                "M": 1
            }
        },
        "14": {
            "2020-11": {
                "M": 1
            },
            "2020-12": {
                "M": 1
            },
            "2021-01": {
                "M": 1
            },
            "2021-02": {
                "M": 1
            },
            "2021-03": {
                "M": 1
            },
            "2021-04": {
                "M": 1
            }
        },
        "15": {
            "2019-08": {
                "M": 1
            },
            "2019-09": {
                "M": 1
            },
            "2019-10": {
                "M": 1
            },
            "2019-11": {
                "M": 1
            },
            "2019-12": {
                "M": 1
            },
            "2020-01": {
                "M": 1
            },
            "2024-04": {
                "M": 1
            },
            "2024-05": {
                "M": 1
            },
            "2024-06": {
                "M": 1
            },
            "2024-07": {
                "M": 1
            },
            "2024-08": {
                "M": 1
            },
            "2024-09": {
                "M": 1
            }
        },
        "16": {
            "2022-09": {
                "M": 1
            },
            "2022-10": {
                "M": 1
            },
            "2022-11": {
                "M": 1
            },
            "2022-12": {
                "M": 1
            },
            "2023-01": {
                "M": 1
            },
            "2023-02": {
                "M": 1
            }
        },
        "17": {
            "2018-01": {
                "M": 1
            },
            "2018-02": {
                "M": 1
            },
            "2018-03": {
                "M": 1
            },
            "2018-04": {
                "M": 1
            },
            "2018-05": {
                "M": 1
            },
            "2018-06": {
                "M": 1
            },
            "2023-06": {
                "M": 1
            },
            "2023-07": {
                "M": 1
            },
            "2023-08": {
                "M": 1
            },
            "2023-09": {
                "M": 1
            },
            "2023-10": {
                "M": 1
            },
            "2023-11": {
                "M": 1
            }
        },
        "18": {
            "2019-02": {
                "M": 1
            },
            "2019-03": {
                "M": 1
            },
            "2019-04": {
                "M": 1
            },
            "2019-05": {
                "M": 1
            },
            "2019-06": {
                "M": 1
            },
            "2019-07": {
                "M": 1
            },
            "2024-05": {
                "M": 1
            },
            "2024-06": {
                "M": 1
            },
            "2024-07": {
                "M": 1
            },
            "2024-08": {
                "M": 1
            },
            "2024-09": {
                "M": 1
            },
            "2024-10": {
                "M": 1
            }
        },
        "19": {
            "2022-11": {
                "M": 1
            },
            "2022-12": {
                "M": 1
            },
            "2023-01": {
                "M": 1
            },
            "2023-02": {
                "M": 1
            },
            "2023-03": {
                "M": 1
            },
            "2023-04": {
                "M": 1
            }
        },
        "2": {
            "2022-12": {
                "M": 1
            },
            "2023-01": {
                "M": 1
            },
            "2023-02": {
                "M": 1
            },
            "2023-03": {
                "M": 1
            },
            "2023-04": {
                "M": 1
            },
            "2023-05": {
                "M": 1
            }
        },
        "20": {
            "2020-01": {
                "M": 1
            },
            "2020-02": {
                "M": 1
            },
            "2020-03": {
                "M": 1
            },
            "2020-04": {
                "M": 1
            },
            "2020-05": {
                "M": 1
            },
            "2020-06": {
                "M": 1
            }
        },
        "21": {
            "2018-01": {
                "M": 1
            },
            "2018-02": {
                "M": 1
            },
            "2018-03": {
                "M": 1
            },
            "2023-03": {
                "M": 1
            },
            "2023-04": {
                "M": 1
            },
            "2023-05": {
                "M": 1
            },
            "2023-06": {
                "M": 1
            },
            "2023-07": {
                "M": 1
            },
            "2023-08": {
                "M": 1
            }
        },
        "22": {
            "2019-10": {
                "M": 1
            },
            "2019-11": {
                "M": 1
            },
            "2019-12": {
                "M": 1
            },
            "2020-01": {
                "M": 1
            },
            "2020-02": {
                "M": 1
            },
            "2020-03": {
                "M": 1
            },
            "2025-03": {
                "M": 1
            },
            "2025-04": {
                "M": 1
            },
            "2025-05": {
                "M": 1
            },
            "2025-06": {
                "M": 1
            }
        },
        "23": {
            "2019-07": {
                "M": 1
            },
            "2019-08": {
                "M": 1
            },
            "2019-09": {
                "M": 1
            },
            "2019-10": {
                "M": 1
            },
            "2019-11": {
                "M": 1
            },
            "2019-12": {
                "M": 1
            },
            "2024-01": {
                "M": 1
            },
            "2024-02": {
                "M": 1
            },
            "2024-03": {
                "M": 1
            },
            "2024-04": {
                "M": 1
            },
            "2024-05": {
                "M": 1
            },
            "2024-06": {
                "M": 1
            }
        },
        "24": {
            "2020-07": {
                "M": 1
            },
            "2020-08": {
                "M": 1
            },
            "2020-09": {
                "M": 1
            },
            "2020-10": {
                "M": 1
            },
            "2020-11": {
                "M": 1
            },
            "2020-12": {
                "M": 1
            }
        },
        "25": {
            "2020-04": {
                "M": 1
            },
            "2020-05": {
                "M": 1
            },
            "2020-06": {
                "M": 1
            },
            "2020-07": {
                "M": 1
            },
            "2020-08": {
                "M": 1
            },
            "2020-09": {
                "M": 1
            }
        },
        "26": {
            "2022-10": {
                "M": 1
            },
            "2022-11": {
                "M": 1
            },
            "2022-12": {
                "M": 1
            },
            "2023-01": {
                "M": 1
            },
            "2023-02": {
                "M": 1
            },
            "2023-03": {
                "M": 1
            }
        },
        "27": {
            "2019-03": {
                "M": 1
            },
            "2019-04": {
                "M": 1
            },
            "2019-05": {
                "M": 1
            },
            "2019-06": {
                "M": 1
            },
            "2019-07": {
                "M": 1
            },
            "2019-08": {
                "M": 1
            },
            "2024-08": {
                "M": 1
            },
            "2024-09": {
                "M": 1
            },
            "2024-10": {
                "M": 1
            },
            "2024-11": {
                "M": 1
            },
            "2024-12": {
                "M": 1
            },
            "2025-01": {
                "M": 1
            }
        },
        "28": {
            "2018-11": {
                "M": 1
            },
            "2018-12": {
                "M": 1
            },
            "2019-01": {
                "M": 1
            },
            "2019-02": {
                "M": 1
            },
            "2019-03": {
                "M": 1
            },
            "2019-04": {
                "M": 1
            },
            "2024-04": {
                "M": 1
            },
            "2024-05": {
                "M": 1
            },
            "2024-06": {
                "M": 1
            },
            "2024-07": {
                "M": 1
            },
            "2024-08": {
                "M": 1
            },
            "2024-09": {
                "M": 1
            }
        },
        "29": {
            "2020-04": {
                "M": 1
            },
            "2020-05": {
                "M": 1
            },
            "2020-06": {
                "M": 1
            },
            "2020-07": {
                "M": 1
            },
            "2020-08": {
                "M": 1
            },
            "2020-09": {
                "M": 1
            },
            "2025-04": {
                "M": 1
            },
            "2025-05": {
                "M": 1
            },
            "2025-06": {
                "M": 1
            }
        },
        "3": {
            "2018-08": {
                "M": 1
            },
            "2018-09": {
                "M": 1
            },
            "2018-10": {
                "M": 1
            },
            "2018-11": {
                "M": 1
            },
            "2018-12": {
                "M": 1
            },
            "2019-01": {
                "M": 1
            },
            "2024-01": {
                "M": 1
            },
            "2024-02": {
                "M": 1
            },
            "2024-03": {
                "M": 1
            },
            "2024-04": {
                "M": 1
            },
            "2024-05": {
                "M": 1
            },
            "2024-06": {
                "M": 1
            }
        },
        "30": {
            "2022-04": {
                "M": 1
            },
            "2022-05": {
                "M": 1
            },
            "2022-06": {
                "M": 1
            },
            "2022-07": {
                "M": 1
            },
            "2022-08": {
                "M": 1
            },
            "2022-09": {
                "M": 1
            }
        },
        "31": {
            "2019-09": {
                "M": 1
            },
            "2019-10": {
                "M": 1
            },
            "2019-11": {
                "M": 1
            },
            "2019-12": {
                "M": 1
            },
            "2020-01": {
                "M": 1
            },
            "2020-02": {
                "M": 1
            },
            "2025-02": {
                "M": 1
            },
            "2025-03": {
                "M": 1
            },
            "2025-04": {
                "M": 1
            },
            "2025-05": {
                "M": 1
            },
            "2025-06": {
                "M": 1
            }
        },
        "32": {
            "2022-04": {
                "M": 1
            },
            "2022-05": {
                "M": 1
            },
            "2022-06": {
                "M": 1
            },
            "2022-07": {
                "M": 1
            },
            "2022-08": {
                "M": 1
            },
            "2022-09": {
                "M": 1
            }
        },
        "33": {
            "2019-04": {
                "M": 1
            },
            "2019-05": {
                "M": 1
            },
            "2019-06": {
                "M": 1
            },
            "2019-07": {
                "M": 1
            },
            "2019-08": {
                "M": 1
            },
            "2019-09": {
                "M": 1
            },
            "2024-09": {
                "M": 1
            },
            "2024-10": {
                "M": 1
            },
            "2024-11": {
                "M": 1
            },
            "2024-12": {
                "M": 1
            },
            "2025-01": {
                "M": 1
            },
            "2025-02": {
                "M": 1
            }
        },
        "34": {
            "2022-10": {
                "M": 1
            },
            "2022-11": {
                "M": 1
            },
            "2022-12": {
                "M": 1
            },
            "2023-01": {
                "M": 1
            },
            "2023-02": {
                "M": 1
            },
            "2023-03": {
                "M": 1
            }
        },
        "35": {
            "2022-09": {
                "M": 1
            },
            "2022-10": {
                "M": 1
            },
            "2022-11": {
                "M": 1
            },
            "2022-12": {
                "M": 1
            },
            "2023-01": {
                "M": 1
            },
            "2023-02": {
                "M": 1
            }
        },
        "36": {
            "2022-08": {
                "M": 1
            },
            "2022-09": {
                "M": 1
            },
            "2022-10": {
                "M": 1
            },
            "2022-11": {
                "M": 1
            },
            "2022-12": {
                "M": 1
            },
            "2023-01": {
                "M": 1
            }
        },
        "37": {
            "2019-08": {
                "M": 1
            },
            "2019-09": {
                "M": 1
            },
            "2019-10": {
                "M": 1
            },
            "2019-11": {
                "M": 1
            },
            "2019-12": {
                "M": 1
            },
            "2020-01": {
                "M": 1
            },
            "2025-01": {
                "M": 1
            },
            "2025-02": {
                "M": 1
            },
            "2025-03": {
                "M": 1
            },
            "2025-04": {
                "M": 1
            },
            "2025-05": {
                "M": 1
            },
            "2025-06": {
                "M": 1
            }
        },
        "38": {
            "2021-03": {
                "M": 1
            },
            "2021-04": {
                "M": 1
            },
            "2021-05": {
                "M": 1
            },
            "2021-06": {
                "M": 1
            },
            "2021-07": {
                "M": 1
            },
            "2021-08": {
                "M": 1
            }
        },
        "39": {
            "2022-05": {
                "M": 1
            },
            "2022-06": {
                "M": 1
            },
            "2022-07": {
                "M": 1
            },
            "2022-08": {
                "M": 1
            },
            "2022-09": {
                "M": 1
            },
            "2022-10": {
                "M": 1
            }
        },
        "4": {
            "2021-07": {
                "M": 1
            },
            "2021-08": {
                "M": 1
            },
            "2021-09": {
                "M": 1
            },
            "2021-10": {
                "M": 1
            },
            "2021-11": {
                "M": 1
            },
            "2021-12": {
                "M": 1
            }
        },
        "40": {
            "2019-05": {
                "M": 1
            },
            "2019-06": {
                "M": 1
            },
            "2019-07": {
                "M": 1
            },
            "2019-08": {
                "M": 1
            },
            "2019-09": {
                "M": 1
            },
            "2019-10": {
                "M": 1
            },
            "2024-10": {
                "M": 1
            },
            "2024-11": {
                "M": 1
            },
            "2024-12": {
                "M": 1
            },
            "2025-01": {
                "M": 1
            },
            "2025-02": {
                "M": 1
            },
            "2025-03": {
                "M": 1
            }
        },
        "41": {
            "2019-04": {
                "M": 1
            },
            "2019-05": {
                "M": 1
            },
            "2019-06": {
                "M": 1
            },
            "2019-07": {
                "M": 1
            },
            "2019-08": {
                "M": 1
            },
            "2019-09": {
                "M": 1
            },
            "2024-09": {
                "M": 1
            },
            "2024-10": {
                "M": 1
            },
            "2024-11": {
                "M": 1
            },
            "2024-12": {
                "M": 1
            },
            "2025-01": {
                "M": 1
            },
            "2025-02": {
                "M": 1
            }
        },
        "42": {
            "2020-06": {
                "M": 1
            },
            "2020-07": {
                "M": 1
            },
            "2020-08": {
                "M": 1
            },
            "2020-09": {
                "M": 1
            },
            "2020-10": {
                "M": 1
            },
            "2020-11": {
                "M": 1
            }
        },
        "43": {
            "2019-10": {
                "M": 1
            },
            "2019-11": {
                "M": 1
            },
            "2019-12": {
                "M": 1
            },
            "2020-01": {
                "M": 1
            },
            "2020-02": {
                "M": 1
            },
            "2020-03": {
                "M": 1
            },
            "2025-03": {
                "M": 1
            },
            "2025-04": {
                "M": 1
            },
            "2025-05": {
                "M": 1
            },
            "2025-06": {
                "M": 1
            }
        },
        "44": {
            "2021-12": {
                "M": 1
            },
            "2022-01": {
                "M": 1
            },
            "2022-02": {
                "M": 1
            },
            "2022-03": {
                "M": 1
            },
            "2022-04": {
                "M": 1
            },
            "2022-05": {
                "M": 1
            }
        },
        "5": {
            "2022-05": {
                "M": 1
            },
            "2022-06": {
                "M": 1
            },
            "2022-07": {
                "M": 1
            },
            "2022-08": {
                "M": 1
            },
            "2022-09": {
                "M": 1
            },
            "2022-10": {
                "M": 1
            }
        },
        "6": {
            "2021-11": {
                "M": 1
            },
            "2021-12": {
                "M": 1
            },
            "2022-01": {
                "M": 1
            },
            "2022-02": {
                "M": 1
            },
            "2022-03": {
                "M": 1
            },
            "2022-04": {
                "M": 1
            }
        },
        "7": {
            "2019-02": {
                "M": 1
            },
            "2019-03": {
                "M": 1
            },
            "2019-04": {
                "M": 1
            },
            "2019-05": {
                "M": 1
            },
            "2019-06": {
                "M": 1
            },
            "2019-07": {
                "M": 1
            },
            "2024-07": {
                "M": 1
            },
            "2024-08": {
                "M": 1
            },
            "2024-09": {
                "M": 1
            },
            "2024-10": {
                "M": 1
            },
            "2024-11": {
                "M": 1
            },
            "2024-12": {
                "M": 1
            }
        },
        "8": {
            "2022-01": {
                "M": 1
            },
            "2022-02": {
                "M": 1
            },
            "2022-03": {
                "M": 1
            },
            "2022-04": {
                "M": 1
            },
            "2022-05": {
                "M": 1
            },
            "2022-06": {
                "M": 1
            }
        },
        "9": {
            "2018-01": {
                "M": 1
            },
            "2018-02": {
                "M": 1
            },
            "2018-03": {
                "M": 1
            },
            "2018-04": {
                "M": 1
            },
            "2018-05": {
                "M": 1
            },
            "2023-05": {
                "M": 1
            },
            "2023-06": {
                "M": 1
            },
            "2023-07": {
                "M": 1
            },
            "2023-08": {
                "M": 1
            },
            "2023-09": {
                "M": 1
            },
            "2023-10": {
                "M": 1
            }
        }
    },
    "task": {
        "0": {
            "2018-10": "1",
            "2018-11": "1",
            "2018-12": "1",
            "2019-01": "1",
            "2019-02": "1",
            "2019-03": "1",
            "2019-04": "1",
            "2019-05": "1",
            "2019-06": "1",
            "2019-07": "1",
            "2021-02": "4",
            "2021-03": "4",
            "2021-04": "4",
            "2021-05": "4",
            "2021-06": "4",
            "2021-07": "4",
            "2021-08": "4",
            "2024-06": "8",
            "2024-07": "8",
            "2024-08": "8",
            "2024-09": "8",
            "2024-10": "8",
            "2024-11": "8",
            "2024-12": "8",
            "2025-01": "8",
            "2025-02": "8",
            "2025-03": "8"
        },
        "1": {
            "2018-08": "0",
            "2018-09": "0",
            "2018-10": "1",
            "2018-11": "1",
            "2018-12": "1",
            "2019-01": "1",
            "2019-02": "1",
            "2019-03": "1",
            "2019-04": "1",
            "2019-05": "1",
            "2019-06": "1",
            "2019-07": "1",
            "2021-02": "4",
            "2021-03": "4",
            "2021-04": "4",
            "2021-05": "4",
            "2021-06": "4",
            "2021-07": "4",
            "2021-08": "4",
            "2021-11": "5",
            "2021-12": "5",
            "2022-01": "5",
            "2022-02": "5",
            "2022-03": "5",
            "2022-04": "5",
            "2022-05": "5",
            "2022-06": "5",
            "2022-07": "5",
            "2024-06": "8",
            "2024-07": "8",
            "2024-08": "8",
            "2024-09": "8",
            "2024-10": "8",
            "2024-11": "8",
            "2024-12": "8",
            "2025-01": "8",
            "2025-02": "8",
            "2025-03": "8"
        },
        "10": {
            "2018-01": "10",
            "2018-02": "10",
            "2018-03": "10",
            "2018-04": "10",
            "2018-05": "10",
            "2018-06": "10",
            "2019-03": "12",
            "2019-04": "12",
            "2019-05": "12",
            "2019-06": "12",
            "2019-07": "12",
            "2019-08": "12",
            "2019-09": "12"
        },
        "11": {
            "2021-05": "15",
            "2021-06": "15",
            "2021-07": "15",
            "2021-08": "15",
            "2021-09": "15",
            "2021-10": "15",
            "2021-11": "15",
            "2021-12": "15",
            "2022-01": "15",
            "2022-02": "15"
        },
        "12": {
            "2019-07": "23",
            "2019-08": "23",
            "2019-09": "23",
            "2019-10": "23",
            "2019-11": "23",
            "2019-12": "23",
            "2024-07": "29",
            "2024-08": "29",
            "2024-09": "29",
            "2024-10": "29",
            "2024-11": "29",
            "2024-12": "29",
            "2025-01": "30",
            "2025-02": "30",
            "2025-03": "30"
        },
        "13": {
            "2021-12": "26",
            "2022-01": "26",
            "2022-02": "26",
            "2022-03": "26",
            "2022-04": "26",
            "2022-05": "26",
            "2022-06": "26",
            "2025-01": "30",
            "2025-02": "30",
            "2025-03": "30",
            "2025-04": "30",
            "2025-05": "30",
            "2025-06": "30"
        },
        "14": {
            "2018-01": "21",
            "2018-02": "21",
            "2018-03": "21",
            "2018-04": "21",
            "2018-05": "21",
            "2018-06": "21",
            "2019-04": "23",
            "2019-05": "23",
            "2019-06": "23",
            "2019-07": "23",
            "2019-08": "23",
            "2019-09": "23",
            "2019-10": "23",
            "2019-11": "23",
            "2019-12": "23",
            "2020-01": "23",
            "2020-02": "23",
            "2025-01": "30",
            "2025-02": "30",
            "2025-03": "30",
            "2025-04": "30",
            "2025-05": "30",
            "2025-06": "30"
        },
        "15": {
            "2020-03": "24",
            "2020-04": "24",
            "2020-05": "24",
            "2020-06": "24",
            "2020-07": "24",
            "2020-08": "24",
            "2020-09": "24",
            "2020-10": "24",
            "2020-11": "24",
            "2021-09": "25",
            "2021-10": "25",
            "2021-11": "25"
        },
        "16": {
            "2020-12": "25",
            "2021-01": "25",
            "2021-02": "25",
            "2021-03": "25",
            "2021-04": "25",
            "2021-05": "25",
            "2021-06": "25",
            "2021-07": "25",
            "2021-08": "25",
            "2021-09": "25",
            "2021-10": "25",
            "2021-11": "25",
            "2023-05": "28",
            "2023-06": "28",
            "2023-07": "28",
            "2023-08": "28",
            "2023-09": "28",
            "2023-10": "28",
            "2023-11": "28",
            "2023-12": "28",
            "2024-01": "29",
            "2024-02": "29",
            "2024-03": "29",
            "2024-04": "29",
            "2024-05": "29",
            "2024-06": "29",
            "2025-06": "30"
        },
        "17": {
            "2021-12": "26",
            "2022-01": "26",
            "2022-02": "26",
            "2022-03": "26",
            "2022-04": "26",
            "2022-05": "26",
            "2022-06": "26",
            "2024-11": "29",
            "2024-12": "29",
            "2025-01": "30",
            "2025-02": "30",
            "2025-03": "30",
            "2025-04": "30",
            "2025-05": "30"
        },
        "18": {
            "2023-05": "28",
            "2023-06": "28",
            "2023-07": "28",
            "2023-08": "28",
            "2023-09": "28",
            "2023-10": "28",
            "2023-11": "28",
            "2023-12": "28",
            "2024-01": "29",
            "2024-02": "29",
            "2024-03": "29",
            "2024-04": "29",
            "2024-11": "29",
            "2024-12": "29",
            "2025-01": "30",
            "2025-02": "30",
            "2025-03": "30",
            "2025-04": "30",
            "2025-05": "30",
            "2025-06": "30"
        },
        "19": {
            "2019-04": "23",
            "2019-05": "23",
            "2019-06": "23",
            "2019-07": "23",
            "2019-08": "23",
            "2019-09": "23",
            "2019-10": "23",
            "2019-11": "23",
            "2019-12": "23",
            "2020-01": "23",
            "2020-02": "23",
            "2024-01": "29",
            "2024-02": "29",
            "2024-03": "29",
            "2024-04": "29",
            "2024-05": "29",
            "2024-06": "29",
            "2024-07": "29",
            "2024-08": "29",
            "2024-09": "29",
            "2024-10": "29"
        },
        "2": {
            "2018-01": "0",
            "2018-02": "0",
            "2018-03": "0",
            "2018-04": "0",
            "2018-05": "0",
            "2018-06": "0",
            "2018-07": "0",
            "2018-10": "1",
            "2018-11": "1",
            "2018-12": "1",
            "2019-01": "1",
            "2019-02": "1",
            "2019-03": "1",
            "2019-04": "1",
            "2019-05": "1",
            "2019-06": "1",
            "2019-07": "1",
            "2021-09": "5",
            "2021-10": "5"
        },
        "20": {
            "2021-05": "15",
            "2021-06": "15",
            "2021-07": "15",
            "2021-08": "15",
            "2021-09": "15",
            "2021-10": "15",
            "2021-11": "15",
            "2021-12": "15",
            "2022-01": "15",
            "2022-02": "15"
        },
        "21": {
            "2020-12": "25",
            "2021-01": "25",
            "2021-02": "25",
            "2021-03": "25",
            "2021-04": "25",
            "2021-05": "25",
            "2021-06": "25",
            "2021-07": "25",
            "2021-08": "25",
            "2021-09": "25",
            "2021-10": "25",
            "2021-11": "25",
            "2024-05": "29",
            "2024-06": "29",
            "2024-07": "29",
            "2024-08": "29",
            "2024-09": "29",
            "2024-10": "29",
            "2025-01": "30",
            "2025-02": "30",
            "2025-03": "30",
            "2025-04": "30",
            "2025-05": "30",
            "2025-06": "30"
        },
        "22": {
            "2018-07": "11",
            "2018-08": "11",
            "2018-09": "11",
            "2018-10": "11",
            "2018-11": "11",
            "2018-12": "11",
            "2019-01": "11",
            "2019-02": "11"
        },
        "23": {
            "2018-01": "21",
            "2018-02": "21",
            "2018-03": "21",
            "2018-04": "21",
            "2018-05": "21",
            "2018-06": "21",
            "2019-04": "23",
            "2019-05": "23",
            "2019-06": "23",
            "2020-01": "23",
            "2020-02": "23",
            "2023-05": "28",
            "2023-06": "28",
            "2023-07": "28",
            "2023-08": "28",
            "2023-09": "28",
            "2023-10": "28",
            "2023-11": "28",
            "2023-12": "28"
        },
        "24": {
            "2018-01": "21",
            "2018-02": "21",
            "2025-04": "30",
            "2025-05": "30",
            "2025-06": "30"
        },
        "25": {
            "2019-10": "13",
            "2019-11": "13",
            "2019-12": "13",
            "2020-01": "13",
            "2020-02": "13",
            "2020-03": "13",
            "2023-03": "17",
            "2023-04": "17",
            "2023-05": "17",
            "2023-06": "17",
            "2023-07": "17",
            "2023-08": "17",
            "2023-09": "17",
            "2023-10": "18",
            "2023-11": "18",
            "2023-12": "18",
            "2024-01": "18",
            "2024-02": "18",
            "2024-03": "18",
            "2024-04": "18",
            "2024-05": "18",
            "2024-06": "18",
            "2024-07": "18"
        },
        "26": {
            "2021-05": "15",
            "2021-06": "15",
            "2021-07": "15",
            "2021-08": "15",
            "2021-09": "15",
            "2021-10": "15",
            "2021-11": "15",
            "2021-12": "15",
            "2022-01": "15",
            "2022-02": "15",
            "2025-03": "20",
            "2025-04": "20",
            "2025-05": "20",
            "2025-06": "20"
        },
        "27": {
            "2018-01": "0",
            "2018-02": "0",
            "2018-03": "0",
            "2018-04": "0",
            "2018-05": "0",
            "2018-06": "0",
            "2020-07": "3",
            "2020-08": "3",
            "2020-09": "3",
            "2020-10": "3",
            "2020-11": "3",
            "2020-12": "3",
            "2021-01": "3",
            "2025-02": "8",
            "2025-03": "8"
        },
        "28": {
            "2018-07": "0",
            "2018-08": "0",
            "2018-09": "0",
            "2019-08": "2",
            "2019-09": "2",
            "2019-10": "2",
            "2019-11": "2",
            "2019-12": "2",
            "2020-01": "2",
            "2020-02": "2",
            "2020-03": "2",
            "2020-04": "2",
            "2020-05": "2",
            "2020-06": "2",
            "2020-07": "3",
            "2020-08": "3",
            "2020-09": "3",
            "2020-10": "3",
            "2020-11": "3",
            "2020-12": "3",
            "2021-01": "3",
            "2021-02": "4",
            "2021-03": "4",
            "2021-04": "4",
            "2021-05": "4",
            "2021-06": "4",
            "2021-07": "4",
            "2021-08": "4"
        },
        "29": {
            "2022-07": "27",
            "2022-08": "27",
            "2022-09": "27",
            "2022-10": "27",
            "2022-11": "27",
            "2022-12": "27",
            "2023-01": "27",
            "2023-02": "27",
            "2023-03": "27",
            "2023-04": "27",
            "2023-05": "28",
            "2023-06": "28",
            "2023-07": "28",
            "2023-08": "28",
            "2023-09": "28",
            "2023-10": "28",
            "2023-11": "28",
            "2023-12": "28"
        },
        "3": {
            "2018-01": "0",
            "2018-02": "0",
            "2018-03": "0",
            "2018-04": "0",
            "2019-08": "2",
            "2019-09": "2",
            "2019-10": "2",
            "2019-11": "2",
            "2019-12": "2",
            "2020-01": "2",
            "2020-02": "2",
            "2020-03": "2",
            "2020-04": "2",
            "2020-05": "2",
            "2020-06": "2",
            "2021-09": "5",
            "2021-10": "5",
            "2021-11": "5",
            "2021-12": "5",
            "2022-01": "5",
            "2022-02": "5",
            "2022-03": "5",
            "2022-04": "5",
            "2022-05": "5",
            "2022-06": "5",
            "2022-07": "5",
            "2025-04": "9",
            "2025-05": "9",
            "2025-06": "9"
        },
        "30": {
            "2018-10": "1",
            "2018-11": "1",
            "2018-12": "1",
            "2019-01": "1",
            "2019-02": "1",
            "2019-03": "1",
            "2019-04": "1",
            "2019-05": "1",
            "2019-06": "1",
            "2019-07": "1",
            "2020-07": "3",
            "2020-08": "3",
            "2020-09": "3",
            "2020-10": "3",
            "2020-11": "3",
            "2020-12": "3",
            "2021-01": "3",
            "2021-02": "4",
            "2021-03": "4",
            "2021-04": "4",
            "2021-05": "4",
            "2021-06": "4",
            "2021-07": "4",
            "2021-08": "4"
        },
        "31": {
            "2018-01": "0",
            "2018-02": "0",
            "2018-03": "0",
            "2018-04": "0",
            "2018-05": "0",
            "2018-06": "0",
            "2020-07": "3",
            "2020-08": "3",
            "2020-09": "3",
            "2020-10": "3",
            "2020-11": "3",
            "2020-12": "3",
            "2021-01": "3",
            "2024-06": "8",
            "2024-07": "8",
            "2024-08": "8",
            "2024-09": "8",
            "2024-10": "8",
            "2024-11": "8",
            "2024-12": "8",
            "2025-01": "8"
        },
        "32": {
            "2019-08": "2",
            "2019-09": "2",
            "2019-10": "2",
            "2019-11": "2",
            "2019-12": "2",
            "2020-01": "2",
            "2020-02": "2",
            "2020-03": "2",
            "2020-04": "2",
            "2020-05": "2",
            "2020-06": "2",
            "2020-07": "3",
            "2020-08": "3",
            "2020-09": "3",
            "2020-10": "3",
            "2020-11": "3",
            "2020-12": "3",
            "2021-01": "3",
            "2021-02": "4",
            "2021-03": "4",
            "2021-04": "4",
            "2021-05": "4",
            "2021-06": "4",
            "2021-07": "4",
            "2021-08": "4"
        },
        "33": {
            "2018-07": "22",
            "2018-08": "22",
            "2018-09": "22",
            "2018-10": "22",
            "2018-11": "22",
            "2018-12": "22",
            "2019-01": "22",
            "2019-02": "22",
            "2019-03": "22",
            "2020-12": "25",
            "2021-01": "25",
            "2021-02": "25",
            "2021-03": "25",
            "2021-04": "25",
            "2021-05": "25",
            "2021-06": "25",
            "2021-07": "25",
            "2021-08": "25",
            "2023-05": "28",
            "2023-06": "28",
            "2023-07": "28",
            "2023-08": "28",
            "2023-09": "28",
            "2023-10": "28",
            "2023-11": "28",
            "2023-12": "28"
        },
        "34": {
            "2021-05": "15",
            "2021-06": "15",
            "2021-07": "15",
            "2021-08": "15",
            "2021-09": "15",
            "2021-10": "15",
            "2021-11": "15",
            "2021-12": "15",
            "2022-01": "15",
            "2022-02": "15"
        },
        "35": {
            "2023-10": "18",
            "2023-11": "18",
            "2023-12": "18",
            "2024-01": "18",
            "2024-02": "18",
            "2024-03": "18",
            "2024-04": "18",
            "2024-05": "18",
            "2024-06": "18",
            "2024-07": "18"
        },
        "36": {
            "2018-07": "11",
            "2018-08": "11",
            "2018-09": "11",
            "2018-10": "11",
            "2018-11": "11",
            "2018-12": "11",
            "2019-01": "11",
            "2019-02": "11",
            "2019-03": "12",
            "2019-04": "12",
            "2019-05": "12",
            "2019-06": "12",
            "2019-07": "12",
            "2019-08": "12",
            "2019-09": "12"
        },
        "37": {
            "2022-03": "16",
            "2022-04": "16",
            "2022-05": "16",
            "2022-06": "16",
            "2022-07": "16",
            "2022-08": "16",
            "2022-09": "16",
            "2022-10": "16",
            "2022-11": "16",
            "2022-12": "16",
            "2023-01": "16",
            "2023-02": "16"
        },
        "38": {
            "2018-10": "1",
            "2018-11": "1",
            "2018-12": "1",
            "2019-01": "1",
            "2019-02": "1",
            "2019-03": "1",
            "2019-04": "1",
            "2019-05": "1",
            "2019-06": "1",
            "2019-07": "1",
            "2019-08": "2",
            "2019-09": "2",
            "2019-10": "2",
            "2019-11": "2",
            "2022-08": "6",
            "2022-09": "6",
            "2022-10": "6",
            "2022-11": "6",
            "2022-12": "6",
            "2023-01": "6",
            "2023-02": "6",
            "2023-03": "6",
            "2023-04": "6",
            "2023-05": "6",
            "2023-06": "6"
        },
        "39": {
            "2019-10": "13",
            "2019-11": "13",
            "2019-12": "13",
            "2020-01": "13",
            "2020-02": "13",
            "2020-03": "13",
            "2020-04": "13",
            "2020-05": "13",
            "2020-06": "13",
            "2020-07": "13",
            "2020-08": "13",
            "2023-10": "18",
            "2023-11": "18",
            "2023-12": "18",
            "2024-01": "18",
            "2024-02": "18",
            "2024-03": "18",
            "2024-04": "18",
            "2024-05": "18",
            "2024-06": "18",
            "2024-07": "18"
        },
        "4": {
            "2019-08": "2",
            "2019-09": "2",
            "2019-10": "2",
            "2019-11": "2",
            "2019-12": "2",
            "2020-01": "2",
            "2020-02": "2",
            "2020-03": "2",
            "2020-04": "2",
            "2020-05": "2",
            "2020-06": "2",
            "2020-07": "3",
            "2020-08": "3",
            "2020-09": "3",
            "2020-10": "3",
            "2020-11": "3",
            "2020-12": "3",
            "2021-01": "3",
            "2024-06": "8",
            "2024-07": "8",
            "2024-08": "8",
            "2024-09": "8",
            "2024-10": "8",
            "2024-11": "8",
            "2024-12": "8",
            "2025-01": "8",
            "2025-02": "8",
            "2025-03": "8"
        },
        "40": {
            "2018-07": "0",
            "2018-08": "0",
            "2018-09": "0",
            "2019-11": "2",
            "2019-12": "2",
            "2020-01": "2",
            "2020-02": "2",
            "2020-03": "2",
            "2020-04": "2",
            "2020-05": "2",
            "2020-06": "2"
        },
        "41": {
            "2019-10": "13",
            "2019-11": "13",
            "2019-12": "13",
            "2020-01": "13",
            "2020-02": "13",
            "2020-03": "13",
            "2020-04": "13",
            "2020-05": "13",
            "2020-06": "13",
            "2020-07": "13",
            "2020-08": "13"
        },
        "42": {
            "2018-07": "11",
            "2018-08": "11",
            "2018-09": "11",
            "2018-10": "11",
            "2018-11": "11",
            "2018-12": "11",
            "2019-01": "11",
            "2019-02": "11",
            "2024-08": "19",
            "2024-09": "19",
            "2024-10": "19",
            "2024-11": "19",
            "2024-12": "19",
            "2025-01": "19",
            "2025-02": "19",
            "2025-03": "20",
            "2025-04": "20",
            "2025-05": "20",
            "2025-06": "20"
        },
        "43": {
            "2018-05": "0",
            "2018-06": "0",
            "2018-07": "0",
            "2018-08": "0",
            "2018-09": "0",
            "2021-09": "5",
            "2021-10": "5",
            "2021-11": "5",
            "2021-12": "5",
            "2022-01": "5",
            "2022-02": "5",
            "2022-03": "5",
            "2022-04": "5",
            "2022-05": "5",
            "2022-06": "5",
            "2022-07": "5",
            "2023-07": "7",
            "2023-08": "7",
            "2023-09": "7",
            "2023-10": "7",
            "2023-11": "7",
            "2023-12": "7",
            "2024-01": "7",
            "2024-02": "7",
            "2024-03": "7",
            "2024-04": "7",
            "2024-05": "7"
        },
        "44": {
            "2020-03": "13",
            "2020-04": "13",
            "2020-05": "13",
            "2020-06": "13",
            "2020-07": "13",
            "2020-08": "13",
            "2020-09": "14",
            "2020-10": "14",
            "2020-11": "14",
            "2020-12": "14",
            "2021-01": "14",
            "2021-02": "14",
            "2021-03": "14",
            "2021-04": "14"
        },
        "5": {
            "2018-10": "1",
            "2018-11": "1",
            "2018-12": "1",
            "2019-01": "1",
            "2019-02": "1",
            "2019-03": "1",
            "2019-04": "1",
            "2019-05": "1",
            "2019-06": "1",
            "2019-07": "1",
            "2019-08": "2",
            "2019-09": "2",
            "2019-10": "2",
            "2019-11": "2",
            "2019-12": "2",
            "2020-01": "2",
            "2020-02": "2",
            "2020-03": "2",
            "2020-04": "2",
            "2020-05": "2",
            "2020-06": "2",
            "2021-02": "4",
            "2021-03": "4",
            "2021-04": "4",
            "2021-05": "4",
            "2021-06": "4",
            "2021-07": "4",
            "2021-08": "4",
            "2025-04": "9",
            "2025-05": "9",
            "2025-06": "9"
        },
        "6": {
            "2020-09": "14",
            "2020-10": "14",
            "2020-11": "14",
            "2020-12": "14",
            "2021-01": "14",
            "2021-02": "14",
            "2021-03": "14",
            "2021-04": "14",
            "2024-08": "19",
            "2024-09": "19",
            "2024-10": "19",
            "2024-11": "19",
            "2024-12": "19",
            "2025-01": "19",
            "2025-02": "19"
        },
        "7": {
            "2018-01": "10",
            "2018-02": "10",
            "2018-03": "10",
            "2018-04": "10",
            "2018-05": "10",
            "2018-06": "10",
            "2019-10": "13",
            "2019-11": "13",
            "2019-12": "13",
            "2020-01": "13",
            "2020-02": "13",
            "2020-03": "13",
            "2020-04": "13",
            "2020-05": "13",
            "2020-06": "13",
            "2020-07": "13",
            "2020-08": "13"
        },
        "8": {
            "2018-01": "10",
            "2018-02": "10",
            "2018-03": "10",
            "2018-04": "10",
            "2018-05": "10",
            "2018-06": "10",
            "2019-10": "13",
            "2019-11": "13",
            "2019-12": "13",
            "2020-01": "13",
            "2020-02": "13",
            "2020-03": "13",
            "2020-04": "13",
            "2020-05": "13",
            "2020-06": "13",
            "2020-07": "13",
            "2020-08": "13",
            "2023-10": "18",
            "2023-11": "18",
            "2023-12": "18",
            "2024-01": "18",
            "2024-02": "18",
            "2024-03": "18",
            "2024-04": "18",
            "2024-05": "18",
            "2024-06": "18",
            "2024-07": "18"
        },
        "9": {
            "2019-10": "13",
            "2019-11": "13",
            "2019-12": "13",
            "2020-01": "13",
            "2020-02": "13",
            "2020-03": "13",
            "2020-04": "13",
            "2020-05": "13",
            "2020-06": "13",
            "2020-07": "13",
            "2020-08": "13",
            "2025-03": "20",
            "2025-04": "20",
            "2025-05": "20",
            "2025-06": "20"
        }
    }
}