{
    "hours": {
        "3": {
            "2018-11": -134.0
        },
        "4": {
            "2022-03": -408.0
        },
        "5": {
            "2022-06": -91.0
        },
        "8": {
            "2018-01": -72.0,
            "2018-02": -95.0,
            "2018-03": -118.0,
            "2018-04": -141.0,
            "2024-08": -138.0
        }
    },
    "resources": {
        "10": {
            "2018-01": 2,
            "2018-02": 2,
            "2018-03": 2,
            "2018-04": 2,
            "2018-05": 2,
            "2018-06": 3,
            "2018-07": 2,
            "2018-08": 2,
            "2018-09": 2,
            "2018-10": 2,
            "2018-11": 2
        },
        "11": {
            "2018-12": 4,
            "2019-01": 3,
            "2019-02": 2,
            "2019-03": 1,
            "2019-06": 1,
            "2019-07": 3,
            "2019-08": 3,
            "2019-09": 3
        },
        "12": {
            "2019-10": 3,
            "2019-11": 2,
            "2019-12": 1,
            "2020-06": 1
        },
        "14": {
            "2021-08": 4
        },
        "19": {
            "2018-01": 3,
            "2018-02": 2
        },
        "21": {
            "2019-07": 2,
            "2019-08": 1
        },
        "22": {
            "2020-05": 1,
            "2020-06": 1
        },
        "37": {
            "2023-12": 1,
            "2024-01": 1
        }
    }
}