{
    "hours": {
        "2": {
            "2022-02": -13.0,
            "2022-03": -185.0
        },
        "5": {
            "2019-06": -39.0,
            "2023-09": -25.0
        },
        "7": {
            "2021-11": -39.0
        }
    },
    "resources": {
        "1": {
            "2018-08": 4,
            "2018-09": 2,
            "2018-10": 1,
            "2019-07": 2
        },
        "10": {
            "2018-01": 1,
            "2018-02": 1,
            "2018-03": 1,
            "2018-07": 1,
            "2018-08": 1,
            "2018-09": 1,
            "2018-10": 1,
            "2018-11": 1
        },
        "11": {
            "2018-12": 2,
            "2019-01": 1,
            "2019-07": 1
        },
        "12": {
            "2019-08": 1
        },
        "13": {
            "2020-07": 1
        },
        "2": {
            "2019-08": 3,
            "2019-09": 2,
            "2019-10": 2
        },
        "20": {
            "2018-01": 4,
            "2018-02": 4,
            "2018-03": 3,
            "2018-04": 3,
            "2018-05": 2,
            "2018-06": 2,
            "2018-07": 4
        },
        "21": {
            "2019-02": 1,
            "2019-03": 1
        },
        "22": {
            "2020-01": 1
        },
        "23": {
            "2021-01": 1
        },
        "3": {
            "2020-05": 2
        },
        "5": {
            "2021-11": 4,
            "2021-12": 1,
            "2022-01": 1,
            "2022-02": 1
        }
    }
}