{
    "hours": {
        "4": {
            "2019-10": -10.0
        },
        "6": {
            "2023-07": -183.0
        },
        "7": {
            "2019-08": -37.0,
            "2019-09": -319.0
        },
        "8": {
            "2018-01": -324.0
        }
    },
    "resources": {
        "10": {
            "2018-09": 1,
            "2018-10": 1,
            "2018-11": 1,
            "2018-12": 1
        },
        "16": {
            "2023-08": 1
        },
        "20": {
            "2018-01": 1,
            "2018-02": 1,
            "2018-03": 1,
            "2018-05": 1,
            "2018-06": 1,
            "2018-07": 1,
            "2018-08": 1,
            "2018-09": 1,
            "2018-10": 1
        }
    }
}