{
    "hours": {
        "2": {
            "2019-07": -79.0,
            "2021-06": -51.0
        },
        "3": {
            "2018-09": -9.0,
            "2018-10": -103.0,
            "2023-02": -92.0,
            "2023-03": -184.0,
            "2023-04": -276.0
        }
    },
    "resources": {
        "11": {
            "2018-01": 1
        },
        "12": {
            "2019-08": 1
        },
        "13": {
            "2019-09": 1,
            "2019-10": 1,
            "2019-11": 1
        },
        "14": {
            "2020-07": 1
        },
        "20": {
            "2018-01": 1,
            "2018-02": 1,
            "2018-03": 1,
            "2018-06": 1,
            "2018-07": 1,
            "2018-08": 1,
            "2018-09": 1,
            "2018-10": 2
        },
        "21": {
            "2018-11": 4,
            "2018-12": 2,
            "2019-01": 2,
            "2019-02": 2,
            "2019-03": 1,
            "2019-04": 2,
            "2019-05": 3
        },
        "22": {
            "2019-06": 3,
            "2019-07": 2,
            "2019-08": 2,
            "2019-09": 1,
            "2019-10": 1,
            "2019-11": 2,
            "2019-12": 1,
            "2020-01": 2,
            "2020-02": 2,
            "2020-03": 1,
            "2020-04": 1,
            "2020-05": 2
        },
        "24": {
            "2021-05": 5,
            "2021-06": 3,
            "2021-07": 2,
            "2021-08": 1,
            "2021-09": 1,
            "2021-11": 1
        },
        "25": {
            "2022-03": 1,
            "2022-04": 1
        }
    }
}