{
    "available": {
        "2": {
            "2018-01": -1,
            "2018-02": -1,
            "2018-03": -1
        }
    },
    "hours": {
        "10": {
            "2018-04": -2.0,
            "2018-05": -128.0
        },
        "7": {
            "2020-04": -85.0
        },
        "9": {
            "2021-06": -10.0
        }
    },
    "resources": {
        "13": {
            "2019-08": 3,
            "2019-09": 1,
            "2019-10": 1,
            "2020-02": 1,
            "2020-03": 1,
            "2020-04": 1
        },
        "22": {
            "2018-04": 2,
            "2018-05": 2,
            "2018-06": 1
        },
        "33": {
            "2018-03": 1
        }
    }
}