{
    "hours": {
        "10": {
            "2025-06": -335.0
        },
        "11": {
            "2025-03": -68.0
        },
        "8": {
            "2020-12": -35.0,
            "2021-01": -107.0
        }
    },
    "resources": {
        "40": {
            "2019-01": 2,
            "2019-02": 2,
            "2019-03": 2,
            "2019-04": 1,
            "2019-05": 1
        },
        "49": {
            "2019-01": 1,
            "2019-11": 1
        },
        "53": {
            "2021-11": 1,
            "2021-12": 1
        }
    }
}