{
    "available": {
        "2": {
            "2018-01": -1,
            "2018-02": -1,
            "2018-03": -1
        }
    },
    "hours": {
        "10": {
            "2018-03": -2.0
        },
        "4": {
            "2020-02": -104.0
        },
        "9": {
            "2024-10": -5.0
        }
    },
    "resources": {
        "13": {
            "2019-08": 3,
            "2019-09": 1,
            "2019-10": 1,
            "2020-03": 1,
            "2020-04": 1
        },
        "33": {
            "2018-03": 1
        },
        "36": {
            "2020-04": 1
        }
    }
}