{
    "hours": {
        "2": {
            "2020-11": -32.0,
            "2021-05": -89.0,
            "2021-06": -237.0
        },
        "3": {
            "2023-04": -90.0
        }
    },
    "resources": {
        "20": {
            "2018-07": 1,
            "2018-08": 1,
            "2018-09": 1,
            "2018-10": 1
        },
        "21": {
            "2018-11": 5,
            "2018-12": 4,
            "2019-01": 2,
            "2019-02": 1,
            "2019-04": 2,
            "2019-05": 3
        },
        "22": {
            "2019-06": 3,
            "2019-07": 3,
            "2019-08": 3,
            "2019-09": 3,
            "2019-10": 2,
            "2019-11": 2,
            "2019-12": 1,
            "2020-01": 1,
            "2020-02": 2,
            "2020-03": 2
        },
        "24": {
            "2021-05": 1,
            "2021-06": 1,
            "2021-12": 1,
            "2022-01": 1,
            "2022-02": 1
        }
    }
}