{
    "elapsed": {
        "M": {
            "16": {
                "2025-06": 0
            }
        }
    },
    "hours": {
        "4": {
            "2024-02": -313.0,
            "2024-03": -681.0,
            "2025-04": -9.0
        }
    },
    "resources": {
        "20": {
            "2018-01": 1
        },
        "23": {
            "2020-06": 1,
            "2020-08": 1
        },
        "25": {
            "2021-12": 1,
            "2022-01": 1,
            "2022-04": 1
        },
        "28": {
            "2023-09": 4,
            "2023-10": 4,
            "2023-11": 4,
            "2023-12": 4
        }
    }
}