{
    "elapsed": {
        "M": {
            "57": {
                "2025-06": 0
            }
        }
    },
    "hours": {
        "1": {
            "2023-02": -37.0,
            "2023-03": -133.0
        },
        "10": {
            "2018-01": -214.0,
            "2018-02": -214.0,
            "2018-03": -214.0,
            "2018-04": -214.0,
            "2018-05": -214.0,
            "2018-06": -214.0,
            "2018-07": -285.0,
            "2018-08": -356.0
        },
        "3": {
            "2019-09": -37.0,
            "2023-11": -102.0,
            "2023-12": -210.0
        },
        "4": {
            "2020-06": -82.0,
            "2020-07": -174.0
        },
        "7": {
            "2022-06": -19.0,
            "2022-07": -68.0,
            "2022-08": -117.0
        },
        "8": {
            "2018-11": -54.0,
            "2019-01": -40.0
        },
        "9": {
            "2018-05": -3.0,
            "2018-06": -74.0
        }
    },
    "resources": {
        "1": {
            "2018-08": 1,
            "2018-09": 1,
            "2018-10": 1
        },
        "10": {
            "2018-01": 1,
            "2018-02": 1,
            "2018-03": 1,
            "2018-04": 1,
            "2018-05": 1,
            "2018-06": 1,
            "2018-07": 1,
            "2018-08": 2,
            "2018-09": 2,
            "2018-10": 3,
            "2018-11": 3
        },
        "11": {
            "2018-12": 1,
            "2019-01": 1
        },
        "12": {
            "2019-08": 1
        },
        "13": {
            "2020-08": 2,
            "2021-02": 1
        },
        "15": {
            "2021-09": 1,
            "2021-10": 1,
            "2021-11": 1
        },
        "2": {
            "2019-08": 2
        },
        "20": {
            "2018-01": 4,
            "2018-02": 5,
            "2018-03": 4,
            "2018-04": 5,
            "2018-05": 4,
            "2018-06": 3,
            "2018-07": 4
        },
        "21": {
            "2018-08": 2,
            "2019-02": 1,
            "2019-03": 1
        },
        "31": {
            "2018-03": 1,
            "2018-04": 1,
            "2018-05": 1
        },
        "32": {
            "2019-08": 1
        },
        "5": {
            "2021-11": 5,
            "2021-12": 5,
            "2022-01": 5,
            "2022-02": 5,
            "2022-03": 3,
            "2022-04": 3
        }
    }
}