{
    "maint_types": {
        "1": {
            "capacity": {}
        }
    },
    "maintenances": {
        "M": {
            "affects": [
                "M"
            ],
            "capacity": 7,
            "capacity_usage": 1,
            "depends_on": [
                "M"
            ],
            "duration_periods": 6,
            "elapsed_time_size": 15,
            "max_elapsed_time": 60,
            "max_used_time": 1000,
            "type": "1",
            "used_time_size": 1000
        }
    },
    "parameters": {
        "default_type2_capacity": 66,
        "elapsed_time_size": 15,
        "end": "2025-06",
        "initial_unbalance": [
            -3,
            3
        ],
        "maint_capacity": 7,
        "maint_duration": 6,
        "maint_weight": 1,
        "maintenances": {
            "M": {
                "affects": [],
                "capacity_usage": 1,
                "depends_on": [],
                "duration_periods": 4,
                "elapsed_time_size": 3,
                "max_elapsed_time": 60,
                "max_used_time": 1000,
                "priority": 0,
                "type": "1",
                "used_time_size": 1000
            },
            "VG": {
                "affects": [],
                "capacity_usage": 3,
                "depends_on": [
                    "M"
                ],
                "duration_periods": 1,
                "elapsed_time_size": 3,
                "max_elapsed_time": 8,
                "max_used_time": null,
                "priority": 10,
                "type": "2",
                "used_time_size": null
            },
            "VI": {
                "affects": [],
                "capacity_usage": 6,
                "depends_on": [
                    "M"
                ],
                "duration_periods": 1,
                "elapsed_time_size": 3,
                "max_elapsed_time": 17,
                "max_used_time": null,
                "priority": 5,
                "type": "2",
                "used_time_size": null
            },
            "VS": {
                "affects": [],
                "capacity_usage": 4,
                "depends_on": [
                    "M"
                ],
                "duration_periods": 1,
                "elapsed_time_size": null,
                "max_elapsed_time": null,
                "max_used_time": 600,
                "priority": 2,
                "type": "2",
                "used_time_size": 200
            }
        },
        "max_elapsed_time": 60,
        "max_elapsed_time_2M": null,
        "max_used_time": 1000,
        "min_avail_percent": 0.1,
        "min_avail_value": 1,
        "min_hours_perc": 0.5,
        "min_usage_period": 0,
        "num_parallel_tasks": 3,
        "num_period": 90,
        "num_resources": 45,
        "perc_add_capacity": 0.1,
        "perc_capacity": 0.15,
        "perc_in_maint": 0.07,
        "seed": 8001,
        "start": "2018-01",
        "t_duration": [
            6,
            12
        ],
        "t_min_assign": [
            2,
            3,
            6
        ],
        "t_num_resource": [
            1,
            6
        ],
        "t_required_hours": [
            10,
            50,
            100
        ],
        "unavail_weight": 1
    },
    "resources": {
        "0": {
            "capacities": [
                "0"
            ],
            "code": "",
            "initial": {
                "M": {
                    "elapsed": 12,
                    "used": 250
                }
            },
            "initial_elapsed": 12,
            "initial_used": 250,
            "min_usage_period": {
                "default": 0
            },
            "states": {},
            "type": 0
        },
        "1": {
            "capacities": [
                "0"
            ],
            "code": "",
            "initial": {
                "M": {
                    "elapsed": 58,
                    "used": 934
                }
            },
            "initial_elapsed": 58,
            "initial_used": 934,
            "min_usage_period": {
                "default": 0
            },
            "states": {},
            "type": 0
        },
        "10": {
            "capacities": [
                "A",
                "1"
            ],
            "code": "",
            "initial": {
                "M": {
                    "elapsed": 57,
                    "used": 917
                }
            },
            "initial_elapsed": 57,
            "initial_used": 917,
            "min_usage_period": {
                "default": 0
            },
            "states": {},
            "type": 1
        },
        "11": {
            "capacities": [
                "A",
                "1"
            ],
            "code": "",
            "initial": {
                "M": {
                    "elapsed": 44,
                    "used": 784
                }
            },
            "initial_elapsed": 44,
            "initial_used": 784,
            "min_usage_period": {
                "default": 0
            },
            "states": {},
            "type": 1
        },
        "12": {
            "capacities": [
                "2"
            ],
            "code": "",
            "initial": {
                "M": {
                    "elapsed": 52,
                    "used": 834
                }
            },
            "initial_elapsed": 52,
            "initial_used": 834,
            "min_usage_period": {
                "default": 0
            },
            "states": {},
            "type": 2
        },
        "13": {
            "capacities": [
                "2"
            ],
            "code": "",
            "initial": {
                "M": {
                    "elapsed": 30,
                    "used": 500
                }
            },
            "initial_elapsed": 30,
            "initial_used": 500,
            "min_usage_period": {
                "default": 0
            },
            "states": {},
            "type": 2
        },
        "14": {
            "capacities": [
                "2"
            ],
            "code": "",
            "initial": {
                "M": {
                    "elapsed": 59,
                    "used": 1000
                }
            },
            "initial_elapsed": 59,
            "initial_used": 1000,
            "min_usage_period": {
                "default": 0
            },
            "states": {},
            "type": 2
        },
        "15": {
            "capacities": [
                "2"
            ],
            "code": "",
            "initial": {
                "M": {
                    "elapsed": 8,
                    "used": 84
                }
            },
            "initial_elapsed": 8,
            "initial_used": 84,
            "min_usage_period": {
                "default": 0
            },
            "states": {},
            "type": 2
        },
        "16": {
            "capacities": [
                "2"
            ],
            "code": "",
            "initial": {
                "M": {
                    "elapsed": 25,
                    "used": 417
                }
            },
            "initial_elapsed": 25,
            "initial_used": 417,
            "min_usage_period": {
                "default": 0
            },
            "states": {},
            "type": 2
        },
        "17": {
            "capacities": [
                "2"
            ],
            "code": "",
            "initial": {
                "M": {
                    "elapsed": 50,
                    "used": 800
                }
            },
            "initial_elapsed": 50,
            "initial_used": 800,
            "min_usage_period": {
                "default": 0
            },
            "states": {},
            "type": 2
        },
        "18": {
            "capacities": [
                "A",
                "1"
            ],
            "code": "",
            "initial": {
                "M": {
                    "elapsed": 32,
                    "used": 484
                }
            },
            "initial_elapsed": 32,
            "initial_used": 484,
            "min_usage_period": {
                "default": 0
            },
            "states": {
                "2017-11": "9",
                "2017-12": "9"
            },
            "type": 1
        },
        "19": {
            "capacities": [
                "2"
            ],
            "code": "",
            "initial": {
                "M": {
                    "elapsed": 56,
                    "used": 984
                }
            },
            "initial_elapsed": 56,
            "initial_used": 984,
            "min_usage_period": {
                "default": 0
            },
            "states": {},
            "type": 2
        },
        "2": {
            "capacities": [
                "0"
            ],
            "code": "",
            "initial": {
                "M": {
                    "elapsed": 51,
                    "used": 800
                }
            },
            "initial_elapsed": 51,
            "initial_used": 800,
            "min_usage_period": {
                "default": 0
            },
            "states": {},
            "type": 0
        },
        "20": {
            "capacities": [
                "1"
            ],
            "code": "",
            "initial": {
                "M": {
                    "elapsed": 14,
                    "used": 250
                }
            },
            "initial_elapsed": 14,
            "initial_used": 250,
            "min_usage_period": {
                "default": 0
            },
            "states": {},
            "type": 1
        },
        "21": {
            "capacities": [
                "2"
            ],
            "code": "",
            "initial": {
                "M": {
                    "elapsed": 42,
                    "used": 684
                }
            },
            "initial_elapsed": 42,
            "initial_used": 684,
            "min_usage_period": {
                "default": 0
            },
            "states": {},
            "type": 2
        },
        "22": {
            "capacities": [
                "A",
                "1"
            ],
            "code": "",
            "initial": {
                "M": {
                    "elapsed": 59,
                    "used": 1000
                }
            },
            "initial_elapsed": 59,
            "initial_used": 1000,
            "min_usage_period": {
                "default": 0
            },
            "states": {},
            "type": 1
        },
        "23": {
            "capacities": [
                "A",
                "1"
            ],
            "code": "",
            "initial": {
                "M": {
                    "elapsed": 37,
                    "used": 667
                }
            },
            "initial_elapsed": 37,
            "initial_used": 667,
            "min_usage_period": {
                "default": 0
            },
            "states": {
                "2017-11": "9",
                "2017-12": "9"
            },
            "type": 1
        },
        "24": {
            "capacities": [
                "2"
            ],
            "code": "",
            "initial": {
                "M": {
                    "elapsed": 55,
                    "used": 967
                }
            },
            "initial_elapsed": 55,
            "initial_used": 967,
            "min_usage_period": {
                "default": 0
            },
            "states": {},
            "type": 2
        },
        "25": {
            "capacities": [
                "1"
            ],
            "code": "",
            "initial": {
                "M": {
                    "elapsed": 44,
                    "used": 767
                }
            },
            "initial_elapsed": 44,
            "initial_used": 767,
            "min_usage_period": {
                "default": 0
            },
            "states": {},
            "type": 1
        },
        "26": {
            "capacities": [
                "A",
                "1"
            ],
            "code": "",
            "initial": {
                "M": {
                    "elapsed": 32,
                    "used": 567
                }
            },
            "initial_elapsed": 32,
            "initial_used": 567,
            "min_usage_period": {
                "default": 0
            },
            "states": {},
            "type": 1
        },
        "27": {
            "capacities": [
                "0"
            ],
            "code": "",
            "initial": {
                "M": {
                    "elapsed": 47,
                    "used": 784
                }
            },
            "initial_elapsed": 47,
            "initial_used": 784,
            "min_usage_period": {
                "default": 0
            },
            "states": {
                "2017-09": "0",
                "2017-10": "0",
                "2017-11": "0",
                "2017-12": "0"
            },
            "type": 0
        },
        "28": {
            "capacities": [
                "A",
                "1"
            ],
            "code": "",
            "initial": {
                "M": {
                    "elapsed": 23,
                    "used": 417
                }
            },
            "initial_elapsed": 23,
            "initial_used": 417,
            "min_usage_period": {
                "default": 0
            },
            "states": {},
            "type": 1
        },
        "29": {
            "capacities": [
                "2"
            ],
            "code": "",
            "initial": {
                "M": {
                    "elapsed": 18,
                    "used": 350
                }
            },
            "initial_elapsed": 18,
            "initial_used": 350,
            "min_usage_period": {
                "default": 0
            },
            "states": {},
            "type": 2
        },
        "3": {
            "capacities": [
                "0"
            ],
            "code": "",
            "initial": {
                "M": {
                    "elapsed": 5,
                    "used": 34
                }
            },
            "initial_elapsed": 5,
            "initial_used": 34,
            "min_usage_period": {
                "default": 0
            },
            "states": {},
            "type": 0
        },
        "30": {
            "capacities": [
                "0"
            ],
            "code": "",
            "initial": {
                "M": {
                    "elapsed": 56,
                    "used": 984
                }
            },
            "initial_elapsed": 56,
            "initial_used": 984,
            "min_usage_period": {
                "default": 0
            },
            "states": {},
            "type": 0
        },
        "31": {
            "capacities": [
                "2"
            ],
            "code": "",
            "initial": {
                "M": {
                    "elapsed": 48,
                    "used": 750
                }
            },
            "initial_elapsed": 48,
            "initial_used": 750,
            "min_usage_period": {
                "default": 0
            },
            "states": {
                "2017-11": "18",
                "2017-12": "18"
            },
            "type": 2
        },
        "32": {
            "capacities": [
                "A",
                "1"
            ],
            "code": "",
            "initial": {
                "M": {
                    "elapsed": 47,
                    "used": 734
                }
            },
            "initial_elapsed": 47,
            "initial_used": 734,
            "min_usage_period": {
                "default": 0
            },
            "states": {},
            "type": 1
        },
        "33": {
            "capacities": [
                "0"
            ],
            "code": "",
            "initial": {
                "M": {
                    "elapsed": 45,
                    "used": 750
                }
            },
            "initial_elapsed": 45,
            "initial_used": 750,
            "min_usage_period": {
                "default": 0
            },
            "states": {
                "2017-09": "0",
                "2017-10": "0",
                "2017-11": "0",
                "2017-12": "0"
            },
            "type": 0
        },
        "34": {
            "capacities": [
                "1"
            ],
            "code": "",
            "initial": {
                "M": {
                    "elapsed": 25,
                    "used": 417
                }
            },
            "initial_elapsed": 25,
            "initial_used": 417,
            "min_usage_period": {
                "default": 0
            },
            "states": {},
            "type": 1
        },
        "35": {
            "capacities": [
                "2"
            ],
            "code": "",
            "initial": {
                "M": {
                    "elapsed": 47,
                    "used": 767
                }
            },
            "initial_elapsed": 47,
            "initial_used": 767,
            "min_usage_period": {
                "default": 0
            },
            "states": {
                "2017-11": "18",
                "2017-12": "18"
            },
            "type": 2
        },
        "36": {
            "capacities": [
                "0"
            ],
            "code": "",
            "initial": {
                "M": {
                    "elapsed": 42,
                    "used": 734
                }
            },
            "initial_elapsed": 42,
            "initial_used": 734,
            "min_usage_period": {
                "default": 0
            },
            "states": {},
            "type": 0
        },
        "37": {
            "capacities": [
                "2"
            ],
            "code": "",
            "initial": {
                "M": {
                    "elapsed": 3,
                    "used": 34
                }
            },
            "initial_elapsed": 3,
            "initial_used": 34,
            "min_usage_period": {
                "default": 0
            },
            "states": {},
            "type": 2
        },
        "38": {
            "capacities": [
                "A",
                "1"
            ],
            "code": "",
            "initial": {
                "M": {
                    "elapsed": 60,
                    "used": 1000
                }
            },
            "initial_elapsed": 60,
            "initial_used": 1000,
            "min_usage_period": {
                "default": 0
            },
            "states": {
                "2017-12": "M"
            },
            "type": 1
        },
        "39": {
            "capacities": [
                "2"
            ],
            "code": "",
            "initial": {
                "M": {
                    "elapsed": 25,
                    "used": 450
                }
            },
            "initial_elapsed": 25,
            "initial_used": 450,
            "min_usage_period": {
                "default": 0
            },
            "states": {},
            "type": 2
        },
        "4": {
            "capacities": [
                "0"
            ],
            "code": "",
            "initial": {
                "M": {
                    "elapsed": 31,
                    "used": 517
                }
            },
            "initial_elapsed": 31,
            "initial_used": 517,
            "min_usage_period": {
                "default": 0
            },
            "states": {
                "2017-11": "0",
                "2017-12": "0"
            },
            "type": 0
        },
        "40": {
            "capacities": [
                "0"
            ],
            "code": "",
            "initial": {
                "M": {
                    "elapsed": 45,
                    "used": 800
                }
            },
            "initial_elapsed": 45,
            "initial_used": 800,
            "min_usage_period": {
                "default": 0
            },
            "states": {
                "2017-09": "0",
                "2017-10": "0",
                "2017-11": "0",
                "2017-12": "0"
            },
            "type": 0
        },
        "41": {
            "capacities": [
                "2"
            ],
            "code": "",
            "initial": {
                "M": {
                    "elapsed": 13,
                    "used": 250
                }
            },
            "initial_elapsed": 13,
            "initial_used": 250,
            "min_usage_period": {
                "default": 0
            },
            "states": {},
            "type": 2
        },
        "42": {
            "capacities": [
                "1"
            ],
            "code": "",
            "initial": {
                "M": {
                    "elapsed": 30,
                    "used": 450
                }
            },
            "initial_elapsed": 30,
            "initial_used": 450,
            "min_usage_period": {
                "default": 0
            },
            "states": {
                "2017-09": "9",
                "2017-10": "9",
                "2017-11": "9",
                "2017-12": "9"
            },
            "type": 1
        },
        "43": {
            "capacities": [
                "2"
            ],
            "code": "",
            "initial": {
                "M": {
                    "elapsed": 35,
                    "used": 550
                }
            },
            "initial_elapsed": 35,
            "initial_used": 550,
            "min_usage_period": {
                "default": 0
            },
            "states": {
                "2017-11": "18",
                "2017-12": "18"
            },
            "type": 2
        },
        "44": {
            "capacities": [
                "0"
            ],
            "code": "",
            "initial": {
                "M": {
                    "elapsed": 60,
                    "used": 1000
                }
            },
            "initial_elapsed": 60,
            "initial_used": 1000,
            "min_usage_period": {
                "default": 0
            },
            "states": {
                "2017-07": "M",
                "2017-08": "M",
                "2017-09": "M",
                "2017-10": "M",
                "2017-11": "M",
                "2017-12": "M"
            },
            "type": 0
        },
        "5": {
            "capacities": [
                "0"
            ],
            "code": "",
            "initial": {
                "M": {
                    "elapsed": 9,
                    "used": 167
                }
            },
            "initial_elapsed": 9,
            "initial_used": 167,
            "min_usage_period": {
                "default": 0
            },
            "states": {},
            "type": 0
        },
        "6": {
            "capacities": [
                "A",
                "1"
            ],
            "code": "",
            "initial": {
                "M": {
                    "elapsed": 14,
                    "used": 234
                }
            },
            "initial_elapsed": 14,
            "initial_used": 234,
            "min_usage_period": {
                "default": 0
            },
            "states": {},
            "type": 1
        },
        "7": {
            "capacities": [
                "1"
            ],
            "code": "",
            "initial": {
                "M": {
                    "elapsed": 60,
                    "used": 1000
                }
            },
            "initial_elapsed": 60,
            "initial_used": 1000,
            "min_usage_period": {
                "default": 0
            },
            "states": {
                "2017-10": "M",
                "2017-11": "M",
                "2017-12": "M"
            },
            "type": 1
        },
        "8": {
            "capacities": [
                "1"
            ],
            "code": "",
            "initial": {
                "M": {
                    "elapsed": 35,
                    "used": 634
                }
            },
            "initial_elapsed": 35,
            "initial_used": 634,
            "min_usage_period": {
                "default": 0
            },
            "states": {},
            "type": 1
        },
        "9": {
            "capacities": [
                "1"
            ],
            "code": "",
            "initial": {
                "M": {
                    "elapsed": 43,
                    "used": 667
                }
            },
            "initial_elapsed": 43,
            "initial_used": 667,
            "min_usage_period": {
                "default": 0
            },
            "states": {
                "2017-09": "9",
                "2017-10": "9",
                "2017-11": "9",
                "2017-12": "9"
            },
            "type": 1
        }
    },
    "tasks": {
        "0": {
            "capacities": [
                "0"
            ],
            "consumption": 45,
            "end": "2018-10",
            "matricule": "",
            "min_assign": 3,
            "num_resource": 4,
            "start": "2018-01",
            "type_resource": 0
        },
        "1": {
            "capacities": [
                "0"
            ],
            "consumption": 79,
            "end": "2019-10",
            "matricule": "",
            "min_assign": 2,
            "num_resource": 3,
            "start": "2018-11",
            "type_resource": 0
        },
        "10": {
            "capacities": [
                "1"
            ],
            "consumption": 81,
            "end": "2019-11",
            "matricule": "",
            "min_assign": 6,
            "num_resource": 2,
            "start": "2018-12",
            "type_resource": 1
        },
        "11": {
            "capacities": [
                "1"
            ],
            "consumption": 92,
            "end": "2020-08",
            "matricule": "",
            "min_assign": 6,
            "num_resource": 5,
            "start": "2019-12",
            "type_resource": 1
        },
        "12": {
            "capacities": [
                "A",
                "1"
            ],
            "consumption": 53,
            "end": "2021-08",
            "matricule": "",
            "min_assign": 2,
            "num_resource": 6,
            "start": "2020-09",
            "type_resource": 1
        },
        "13": {
            "capacities": [
                "1"
            ],
            "consumption": 83,
            "end": "2022-05",
            "matricule": "",
            "min_assign": 6,
            "num_resource": 2,
            "start": "2021-09",
            "type_resource": 1
        },
        "14": {
            "capacities": [
                "1"
            ],
            "consumption": 54,
            "end": "2023-04",
            "matricule": "",
            "min_assign": 2,
            "num_resource": 6,
            "start": "2022-06",
            "type_resource": 1
        },
        "15": {
            "capacities": [
                "1"
            ],
            "consumption": 25,
            "end": "2023-11",
            "matricule": "",
            "min_assign": 3,
            "num_resource": 4,
            "start": "2023-05",
            "type_resource": 1
        },
        "16": {
            "capacities": [
                "1"
            ],
            "consumption": 39,
            "end": "2024-10",
            "matricule": "",
            "min_assign": 2,
            "num_resource": 2,
            "start": "2023-12",
            "type_resource": 1
        },
        "17": {
            "capacities": [
                "1"
            ],
            "consumption": 59,
            "end": "2025-06",
            "matricule": "",
            "min_assign": 6,
            "num_resource": 2,
            "start": "2024-11",
            "type_resource": 1
        },
        "18": {
            "capacities": [
                "2"
            ],
            "consumption": 28,
            "end": "2018-12",
            "matricule": "",
            "min_assign": 2,
            "num_resource": 3,
            "start": "2018-01",
            "type_resource": 2
        },
        "19": {
            "capacities": [
                "2"
            ],
            "consumption": 52,
            "end": "2019-08",
            "matricule": "",
            "min_assign": 6,
            "num_resource": 3,
            "start": "2019-01",
            "type_resource": 2
        },
        "2": {
            "capacities": [
                "0"
            ],
            "consumption": 31,
            "end": "2020-10",
            "matricule": "",
            "min_assign": 6,
            "num_resource": 2,
            "start": "2019-11",
            "type_resource": 0
        },
        "20": {
            "capacities": [
                "2"
            ],
            "consumption": 44,
            "end": "2020-02",
            "matricule": "",
            "min_assign": 3,
            "num_resource": 5,
            "start": "2019-09",
            "type_resource": 2
        },
        "21": {
            "capacities": [
                "2"
            ],
            "consumption": 82,
            "end": "2020-08",
            "matricule": "",
            "min_assign": 6,
            "num_resource": 3,
            "start": "2020-03",
            "type_resource": 2
        },
        "22": {
            "capacities": [
                "2"
            ],
            "consumption": 45,
            "end": "2021-03",
            "matricule": "",
            "min_assign": 2,
            "num_resource": 2,
            "start": "2020-09",
            "type_resource": 2
        },
        "23": {
            "capacities": [
                "2"
            ],
            "consumption": 50,
            "end": "2022-02",
            "matricule": "",
            "min_assign": 2,
            "num_resource": 3,
            "start": "2021-04",
            "type_resource": 2
        },
        "24": {
            "capacities": [
                "2"
            ],
            "consumption": 62,
            "end": "2022-08",
            "matricule": "",
            "min_assign": 3,
            "num_resource": 6,
            "start": "2022-03",
            "type_resource": 2
        },
        "25": {
            "capacities": [
                "2"
            ],
            "consumption": 47,
            "end": "2023-07",
            "matricule": "",
            "min_assign": 2,
            "num_resource": 3,
            "start": "2022-09",
            "type_resource": 2
        },
        "26": {
            "capacities": [
                "2"
            ],
            "consumption": 62,
            "end": "2024-06",
            "matricule": "",
            "min_assign": 6,
            "num_resource": 1,
            "start": "2023-08",
            "type_resource": 2
        },
        "27": {
            "capacities": [
                "2"
            ],
            "consumption": 75,
            "end": "2024-12",
            "matricule": "",
            "min_assign": 6,
            "num_resource": 5,
            "start": "2024-07",
            "type_resource": 2
        },
        "28": {
            "capacities": [
                "2"
            ],
            "consumption": 52,
            "end": "2025-06",
            "matricule": "",
            "min_assign": 6,
            "num_resource": 5,
            "start": "2025-01",
            "type_resource": 2
        },
        "3": {
            "capacities": [
                "0"
            ],
            "consumption": 64,
            "end": "2021-08",
            "matricule": "",
            "min_assign": 6,
            "num_resource": 6,
            "start": "2020-11",
            "type_resource": 0
        },
        "4": {
            "capacities": [
                "0"
            ],
            "consumption": 82,
            "end": "2022-07",
            "matricule": "",
            "min_assign": 6,
            "num_resource": 1,
            "start": "2021-09",
            "type_resource": 0
        },
        "5": {
            "capacities": [
                "0"
            ],
            "consumption": 48,
            "end": "2023-03",
            "matricule": "",
            "min_assign": 2,
            "num_resource": 3,
            "start": "2022-08",
            "type_resource": 0
        },
        "6": {
            "capacities": [
                "0"
            ],
            "consumption": 43,
            "end": "2023-10",
            "matricule": "",
            "min_assign": 3,
            "num_resource": 4,
            "start": "2023-04",
            "type_resource": 0
        },
        "7": {
            "capacities": [
                "0"
            ],
            "consumption": 28,
            "end": "2024-08",
            "matricule": "",
            "min_assign": 3,
            "num_resource": 5,
            "start": "2023-11",
            "type_resource": 0
        },
        "8": {
            "capacities": [
                "0"
            ],
            "consumption": 70,
            "end": "2025-06",
            "matricule": "",
            "min_assign": 3,
            "num_resource": 3,
            "start": "2024-09",
            "type_resource": 0
        },
        "9": {
            "capacities": [
                "1"
            ],
            "consumption": 24,
            "end": "2018-11",
            "matricule": "",
            "min_assign": 3,
            "num_resource": 4,
            "start": "2018-01",
            "type_resource": 1
        }
    }
}