{
    "elapsed": {
        "M": {
            "1": {
                "2025-06": 0
            },
            "10": {
                "2025-06": 0
            },
            "33": {
                "2025-06": 0
            },
            "34": {
                "2025-06": 0
            }
        }
    },
    "resources": {
        "20": {
            "2018-01": 1,
            "2018-02": 1,
            "2018-03": 1,
            "2018-05": 1,
            "2018-06": 1,
            "2018-07": 1,
            "2018-08": 2,
            "2018-09": 2
        }
    }
}