{
    "hours": {
        "1": {
            "2022-10": -170.0,
            "2023-04": -77.0
        },
        "2": {
            "2022-03": -37.0
        },
        "6": {
            "2021-11": -54.0
        }
    },
    "resources": {
        "1": {
            "2019-07": 1
        },
        "20": {
            "2018-01": 2,
            "2018-02": 1,
            "2018-03": 1,
            "2018-04": 2,
            "2018-05": 2,
            "2018-07": 2
        },
        "21": {
            "2018-08": 1,
            "2018-09": 1
        }
    }
}