{
    "hours": {
        "3": {
            "2018-10": -174.0,
            "2018-11": -414.0,
            "2019-05": -25.0
        },
        "4": {
            "2019-05": -13.0,
            "2022-02": -175.0,
            "2022-03": -601.0,
            "2022-09": -35.0
        },
        "5": {
            "2022-06": -178.0
        },
        "8": {
            "2018-01": -15.0,
            "2018-02": -15.0,
            "2018-03": -15.0
        }
    },
    "resources": {
        "10": {
            "2018-01": 2,
            "2018-02": 2,
            "2018-03": 3,
            "2018-04": 2,
            "2018-05": 3,
            "2018-06": 1,
            "2018-07": 2,
            "2018-08": 1
        },
        "11": {
            "2018-12": 2,
            "2019-01": 2,
            "2019-02": 1,
            "2019-03": 1,
            "2019-06": 2,
            "2019-07": 3,
            "2019-08": 4,
            "2019-09": 4
        },
        "12": {
            "2019-10": 1,
            "2020-02": 1,
            "2020-08": 1
        },
        "13": {
            "2020-09": 1,
            "2021-07": 1
        },
        "14": {
            "2021-08": 3
        },
        "19": {
            "2018-02": 1
        },
        "20": {
            "2019-06": 1
        },
        "21": {
            "2019-07": 1
        },
        "22": {
            "2020-05": 2,
            "2020-06": 1
        },
        "24": {
            "2022-07": 1
        },
        "37": {
            "2023-12": 1,
            "2024-01": 1
        }
    }
}