{
    "maint_types": {
        "1": {
            "capacity": {}
        }
    },
    "maintenances": {
        "M": {
            "affects": [
                "M"
            ],
            "capacity": 9,
            "capacity_usage": 1,
            "depends_on": [
                "M"
            ],
            "duration_periods": 6,
            "elapsed_time_size": 15,
            "max_elapsed_time": 60,
            "max_used_time": 1000,
            "type": "1",
            "used_time_size": 1000
        }
    },
    "parameters": {
        "default_type2_capacity": 66,
        "elapsed_time_size": 15,
        "end": "2025-06",
        "initial_unbalance": [
            -3,
            3
        ],
        "maint_capacity": 9,
        "maint_duration": 6,
        "maint_weight": 1,
        "maintenances": {
            "M": {
                "affects": [],
                "capacity_usage": 1,
                "depends_on": [],
                "duration_periods": 4,
                "elapsed_time_size": 3,
                "max_elapsed_time": 60,
                "max_used_time": 1000,
                "priority": 0,
                "type": "1",
                "used_time_size": 1000
            },
            "VG": {
                "affects": [],
                "capacity_usage": 3,
                "depends_on": [
                    "M"
                ],
                "duration_periods": 1,
                "elapsed_time_size": 3,
                "max_elapsed_time": 8,
                "max_used_time": null,
                "priority": 10,
                "type": "2",
                "used_time_size": null
            },
            "VI": {
                "affects": [],
                "capacity_usage": 6,
                "depends_on": [
                    "M"
                ],
                "duration_periods": 1,
                "elapsed_time_size": 3,
                "max_elapsed_time": 17,
                "max_used_time": null,
                "priority": 5,
                "type": "2",
                "used_time_size": null
            },
            "VS": {
                "affects": [],
                "capacity_usage": 4,
                "depends_on": [
                    "M"
                ],
                "duration_periods": 1,
                "elapsed_time_size": null,
                "max_elapsed_time": null,
                "max_used_time": 600,
                "priority": 2,
                "type": "2",
                "used_time_size": 200
            }
        },
        "max_elapsed_time": 60,
        "max_elapsed_time_2M": null,
        "max_used_time": 1000,
        "min_avail_percent": 0.1,
        "min_avail_value": 1,
        "min_hours_perc": 0.5,
        "min_usage_period": 0,
        "num_parallel_tasks": 4,
        "num_period": 90,
        "num_resources": 60,
        "perc_add_capacity": 0.1,
        "perc_capacity": 0.15,
        "perc_in_maint": 0.07,
        "seed": 86,
        "start": "2018-01",
        "t_duration": [
            6,
            12
        ],
        "t_min_assign": [
            2,
            3,
            6
        ],
        "t_num_resource": [
            1,
            6
        ],
        "t_required_hours": [
            10,
            50,
            100
        ],
        "unavail_weight": 1
    },
    "resources": {
        "0": {
            "capacities": [
                "0"
            ],
            "code": "",
            "initial": {
                "M": {
                    "elapsed": 8,
                    "used": 117
                }
            },
            "initial_elapsed": 8,
            "initial_used": 117,
            "min_usage_period": {
                "default": 0
            },
            "states": {},
            "type": 0
        },
        "1": {
            "capacities": [
                "0"
            ],
            "code": "",
            "initial": {
                "M": {
                    "elapsed": 60,
                    "used": 1000
                }
            },
            "initial_elapsed": 60,
            "initial_used": 1000,
            "min_usage_period": {
                "default": 0
            },
            "states": {
                "2017-10": "M",
                "2017-11": "M",
                "2017-12": "M"
            },
            "type": 0
        },
        "10": {
            "capacities": [
                "1"
            ],
            "code": "",
            "initial": {
                "M": {
                    "elapsed": 32,
                    "used": 584
                }
            },
            "initial_elapsed": 32,
            "initial_used": 584,
            "min_usage_period": {
                "default": 0
            },
            "states": {},
            "type": 1
        },
        "11": {
            "capacities": [
                "B",
                "1"
            ],
            "code": "",
            "initial": {
                "M": {
                    "elapsed": 40,
                    "used": 667
                }
            },
            "initial_elapsed": 40,
            "initial_used": 667,
            "min_usage_period": {
                "default": 0
            },
            "states": {
                "2017-11": "10",
                "2017-12": "10"
            },
            "type": 1
        },
        "12": {
            "capacities": [
                "2"
            ],
            "code": "",
            "initial": {
                "M": {
                    "elapsed": 12,
                    "used": 200
                }
            },
            "initial_elapsed": 12,
            "initial_used": 200,
            "min_usage_period": {
                "default": 0
            },
            "states": {},
            "type": 2
        },
        "13": {
            "capacities": [
                "2"
            ],
            "code": "",
            "initial": {
                "M": {
                    "elapsed": 49,
                    "used": 784
                }
            },
            "initial_elapsed": 49,
            "initial_used": 784,
            "min_usage_period": {
                "default": 0
            },
            "states": {
                "2017-11": "19",
                "2017-12": "19"
            },
            "type": 2
        },
        "14": {
            "capacities": [
                "2"
            ],
            "code": "",
            "initial": {
                "M": {
                    "elapsed": 8,
                    "used": 134
                }
            },
            "initial_elapsed": 8,
            "initial_used": 134,
            "min_usage_period": {
                "default": 0
            },
            "states": {},
            "type": 2
        },
        "15": {
            "capacities": [
                "2"
            ],
            "code": "",
            "initial": {
                "M": {
                    "elapsed": 42,
                    "used": 717
                }
            },
            "initial_elapsed": 42,
            "initial_used": 717,
            "min_usage_period": {
                "default": 0
            },
            "states": {},
            "type": 2
        },
        "16": {
            "capacities": [
                "2"
            ],
            "code": "",
            "initial": {
                "M": {
                    "elapsed": 52,
                    "used": 850
                }
            },
            "initial_elapsed": 52,
            "initial_used": 850,
            "min_usage_period": {
                "default": 0
            },
            "states": {},
            "type": 2
        },
        "17": {
            "capacities": [
                "3"
            ],
            "code": "",
            "initial": {
                "M": {
                    "elapsed": 30,
                    "used": 500
                }
            },
            "initial_elapsed": 30,
            "initial_used": 500,
            "min_usage_period": {
                "default": 0
            },
            "states": {},
            "type": 3
        },
        "18": {
            "capacities": [
                "D",
                "3"
            ],
            "code": "",
            "initial": {
                "M": {
                    "elapsed": 6,
                    "used": 150
                }
            },
            "initial_elapsed": 6,
            "initial_used": 150,
            "min_usage_period": {
                "default": 0
            },
            "states": {},
            "type": 3
        },
        "19": {
            "capacities": [
                "C",
                "3"
            ],
            "code": "",
            "initial": {
                "M": {
                    "elapsed": 60,
                    "used": 1000
                }
            },
            "initial_elapsed": 60,
            "initial_used": 1000,
            "min_usage_period": {
                "default": 0
            },
            "states": {
                "2017-11": "M",
                "2017-12": "M"
            },
            "type": 3
        },
        "2": {
            "capacities": [
                "0",
                "A"
            ],
            "code": "",
            "initial": {
                "M": {
                    "elapsed": 60,
                    "used": 1000
                }
            },
            "initial_elapsed": 60,
            "initial_used": 1000,
            "min_usage_period": {
                "default": 0
            },
            "states": {
                "2017-11": "M",
                "2017-12": "M"
            },
            "type": 0
        },
        "20": {
            "capacities": [
                "C",
                "3"
            ],
            "code": "",
            "initial": {
                "M": {
                    "elapsed": 9,
                    "used": 100
                }
            },
            "initial_elapsed": 9,
            "initial_used": 100,
            "min_usage_period": {
                "default": 0
            },
            "states": {},
            "type": 3
        },
        "21": {
            "capacities": [
                "C",
                "3"
            ],
            "code": "",
            "initial": {
                "M": {
                    "elapsed": 26,
                    "used": 467
                }
            },
            "initial_elapsed": 26,
            "initial_used": 467,
            "min_usage_period": {
                "default": 0
            },
            "states": {},
            "type": 3
        },
        "22": {
            "capacities": [
                "D",
                "3"
            ],
            "code": "",
            "initial": {
                "M": {
                    "elapsed": 52,
                    "used": 850
                }
            },
            "initial_elapsed": 52,
            "initial_used": 850,
            "min_usage_period": {
                "default": 0
            },
            "states": {},
            "type": 3
        },
        "23": {
            "capacities": [
                "2"
            ],
            "code": "",
            "initial": {
                "M": {
                    "elapsed": 39,
                    "used": 617
                }
            },
            "initial_elapsed": 39,
            "initial_used": 617,
            "min_usage_period": {
                "default": 0
            },
            "states": {
                "2017-11": "19",
                "2017-12": "19"
            },
            "type": 2
        },
        "24": {
            "capacities": [
                "C",
                "3"
            ],
            "code": "",
            "initial": {
                "M": {
                    "elapsed": 12,
                    "used": 250
                }
            },
            "initial_elapsed": 12,
            "initial_used": 250,
            "min_usage_period": {
                "default": 0
            },
            "states": {},
            "type": 3
        },
        "25": {
            "capacities": [
                "D",
                "3"
            ],
            "code": "",
            "initial": {
                "M": {
                    "elapsed": 8,
                    "used": 184
                }
            },
            "initial_elapsed": 8,
            "initial_used": 184,
            "min_usage_period": {
                "default": 0
            },
            "states": {},
            "type": 3
        },
        "26": {
            "capacities": [
                "B",
                "1"
            ],
            "code": "",
            "initial": {
                "M": {
                    "elapsed": 56,
                    "used": 900
                }
            },
            "initial_elapsed": 56,
            "initial_used": 900,
            "min_usage_period": {
                "default": 0
            },
            "states": {
                "2017-09": "10",
                "2017-10": "10",
                "2017-11": "10",
                "2017-12": "10"
            },
            "type": 1
        },
        "27": {
            "capacities": [
                "1"
            ],
            "code": "",
            "initial": {
                "M": {
                    "elapsed": 7,
                    "used": 167
                }
            },
            "initial_elapsed": 7,
            "initial_used": 167,
            "min_usage_period": {
                "default": 0
            },
            "states": {},
            "type": 1
        },
        "28": {
            "capacities": [
                "C",
                "3"
            ],
            "code": "",
            "initial": {
                "M": {
                    "elapsed": 60,
                    "used": 1000
                }
            },
            "initial_elapsed": 60,
            "initial_used": 1000,
            "min_usage_period": {
                "default": 0
            },
            "states": {
                "2017-11": "M",
                "2017-12": "M"
            },
            "type": 3
        },
        "29": {
            "capacities": [
                "0",
                "A"
            ],
            "code": "",
            "initial": {
                "M": {
                    "elapsed": 22,
                    "used": 417
                }
            },
            "initial_elapsed": 22,
            "initial_used": 417,
            "min_usage_period": {
                "default": 0
            },
            "states": {},
            "type": 0
        },
        "3": {
            "capacities": [
                "0",
                "A"
            ],
            "code": "",
            "initial": {
                "M": {
                    "elapsed": 22,
                    "used": 334
                }
            },
            "initial_elapsed": 22,
            "initial_used": 334,
            "min_usage_period": {
                "default": 0
            },
            "states": {},
            "type": 0
        },
        "30": {
            "capacities": [
                "0",
                "A"
            ],
            "code": "",
            "initial": {
                "M": {
                    "elapsed": 41,
                    "used": 717
                }
            },
            "initial_elapsed": 41,
            "initial_used": 717,
            "min_usage_period": {
                "default": 0
            },
            "states": {},
            "type": 0
        },
        "31": {
            "capacities": [
                "1"
            ],
            "code": "",
            "initial": {
                "M": {
                    "elapsed": 22,
                    "used": 367
                }
            },
            "initial_elapsed": 22,
            "initial_used": 367,
            "min_usage_period": {
                "default": 0
            },
            "states": {},
            "type": 1
        },
        "32": {
            "capacities": [
                "C",
                "3"
            ],
            "code": "",
            "initial": {
                "M": {
                    "elapsed": 48,
                    "used": 850
                }
            },
            "initial_elapsed": 48,
            "initial_used": 850,
            "min_usage_period": {
                "default": 0
            },
            "states": {},
            "type": 3
        },
        "33": {
            "capacities": [
                "D",
                "3"
            ],
            "code": "",
            "initial": {
                "M": {
                    "elapsed": 27,
                    "used": 450
                }
            },
            "initial_elapsed": 27,
            "initial_used": 450,
            "min_usage_period": {
                "default": 0
            },
            "states": {},
            "type": 3
        },
        "34": {
            "capacities": [
                "2"
            ],
            "code": "",
            "initial": {
                "M": {
                    "elapsed": 25,
                    "used": 417
                }
            },
            "initial_elapsed": 25,
            "initial_used": 417,
            "min_usage_period": {
                "default": 0
            },
            "states": {},
            "type": 2
        },
        "35": {
            "capacities": [
                "B",
                "1"
            ],
            "code": "",
            "initial": {
                "M": {
                    "elapsed": 53,
                    "used": 884
                }
            },
            "initial_elapsed": 53,
            "initial_used": 884,
            "min_usage_period": {
                "default": 0
            },
            "states": {
                "2017-11": "10",
                "2017-12": "10"
            },
            "type": 1
        },
        "36": {
            "capacities": [
                "0",
                "A"
            ],
            "code": "",
            "initial": {
                "M": {
                    "elapsed": 39,
                    "used": 600
                }
            },
            "initial_elapsed": 39,
            "initial_used": 600,
            "min_usage_period": {
                "default": 0
            },
            "states": {},
            "type": 0
        },
        "37": {
            "capacities": [
                "0"
            ],
            "code": "",
            "initial": {
                "M": {
                    "elapsed": 59,
                    "used": 1000
                }
            },
            "initial_elapsed": 59,
            "initial_used": 1000,
            "min_usage_period": {
                "default": 0
            },
            "states": {},
            "type": 0
        },
        "38": {
            "capacities": [
                "0",
                "A"
            ],
            "code": "",
            "initial": {
                "M": {
                    "elapsed": 18,
                    "used": 317
                }
            },
            "initial_elapsed": 18,
            "initial_used": 317,
            "min_usage_period": {
                "default": 0
            },
            "states": {},
            "type": 0
        },
        "39": {
            "capacities": [
                "D",
                "3"
            ],
            "code": "",
            "initial": {
                "M": {
                    "elapsed": 28,
                    "used": 434
                }
            },
            "initial_elapsed": 28,
            "initial_used": 434,
            "min_usage_period": {
                "default": 0
            },
            "states": {},
            "type": 3
        },
        "4": {
            "capacities": [
                "0"
            ],
            "code": "",
            "initial": {
                "M": {
                    "elapsed": 9,
                    "used": 134
                }
            },
            "initial_elapsed": 9,
            "initial_used": 134,
            "min_usage_period": {
                "default": 0
            },
            "states": {},
            "type": 0
        },
        "40": {
            "capacities": [
                "2"
            ],
            "code": "",
            "initial": {
                "M": {
                    "elapsed": 46,
                    "used": 750
                }
            },
            "initial_elapsed": 46,
            "initial_used": 750,
            "min_usage_period": {
                "default": 0
            },
            "states": {},
            "type": 2
        },
        "41": {
            "capacities": [
                "0"
            ],
            "code": "",
            "initial": {
                "M": {
                    "elapsed": 51,
                    "used": 834
                }
            },
            "initial_elapsed": 51,
            "initial_used": 834,
            "min_usage_period": {
                "default": 0
            },
            "states": {},
            "type": 0
        },
        "42": {
            "capacities": [
                "1"
            ],
            "code": "",
            "initial": {
                "M": {
                    "elapsed": 26,
                    "used": 484
                }
            },
            "initial_elapsed": 26,
            "initial_used": 484,
            "min_usage_period": {
                "default": 0
            },
            "states": {},
            "type": 1
        },
        "43": {
            "capacities": [
                "C",
                "3"
            ],
            "code": "",
            "initial": {
                "M": {
                    "elapsed": 39,
                    "used": 634
                }
            },
            "initial_elapsed": 39,
            "initial_used": 634,
            "min_usage_period": {
                "default": 0
            },
            "states": {},
            "type": 3
        },
        "44": {
            "capacities": [
                "C",
                "3"
            ],
            "code": "",
            "initial": {
                "M": {
                    "elapsed": 18,
                    "used": 334
                }
            },
            "initial_elapsed": 18,
            "initial_used": 334,
            "min_usage_period": {
                "default": 0
            },
            "states": {},
            "type": 3
        },
        "45": {
            "capacities": [
                "0"
            ],
            "code": "",
            "initial": {
                "M": {
                    "elapsed": 7,
                    "used": 167
                }
            },
            "initial_elapsed": 7,
            "initial_used": 167,
            "min_usage_period": {
                "default": 0
            },
            "states": {},
            "type": 0
        },
        "46": {
            "capacities": [
                "B",
                "1"
            ],
            "code": "",
            "initial": {
                "M": {
                    "elapsed": 58,
                    "used": 1000
                }
            },
            "initial_elapsed": 58,
            "initial_used": 1000,
            "min_usage_period": {
                "default": 0
            },
            "states": {},
            "type": 1
        },
        "47": {
            "capacities": [
                "2"
            ],
            "code": "",
            "initial": {
                "M": {
                    "elapsed": 57,
                    "used": 900
                }
            },
            "initial_elapsed": 57,
            "initial_used": 900,
            "min_usage_period": {
                "default": 0
            },
            "states": {},
            "type": 2
        },
        "48": {
            "capacities": [
                "2"
            ],
            "code": "",
            "initial": {
                "M": {
                    "elapsed": 31,
                    "used": 517
                }
            },
            "initial_elapsed": 31,
            "initial_used": 517,
            "min_usage_period": {
                "default": 0
            },
            "states": {},
            "type": 2
        },
        "49": {
            "capacities": [
                "0",
                "A"
            ],
            "code": "",
            "initial": {
                "M": {
                    "elapsed": 33,
                    "used": 500
                }
            },
            "initial_elapsed": 33,
            "initial_used": 500,
            "min_usage_period": {
                "default": 0
            },
            "states": {},
            "type": 0
        },
        "5": {
            "capacities": [
                "0"
            ],
            "code": "",
            "initial": {
                "M": {
                    "elapsed": 32,
                    "used": 534
                }
            },
            "initial_elapsed": 32,
            "initial_used": 534,
            "min_usage_period": {
                "default": 0
            },
            "states": {},
            "type": 0
        },
        "50": {
            "capacities": [
                "0"
            ],
            "code": "",
            "initial": {
                "M": {
                    "elapsed": 3,
                    "used": 34
                }
            },
            "initial_elapsed": 3,
            "initial_used": 34,
            "min_usage_period": {
                "default": 0
            },
            "states": {},
            "type": 0
        },
        "51": {
            "capacities": [
                "B",
                "1"
            ],
            "code": "",
            "initial": {
                "M": {
                    "elapsed": 38,
                    "used": 600
                }
            },
            "initial_elapsed": 38,
            "initial_used": 600,
            "min_usage_period": {
                "default": 0
            },
            "states": {},
            "type": 1
        },
        "52": {
            "capacities": [
                "0"
            ],
            "code": "",
            "initial": {
                "M": {
                    "elapsed": 42,
                    "used": 717
                }
            },
            "initial_elapsed": 42,
            "initial_used": 717,
            "min_usage_period": {
                "default": 0
            },
            "states": {},
            "type": 0
        },
        "53": {
            "capacities": [
                "D",
                "3"
            ],
            "code": "",
            "initial": {
                "M": {
                    "elapsed": 5,
                    "used": 67
                }
            },
            "initial_elapsed": 5,
            "initial_used": 67,
            "min_usage_period": {
                "default": 0
            },
            "states": {},
            "type": 3
        },
        "54": {
            "capacities": [
                "0"
            ],
            "code": "",
            "initial": {
                "M": {
                    "elapsed": 34,
                    "used": 517
                }
            },
            "initial_elapsed": 34,
            "initial_used": 517,
            "min_usage_period": {
                "default": 0
            },
            "states": {},
            "type": 0
        },
        "55": {
            "capacities": [
                "C",
                "3"
            ],
            "code": "",
            "initial": {
                "M": {
                    "elapsed": 29,
                    "used": 500
                }
            },
            "initial_elapsed": 29,
            "initial_used": 500,
            "min_usage_period": {
                "default": 0
            },
            "states": {},
            "type": 3
        },
        "56": {
            "capacities": [
                "0",
                "A"
            ],
            "code": "",
            "initial": {
                "M": {
                    "elapsed": 45,
                    "used": 734
                }
            },
            "initial_elapsed": 45,
            "initial_used": 734,
            "min_usage_period": {
                "default": 0
            },
            "states": {},
            "type": 0
        },
        "57": {
            "capacities": [
                "2"
            ],
            "code": "",
            "initial": {
                "M": {
                    "elapsed": 31,
                    "used": 500
                }
            },
            "initial_elapsed": 31,
            "initial_used": 500,
            "min_usage_period": {
                "default": 0
            },
            "states": {},
            "type": 2
        },
        "58": {
            "capacities": [
                "2"
            ],
            "code": "",
            "initial": {
                "M": {
                    "elapsed": 5,
                    "used": 100
                }
            },
            "initial_elapsed": 5,
            "initial_used": 100,
            "min_usage_period": {
                "default": 0
            },
            "states": {},
            "type": 2
        },
        "59": {
            "capacities": [
                "1"
            ],
            "code": "",
            "initial": {
                "M": {
                    "elapsed": 33,
                    "used": 550
                }
            },
            "initial_elapsed": 33,
            "initial_used": 550,
            "min_usage_period": {
                "default": 0
            },
            "states": {},
            "type": 1
        },
        "6": {
            "capacities": [
                "1"
            ],
            "code": "",
            "initial": {
                "M": {
                    "elapsed": 3,
                    "used": 50
                }
            },
            "initial_elapsed": 3,
            "initial_used": 50,
            "min_usage_period": {
                "default": 0
            },
            "states": {},
            "type": 1
        },
        "7": {
            "capacities": [
                "B",
                "1"
            ],
            "code": "",
            "initial": {
                "M": {
                    "elapsed": 30,
                    "used": 534
                }
            },
            "initial_elapsed": 30,
            "initial_used": 534,
            "min_usage_period": {
                "default": 0
            },
            "states": {
                "2017-11": "10",
                "2017-12": "10"
            },
            "type": 1
        },
        "8": {
            "capacities": [
                "B",
                "1"
            ],
            "code": "",
            "initial": {
                "M": {
                    "elapsed": 26,
                    "used": 467
                }
            },
            "initial_elapsed": 26,
            "initial_used": 467,
            "min_usage_period": {
                "default": 0
            },
            "states": {},
            "type": 1
        },
        "9": {
            "capacities": [
                "B",
                "1"
            ],
            "code": "",
            "initial": {
                "M": {
                    "elapsed": 33,
                    "used": 534
                }
            },
            "initial_elapsed": 33,
            "initial_used": 534,
            "min_usage_period": {
                "default": 0
            },
            "states": {},
            "type": 1
        }
    },
    "tasks": {
        "0": {
            "capacities": [
                "0"
            ],
            "consumption": 37,
            "end": "2018-12",
            "matricule": "",
            "min_assign": 3,
            "num_resource": 1,
            "start": "2018-01",
            "type_resource": 0
        },
        "1": {
            "capacities": [
                "0",
                "A"
            ],
            "consumption": 37,
            "end": "2019-12",
            "matricule": "",
            "min_assign": 2,
            "num_resource": 4,
            "start": "2019-01",
            "type_resource": 0
        },
        "10": {
            "capacities": [
                "B",
                "1"
            ],
            "consumption": 40,
            "end": "2018-11",
            "matricule": "",
            "min_assign": 3,
            "num_resource": 6,
            "start": "2018-01",
            "type_resource": 1
        },
        "11": {
            "capacities": [
                "1"
            ],
            "consumption": 73,
            "end": "2019-09",
            "matricule": "",
            "min_assign": 6,
            "num_resource": 6,
            "start": "2018-12",
            "type_resource": 1
        },
        "12": {
            "capacities": [
                "1"
            ],
            "consumption": 69,
            "end": "2020-08",
            "matricule": "",
            "min_assign": 2,
            "num_resource": 6,
            "start": "2019-10",
            "type_resource": 1
        },
        "13": {
            "capacities": [
                "1"
            ],
            "consumption": 67,
            "end": "2021-07",
            "matricule": "",
            "min_assign": 2,
            "num_resource": 3,
            "start": "2020-09",
            "type_resource": 1
        },
        "14": {
            "capacities": [
                "1"
            ],
            "consumption": 71,
            "end": "2022-03",
            "matricule": "",
            "min_assign": 6,
            "num_resource": 6,
            "start": "2021-08",
            "type_resource": 1
        },
        "15": {
            "capacities": [
                "1"
            ],
            "consumption": 24,
            "end": "2023-03",
            "matricule": "",
            "min_assign": 6,
            "num_resource": 3,
            "start": "2022-04",
            "type_resource": 1
        },
        "16": {
            "capacities": [
                "1"
            ],
            "consumption": 43,
            "end": "2024-02",
            "matricule": "",
            "min_assign": 3,
            "num_resource": 1,
            "start": "2023-04",
            "type_resource": 1
        },
        "17": {
            "capacities": [
                "1"
            ],
            "consumption": 35,
            "end": "2025-02",
            "matricule": "",
            "min_assign": 2,
            "num_resource": 3,
            "start": "2024-03",
            "type_resource": 1
        },
        "18": {
            "capacities": [
                "1"
            ],
            "consumption": 47,
            "end": "2025-06",
            "matricule": "",
            "min_assign": 3,
            "num_resource": 3,
            "start": "2025-03",
            "type_resource": 1
        },
        "19": {
            "capacities": [
                "2"
            ],
            "consumption": 77,
            "end": "2018-06",
            "matricule": "",
            "min_assign": 2,
            "num_resource": 3,
            "start": "2018-01",
            "type_resource": 2
        },
        "2": {
            "capacities": [
                "0"
            ],
            "consumption": 33,
            "end": "2020-06",
            "matricule": "",
            "min_assign": 2,
            "num_resource": 4,
            "start": "2020-01",
            "type_resource": 0
        },
        "20": {
            "capacities": [
                "2"
            ],
            "consumption": 42,
            "end": "2019-06",
            "matricule": "",
            "min_assign": 3,
            "num_resource": 4,
            "start": "2018-07",
            "type_resource": 2
        },
        "21": {
            "capacities": [
                "2"
            ],
            "consumption": 62,
            "end": "2020-04",
            "matricule": "",
            "min_assign": 3,
            "num_resource": 5,
            "start": "2019-07",
            "type_resource": 2
        },
        "22": {
            "capacities": [
                "2"
            ],
            "consumption": 74,
            "end": "2020-10",
            "matricule": "",
            "min_assign": 3,
            "num_resource": 5,
            "start": "2020-05",
            "type_resource": 2
        },
        "23": {
            "capacities": [
                "2"
            ],
            "consumption": 41,
            "end": "2021-10",
            "matricule": "",
            "min_assign": 3,
            "num_resource": 4,
            "start": "2020-11",
            "type_resource": 2
        },
        "24": {
            "capacities": [
                "2"
            ],
            "consumption": 53,
            "end": "2022-07",
            "matricule": "",
            "min_assign": 2,
            "num_resource": 4,
            "start": "2021-11",
            "type_resource": 2
        },
        "25": {
            "capacities": [
                "2"
            ],
            "consumption": 56,
            "end": "2023-04",
            "matricule": "",
            "min_assign": 2,
            "num_resource": 1,
            "start": "2022-08",
            "type_resource": 2
        },
        "26": {
            "capacities": [
                "2"
            ],
            "consumption": 34,
            "end": "2023-10",
            "matricule": "",
            "min_assign": 2,
            "num_resource": 2,
            "start": "2023-05",
            "type_resource": 2
        },
        "27": {
            "capacities": [
                "2"
            ],
            "consumption": 65,
            "end": "2024-08",
            "matricule": "",
            "min_assign": 2,
            "num_resource": 4,
            "start": "2023-11",
            "type_resource": 2
        },
        "28": {
            "capacities": [
                "2"
            ],
            "consumption": 57,
            "end": "2025-06",
            "matricule": "",
            "min_assign": 6,
            "num_resource": 3,
            "start": "2024-09",
            "type_resource": 2
        },
        "29": {
            "capacities": [
                "3"
            ],
            "consumption": 23,
            "end": "2018-12",
            "matricule": "",
            "min_assign": 3,
            "num_resource": 1,
            "start": "2018-01",
            "type_resource": 3
        },
        "3": {
            "capacities": [
                "0"
            ],
            "consumption": 66,
            "end": "2021-04",
            "matricule": "",
            "min_assign": 3,
            "num_resource": 5,
            "start": "2020-07",
            "type_resource": 0
        },
        "30": {
            "capacities": [
                "C",
                "3"
            ],
            "consumption": 45,
            "end": "2019-07",
            "matricule": "",
            "min_assign": 3,
            "num_resource": 6,
            "start": "2019-01",
            "type_resource": 3
        },
        "31": {
            "capacities": [
                "3"
            ],
            "consumption": 61,
            "end": "2020-02",
            "matricule": "",
            "min_assign": 3,
            "num_resource": 4,
            "start": "2019-08",
            "type_resource": 3
        },
        "32": {
            "capacities": [
                "3"
            ],
            "consumption": 37,
            "end": "2020-10",
            "matricule": "",
            "min_assign": 6,
            "num_resource": 5,
            "start": "2020-03",
            "type_resource": 3
        },
        "33": {
            "capacities": [
                "3"
            ],
            "consumption": 32,
            "end": "2021-04",
            "matricule": "",
            "min_assign": 6,
            "num_resource": 2,
            "start": "2020-11",
            "type_resource": 3
        },
        "34": {
            "capacities": [
                "3"
            ],
            "consumption": 49,
            "end": "2022-04",
            "matricule": "",
            "min_assign": 6,
            "num_resource": 3,
            "start": "2021-05",
            "type_resource": 3
        },
        "35": {
            "capacities": [
                "3"
            ],
            "consumption": 42,
            "end": "2023-04",
            "matricule": "",
            "min_assign": 3,
            "num_resource": 2,
            "start": "2022-05",
            "type_resource": 3
        },
        "36": {
            "capacities": [
                "3"
            ],
            "consumption": 96,
            "end": "2023-11",
            "matricule": "",
            "min_assign": 6,
            "num_resource": 1,
            "start": "2023-05",
            "type_resource": 3
        },
        "37": {
            "capacities": [
                "D",
                "3"
            ],
            "consumption": 78,
            "end": "2024-08",
            "matricule": "",
            "min_assign": 3,
            "num_resource": 5,
            "start": "2023-12",
            "type_resource": 3
        },
        "38": {
            "capacities": [
                "3"
            ],
            "consumption": 67,
            "end": "2025-04",
            "matricule": "",
            "min_assign": 2,
            "num_resource": 4,
            "start": "2024-09",
            "type_resource": 3
        },
        "39": {
            "capacities": [
                "3"
            ],
            "consumption": 37,
            "end": "2025-06",
            "matricule": "",
            "min_assign": 2,
            "num_resource": 2,
            "start": "2025-05",
            "type_resource": 3
        },
        "4": {
            "capacities": [
                "0"
            ],
            "consumption": 38,
            "end": "2022-04",
            "matricule": "",
            "min_assign": 3,
            "num_resource": 2,
            "start": "2021-05",
            "type_resource": 0
        },
        "5": {
            "capacities": [
                "0"
            ],
            "consumption": 61,
            "end": "2022-12",
            "matricule": "",
            "min_assign": 3,
            "num_resource": 6,
            "start": "2022-05",
            "type_resource": 0
        },
        "6": {
            "capacities": [
                "0"
            ],
            "consumption": 57,
            "end": "2023-11",
            "matricule": "",
            "min_assign": 6,
            "num_resource": 4,
            "start": "2023-01",
            "type_resource": 0
        },
        "7": {
            "capacities": [
                "0"
            ],
            "consumption": 48,
            "end": "2024-05",
            "matricule": "",
            "min_assign": 2,
            "num_resource": 6,
            "start": "2023-12",
            "type_resource": 0
        },
        "8": {
            "capacities": [
                "0"
            ],
            "consumption": 74,
            "end": "2025-05",
            "matricule": "",
            "min_assign": 6,
            "num_resource": 5,
            "start": "2024-06",
            "type_resource": 0
        },
        "9": {
            "capacities": [
                "0"
            ],
            "consumption": 51,
            "end": "2025-06",
            "matricule": "",
            "min_assign": 6,
            "num_resource": 5,
            "start": "2025-06",
            "type_resource": 0
        }
    }
}