{
    "hours": {
        "3": {
            "2018-10": -14.0,
            "2018-11": -254.0
        },
        "4": {
            "2022-02": -6.0,
            "2022-03": -432.0
        },
        "8": {
            "2024-08": -42.0
        }
    },
    "resources": {
        "10": {
            "2018-01": 2,
            "2018-02": 2,
            "2018-03": 2,
            "2018-04": 3,
            "2018-05": 3,
            "2018-06": 3,
            "2018-07": 3,
            "2018-08": 2
        },
        "11": {
            "2018-12": 6,
            "2019-01": 6,
            "2019-02": 3,
            "2019-03": 2,
            "2019-04": 2,
            "2019-05": 2,
            "2019-06": 2,
            "2019-07": 2,
            "2019-08": 3,
            "2019-09": 4
        },
        "19": {
            "2018-01": 1,
            "2018-03": 1,
            "2018-04": 1
        },
        "22": {
            "2020-05": 1,
            "2020-06": 1,
            "2020-07": 1,
            "2020-08": 1,
            "2020-09": 1,
            "2020-10": 1
        }
    }
}