{
    "hours": {
        "4": {
            "2020-07": -76.0,
            "2020-08": -163.0
        },
        "7": {
            "2024-01": -15.0,
            "2024-02": -58.0
        },
        "8": {
            "2025-06": -84.0
        }
    },
    "min_assign": {
        "54": {
            "2021-04": {
                "2021-07": {
                    "26": 2
                }
            }
        }
    },
    "resources": {
        "11": {
            "2018-08": 1,
            "2018-09": 1
        },
        "13": {
            "2019-12": 1
        },
        "2": {
            "2019-07": 1,
            "2019-08": 1,
            "2019-09": 1
        }
    }
}