{
    "available": {
        "4": {
            "2018-05": -1,
            "2018-06": -1
        }
    },
    "hours": {
        "1": {
            "2018-09": -51.0,
            "2022-06": -97.0
        },
        "14": {
            "2019-06": -164.0,
            "2020-01": -24.0,
            "2020-04": -49.0
        },
        "15": {
            "2020-03": -58.0,
            "2020-04": -125.0
        },
        "19": {
            "2019-05": -40.0,
            "2019-06": -104.0
        },
        "27": {
            "2021-09": -10.0,
            "2023-11": -10.0,
            "2024-10": -23.0
        },
        "3": {
            "2019-07": -188.0,
            "2019-08": -428.0
        },
        "5": {
            "2018-06": -9.0,
            "2018-07": -9.0,
            "2018-08": -9.0,
            "2018-09": -9.0
        },
        "8": {
            "2022-02": -218.0,
            "2022-03": -458.0
        }
    },
    "resources": {
        "102": {
            "2018-03": 1,
            "2018-04": 1,
            "2018-08": 1,
            "2018-09": 1,
            "2018-10": 2,
            "2018-11": 2,
            "2018-12": 2
        },
        "142": {
            "2023-12": 1
        },
        "148": {
            "2021-01": 1
        },
        "21": {
            "2018-03": 1,
            "2018-04": 1,
            "2018-05": 1,
            "2018-06": 1
        },
        "4": {
            "2021-02": 4,
            "2021-03": 1,
            "2021-04": 1,
            "2021-05": 1,
            "2021-06": 1,
            "2021-07": 1,
            "2021-08": 1,
            "2021-09": 1
        },
        "44": {
            "2019-02": 4,
            "2019-03": 4,
            "2019-04": 4,
            "2019-05": 4,
            "2019-06": 4,
            "2019-07": 4
        },
        "45": {
            "2019-08": 2,
            "2019-11": 1,
            "2019-12": 3,
            "2020-01": 3,
            "2020-02": 3,
            "2020-03": 2,
            "2020-04": 3,
            "2020-05": 4,
            "2020-06": 4,
            "2020-07": 4
        },
        "48": {
            "2021-09": 1
        },
        "92": {
            "2018-01": 1,
            "2018-04": 2,
            "2018-05": 2,
            "2018-06": 2,
            "2018-07": 2
        }
    }
}