{
    "hours": {
        "3": {
            "2018-07": -14.0
        },
        "7": {
            "2018-04": -8.0,
            "2019-09": -249.0
        }
    },
    "resources": {
        "10": {
            "2018-02": 1,
            "2018-03": 1,
            "2018-04": 1,
            "2018-05": 1
        },
        "12": {
            "2019-10": 1
        },
        "16": {
            "2022-12": 1,
            "2023-01": 1
        },
        "20": {
            "2018-01": 2,
            "2018-06": 1,
            "2018-07": 1,
            "2018-08": 1,
            "2018-09": 1,
            "2018-10": 1
        },
        "21": {
            "2018-11": 1,
            "2018-12": 1,
            "2019-01": 1
        }
    }
}