{
    "hours": {
        "2": {
            "2019-02": -121.0
        },
        "3": {
            "2018-12": -47.0,
            "2019-01": -120.0,
            "2019-02": -193.0,
            "2019-03": -266.0,
            "2019-04": -339.0,
            "2019-05": -412.0,
            "2019-06": -485.0,
            "2020-02": -154.0,
            "2020-03": -361.0,
            "2020-04": -568.0,
            "2022-03": -129.0
        },
        "4": {
            "2019-06": -11.0,
            "2020-03": -53.0,
            "2020-04": -467.0
        },
        "5": {
            "2018-03": -207.0,
            "2020-09": -151.0,
            "2020-10": -373.0,
            "2021-02": -88.0,
            "2021-03": -252.0
        },
        "8": {
            "2018-01": -865.0,
            "2018-02": -15.0,
            "2018-03": -15.0,
            "2018-04": -15.0
        }
    },
    "min_assign": {
        "18": {
            "2024-07": {
                "2024-08": {
                    "37": 1
                }
            }
        },
        "50": {
            "2023-06": {
                "2023-09": {
                    "6": 2
                }
            }
        }
    },
    "resources": {
        "1": {
            "2019-09": 1
        },
        "10": {
            "2018-02": 1,
            "2018-03": 1,
            "2018-04": 2,
            "2018-05": 2,
            "2018-06": 2,
            "2018-07": 3,
            "2018-08": 4,
            "2018-09": 4,
            "2018-10": 4,
            "2018-11": 4
        },
        "11": {
            "2018-12": 4,
            "2019-01": 4,
            "2019-02": 4,
            "2019-03": 4,
            "2019-04": 4,
            "2019-05": 4,
            "2019-06": 4,
            "2019-07": 4,
            "2019-08": 6,
            "2019-09": 6
        },
        "12": {
            "2020-05": 1,
            "2020-06": 1,
            "2020-07": 1,
            "2020-08": 1
        },
        "14": {
            "2021-08": 3,
            "2021-09": 3,
            "2021-10": 3,
            "2021-11": 3,
            "2021-12": 3,
            "2022-01": 3,
            "2022-02": 3,
            "2022-03": 3
        },
        "19": {
            "2018-05": 1,
            "2018-06": 2
        },
        "20": {
            "2018-11": 1,
            "2018-12": 1,
            "2019-01": 1,
            "2019-02": 1,
            "2019-03": 2,
            "2019-04": 2,
            "2019-05": 2,
            "2019-06": 3
        },
        "21": {
            "2019-07": 1,
            "2019-08": 1,
            "2019-09": 1,
            "2019-10": 1,
            "2019-11": 1,
            "2019-12": 2,
            "2020-01": 2,
            "2020-02": 2,
            "2020-03": 2,
            "2020-04": 3
        },
        "22": {
            "2020-05": 1,
            "2020-06": 1,
            "2020-07": 1,
            "2020-08": 1,
            "2020-09": 1,
            "2020-10": 2
        },
        "23": {
            "2021-06": 1,
            "2021-07": 2,
            "2021-08": 2,
            "2021-09": 2,
            "2021-10": 2
        },
        "24": {
            "2021-11": 1
        },
        "27": {
            "2023-11": 1,
            "2023-12": 1,
            "2024-01": 1,
            "2024-02": 1,
            "2024-03": 1,
            "2024-04": 2,
            "2024-05": 4,
            "2024-06": 4,
            "2024-07": 1,
            "2024-08": 1
        },
        "30": {
            "2019-01": 2,
            "2019-02": 2,
            "2019-03": 2,
            "2019-04": 2,
            "2019-05": 2,
            "2019-06": 2,
            "2019-07": 2
        },
        "31": {
            "2020-02": 1
        },
        "37": {
            "2023-12": 3,
            "2024-01": 3,
            "2024-02": 1,
            "2024-03": 2,
            "2024-04": 2,
            "2024-05": 3,
            "2024-06": 1
        },
        "5": {
            "2022-05": 1,
            "2022-10": 1,
            "2022-11": 1,
            "2022-12": 1
        },
        "6": {
            "2023-01": 3,
            "2023-02": 2,
            "2023-03": 2,
            "2023-04": 2,
            "2023-05": 1,
            "2023-09": 1,
            "2023-10": 2,
            "2023-11": 3
        },
        "7": {
            "2023-12": 3,
            "2024-01": 3,
            "2024-02": 4,
            "2024-03": 4,
            "2024-04": 4,
            "2024-05": 4
        },
        "8": {
            "2024-06": 4,
            "2025-02": 1,
            "2025-03": 1,
            "2025-04": 1,
            "2025-05": 1
        },
        "9": {
            "2025-06": 5
        }
    }
}