{
    "available": {
        "11": {
            "2018-01": -1,
            "2018-02": -1
        }
    },
    "hours": {
        "5": {
            "2022-02": -140.0,
            "2022-03": -140.0
        },
        "8": {
            "2025-05": -36.0,
            "2025-06": -240.0
        }
    },
    "resources": {
        "27": {
            "2022-07": 1,
            "2022-08": 1,
            "2023-03": 1,
            "2023-04": 1
        },
        "29": {
            "2024-01": 3,
            "2024-02": 2,
            "2024-12": 1
        }
    }
}