{
    "hours": {
        "10": {
            "2020-05": -154.0
        },
        "6": {
            "2021-11": -36.0
        },
        "7": {
            "2024-02": -12.0,
            "2024-03": -96.0
        },
        "8": {
            "2019-05": -28.0
        },
        "9": {
            "2022-01": -252.0,
            "2022-03": -226.0
        }
    },
    "resources": {
        "38": {
            "2023-01": 3,
            "2023-06": 1,
            "2023-07": 1,
            "2023-08": 1,
            "2023-10": 1,
            "2023-11": 1
        },
        "44": {
            "2019-02": 6,
            "2019-03": 6,
            "2019-04": 6,
            "2019-05": 6,
            "2019-06": 6,
            "2019-07": 6
        }
    }
}