{
    "elapsed": {
        "M": {
            "43": {
                "2025-06": 0
            }
        }
    },
    "hours": {
        "3": {
            "2018-09": -14.0,
            "2018-10": -254.0,
            "2018-11": -494.0
        },
        "4": {
            "2022-02": -59.0,
            "2022-03": -485.0
        },
        "5": {
            "2020-04": -4.0
        },
        "8": {
            "2024-07": -120.0
        }
    },
    "resources": {
        "10": {
            "2018-01": 1,
            "2018-02": 3,
            "2018-03": 3,
            "2018-04": 3,
            "2018-05": 3,
            "2018-06": 1
        },
        "11": {
            "2018-12": 3,
            "2019-01": 2,
            "2019-02": 2,
            "2019-03": 2,
            "2019-06": 2,
            "2019-07": 3,
            "2019-08": 4,
            "2019-09": 4
        },
        "12": {
            "2019-10": 4,
            "2019-11": 2,
            "2019-12": 1,
            "2020-01": 1
        },
        "14": {
            "2021-08": 4
        },
        "19": {
            "2018-01": 2,
            "2018-02": 1,
            "2018-03": 1
        },
        "20": {
            "2018-07": 1
        },
        "21": {
            "2019-07": 2,
            "2019-08": 1
        },
        "37": {
            "2024-08": 1
        }
    }
}