{
    "hours": {
        "3": {
            "2019-01": -54.0,
            "2023-02": -76.0,
            "2023-03": -168.0,
            "2023-04": -260.0
        }
    },
    "resources": {
        "12": {
            "2019-01": 1
        },
        "13": {
            "2019-09": 2,
            "2019-10": 2,
            "2019-11": 1
        },
        "14": {
            "2020-07": 1,
            "2021-01": 1
        },
        "20": {
            "2018-01": 1,
            "2018-02": 1,
            "2018-03": 1,
            "2018-05": 1,
            "2018-06": 2,
            "2018-07": 2,
            "2018-08": 2,
            "2018-09": 2,
            "2018-10": 2
        },
        "21": {
            "2018-11": 5,
            "2018-12": 5,
            "2019-01": 5
        },
        "22": {
            "2019-06": 2,
            "2019-07": 1,
            "2019-08": 1,
            "2019-09": 1,
            "2019-10": 2,
            "2019-11": 1,
            "2019-12": 1,
            "2020-01": 2,
            "2020-02": 1,
            "2020-03": 1,
            "2020-04": 1,
            "2020-05": 1
        },
        "23": {
            "2020-06": 1,
            "2020-07": 1
        },
        "24": {
            "2021-05": 4,
            "2021-06": 4,
            "2021-07": 4,
            "2021-08": 1,
            "2021-09": 1,
            "2021-10": 1,
            "2021-11": 2,
            "2021-12": 1,
            "2022-01": 1,
            "2022-02": 1
        },
        "25": {
            "2022-03": 1,
            "2022-04": 1
        }
    }
}