{
    "capacity": {
        "1": {
            "2022-09": -1
        }
    },
    "hours": {
        "1": {
            "2021-01": -44.0,
            "2021-10": -11.0
        },
        "4": {
            "2025-04": -20.0
        }
    },
    "resources": {
        "1": {
            "2018-12": 2,
            "2019-01": 2,
            "2019-02": 1,
            "2019-03": 1,
            "2019-04": 1,
            "2019-05": 1,
            "2019-06": 1,
            "2019-07": 1
        },
        "10": {
            "2018-05": 1,
            "2018-06": 1,
            "2018-07": 1
        },
        "16": {
            "2022-12": 2,
            "2023-01": 2,
            "2023-02": 1,
            "2023-03": 1,
            "2023-04": 1,
            "2023-05": 1,
            "2023-06": 1,
            "2023-07": 1
        },
        "2": {
            "2019-08": 2,
            "2019-09": 2,
            "2020-07": 1
        },
        "4": {
            "2021-02": 6,
            "2021-03": 4,
            "2021-04": 4,
            "2021-05": 4,
            "2021-06": 4,
            "2021-07": 4,
            "2021-08": 4,
            "2021-09": 4,
            "2021-10": 4
        },
        "7": {
            "2023-03": 1
        },
        "8": {
            "2024-02": 1,
            "2024-03": 1
        }
    }
}