{
    "available": {
        "22": {
            "2018-04": -1,
            "2018-05": -1,
            "2018-06": -1
        }
    },
    "elapsed": {
        "M": {
            "36": {
                "2025-06": 0
            },
            "80": {
                "2025-06": 0
            }
        }
    },
    "hours": {
        "13": {
            "2018-11": -30.0,
            "2018-12": -141.0
        },
        "14": {
            "2018-12": -35.0,
            "2020-06": -14.0
        },
        "20": {
            "2021-05": -9.0
        },
        "22": {
            "2020-05": -2.0,
            "2020-06": -2.0,
            "2020-07": -2.0,
            "2020-08": -2.0,
            "2020-09": -2.0,
            "2020-10": -2.0,
            "2020-11": -2.0,
            "2020-12": -2.0,
            "2021-01": -2.0,
            "2021-02": -2.0,
            "2021-03": -2.0,
            "2021-04": -2.0,
            "2021-05": -2.0,
            "2021-06": -2.0,
            "2021-07": -2.0,
            "2021-08": -2.0,
            "2021-09": -2.0,
            "2021-10": -2.0,
            "2021-11": -2.0,
            "2021-12": -2.0,
            "2022-01": -2.0,
            "2022-02": -2.0,
            "2022-03": -2.0,
            "2022-04": -2.0,
            "2022-05": -2.0,
            "2022-06": -2.0,
            "2022-07": -2.0,
            "2023-05": -10.0
        },
        "23": {
            "2020-03": -6.0,
            "2020-04": -189.0,
            "2020-08": -3.0,
            "2020-09": -186.0,
            "2021-08": -21.0
        },
        "8": {
            "2018-09": -28.0
        }
    },
    "resources": {
        "105": {
            "2018-01": 3,
            "2018-02": 2,
            "2018-03": 2,
            "2018-04": 2,
            "2018-05": 2,
            "2018-06": 2,
            "2018-07": 2,
            "2018-08": 2,
            "2018-09": 2,
            "2018-10": 2,
            "2018-11": 3
        },
        "128": {
            "2018-01": 4,
            "2018-02": 4,
            "2018-03": 5,
            "2018-04": 5,
            "2018-05": 5,
            "2018-06": 5,
            "2018-07": 5
        },
        "129": {
            "2018-08": 6,
            "2018-09": 6,
            "2018-10": 6,
            "2018-11": 6,
            "2018-12": 6,
            "2019-01": 6
        },
        "131": {
            "2019-10": 1,
            "2019-11": 1,
            "2019-12": 2,
            "2020-06": 1,
            "2020-07": 1,
            "2020-08": 1,
            "2020-09": 1
        },
        "133": {
            "2021-07": 2,
            "2021-08": 2,
            "2021-09": 2,
            "2021-10": 2,
            "2021-11": 2,
            "2022-02": 1,
            "2022-03": 1
        },
        "57": {
            "2020-06": 2,
            "2020-07": 2
        },
        "61": {
            "2023-09": 1
        },
        "93": {
            "2018-01": 1,
            "2018-02": 1,
            "2018-03": 1,
            "2018-04": 1,
            "2018-05": 2,
            "2018-06": 3
        },
        "96": {
            "2020-05": 1,
            "2020-06": 1
        }
    }
}