{
    "state_m": {
        "0": {
            "2021-04": {
                "M": 1
            },
            "2021-05": {
                "M": 1
            },
            "2021-06": {
                "M": 1
            },
            "2021-07": {
                "M": 1
            },
            "2021-08": {
                "M": 1
            },
            "2021-09": {
                "M": 1
            }
        },
        "1": {
            "2021-10": {
                "M": 1
            },
            "2021-11": {
                "M": 1
            },
            "2021-12": {
                "M": 1
            },
            "2022-01": {
                "M": 1
            },
            "2022-02": {
                "M": 1
            },
            "2022-03": {
                "M": 1
            }
        },
        "10": {
            "2018-10": {
                "M": 1
            },
            "2018-11": {
                "M": 1
            },
            "2018-12": {
                "M": 1
            },
            "2019-01": {
                "M": 1
            },
            "2019-02": {
                "M": 1
            },
            "2019-03": {
                "M": 1
            },
            "2023-01": {
                "M": 1
            },
            "2023-02": {
                "M": 1
            },
            "2023-03": {
                "M": 1
            },
            "2023-04": {
                "M": 1
            },
            "2023-05": {
                "M": 1
            },
            "2023-06": {
                "M": 1
            }
        },
        "11": {
            "2022-09": {
                "M": 1
            },
            "2022-10": {
                "M": 1
            },
            "2022-11": {
                "M": 1
            },
            "2022-12": {
                "M": 1
            },
            "2023-01": {
                "M": 1
            },
            "2023-02": {
                "M": 1
            }
        },
        "12": {
            "2018-10": {
                "M": 1
            },
            "2018-11": {
                "M": 1
            },
            "2018-12": {
                "M": 1
            },
            "2019-01": {
                "M": 1
            },
            "2019-02": {
                "M": 1
            },
            "2019-03": {
                "M": 1
            },
            "2024-03": {
                "M": 1
            },
            "2024-04": {
                "M": 1
            },
            "2024-05": {
                "M": 1
            },
            "2024-06": {
                "M": 1
            },
            "2024-07": {
                "M": 1
            },
            "2024-08": {
                "M": 1
            }
        },
        "13": {
            "2021-11": {
                "M": 1
            },
            "2021-12": {
                "M": 1
            },
            "2022-01": {
                "M": 1
            },
            "2022-02": {
                "M": 1
            },
            "2022-03": {
                "M": 1
            },
            "2022-04": {
                "M": 1
            }
        },
        "14": {
            "2018-12": {
                "M": 1
            },
            "2019-01": {
                "M": 1
            },
            "2019-02": {
                "M": 1
            },
            "2019-03": {
                "M": 1
            },
            "2019-04": {
                "M": 1
            },
            "2019-05": {
                "M": 1
            },
            "2024-05": {
                "M": 1
            },
            "2024-06": {
                "M": 1
            },
            "2024-07": {
                "M": 1
            },
            "2024-08": {
                "M": 1
            },
            "2024-09": {
                "M": 1
            },
            "2024-10": {
                "M": 1
            }
        },
        "15": {
            "2021-10": {
                "M": 1
            },
            "2021-11": {
                "M": 1
            },
            "2021-12": {
                "M": 1
            },
            "2022-01": {
                "M": 1
            },
            "2022-02": {
                "M": 1
            },
            "2022-03": {
                "M": 1
            }
        },
        "16": {
            "2021-09": {
                "M": 1
            },
            "2021-10": {
                "M": 1
            },
            "2021-11": {
                "M": 1
            },
            "2021-12": {
                "M": 1
            },
            "2022-01": {
                "M": 1
            },
            "2022-02": {
                "M": 1
            }
        },
        "17": {
            "2020-07": {
                "M": 1
            },
            "2020-08": {
                "M": 1
            },
            "2020-09": {
                "M": 1
            },
            "2020-10": {
                "M": 1
            },
            "2020-11": {
                "M": 1
            },
            "2020-12": {
                "M": 1
            },
            "2024-10": {
                "M": 1
            },
            "2024-11": {
                "M": 1
            },
            "2024-12": {
                "M": 1
            },
            "2025-01": {
                "M": 1
            },
            "2025-02": {
                "M": 1
            },
            "2025-03": {
                "M": 1
            }
        },
        "18": {
            "2022-03": {
                "M": 1
            },
            "2022-04": {
                "M": 1
            },
            "2022-05": {
                "M": 1
            },
            "2022-06": {
                "M": 1
            },
            "2022-07": {
                "M": 1
            },
            "2022-08": {
                "M": 1
            }
        },
        "19": {
            "2019-06": {
                "M": 1
            },
            "2019-07": {
                "M": 1
            },
            "2019-08": {
                "M": 1
            },
            "2019-09": {
                "M": 1
            },
            "2019-10": {
                "M": 1
            },
            "2019-11": {
                "M": 1
            },
            "2024-05": {
                "M": 1
            },
            "2024-06": {
                "M": 1
            },
            "2024-07": {
                "M": 1
            },
            "2024-08": {
                "M": 1
            },
            "2024-09": {
                "M": 1
            },
            "2024-10": {
                "M": 1
            }
        },
        "2": {
            "2019-06": {
                "M": 1
            },
            "2019-07": {
                "M": 1
            },
            "2019-08": {
                "M": 1
            },
            "2019-09": {
                "M": 1
            },
            "2019-10": {
                "M": 1
            },
            "2019-11": {
                "M": 1
            },
            "2023-09": {
                "M": 1
            },
            "2023-10": {
                "M": 1
            },
            "2023-11": {
                "M": 1
            },
            "2023-12": {
                "M": 1
            },
            "2024-01": {
                "M": 1
            },
            "2024-02": {
                "M": 1
            }
        },
        "20": {
            "2018-05": {
                "M": 1
            },
            "2018-06": {
                "M": 1
            },
            "2018-07": {
                "M": 1
            },
            "2018-08": {
                "M": 1
            },
            "2018-09": {
                "M": 1
            },
            "2018-10": {
                "M": 1
            },
            "2023-10": {
                "M": 1
            },
            "2023-11": {
                "M": 1
            },
            "2023-12": {
                "M": 1
            },
            "2024-01": {
                "M": 1
            },
            "2024-02": {
                "M": 1
            },
            "2024-03": {
                "M": 1
            }
        },
        "21": {
            "2018-07": {
                "M": 1
            },
            "2018-08": {
                "M": 1
            },
            "2018-09": {
                "M": 1
            },
            "2018-10": {
                "M": 1
            },
            "2018-11": {
                "M": 1
            },
            "2018-12": {
                "M": 1
            },
            "2023-12": {
                "M": 1
            },
            "2024-01": {
                "M": 1
            },
            "2024-02": {
                "M": 1
            },
            "2024-03": {
                "M": 1
            },
            "2024-04": {
                "M": 1
            },
            "2024-05": {
                "M": 1
            }
        },
        "22": {
            "2018-08": {
                "M": 1
            },
            "2018-09": {
                "M": 1
            },
            "2018-10": {
                "M": 1
            },
            "2018-11": {
                "M": 1
            },
            "2018-12": {
                "M": 1
            },
            "2019-01": {
                "M": 1
            },
            "2023-06": {
                "M": 1
            },
            "2023-07": {
                "M": 1
            },
            "2023-08": {
                "M": 1
            },
            "2023-09": {
                "M": 1
            },
            "2023-10": {
                "M": 1
            },
            "2023-11": {
                "M": 1
            }
        },
        "23": {
            "2020-01": {
                "M": 1
            },
            "2020-02": {
                "M": 1
            },
            "2020-03": {
                "M": 1
            },
            "2020-04": {
                "M": 1
            },
            "2020-05": {
                "M": 1
            },
            "2020-06": {
                "M": 1
            },
            "2024-08": {
                "M": 1
            },
            "2024-09": {
                "M": 1
            },
            "2024-10": {
                "M": 1
            },
            "2024-11": {
                "M": 1
            },
            "2024-12": {
                "M": 1
            },
            "2025-01": {
                "M": 1
            }
        },
        "24": {
            "2022-04": {
                "M": 1
            },
            "2022-05": {
                "M": 1
            },
            "2022-06": {
                "M": 1
            },
            "2022-07": {
                "M": 1
            },
            "2022-08": {
                "M": 1
            },
            "2022-09": {
                "M": 1
            }
        },
        "25": {
            "2018-07": {
                "M": 1
            },
            "2018-08": {
                "M": 1
            },
            "2018-09": {
                "M": 1
            },
            "2018-10": {
                "M": 1
            },
            "2018-11": {
                "M": 1
            },
            "2018-12": {
                "M": 1
            },
            "2022-10": {
                "M": 1
            },
            "2022-11": {
                "M": 1
            },
            "2022-12": {
                "M": 1
            },
            "2023-01": {
                "M": 1
            },
            "2023-02": {
                "M": 1
            },
            "2023-03": {
                "M": 1
            }
        },
        "26": {
            "2020-10": {
                "M": 1
            },
            "2020-11": {
                "M": 1
            },
            "2020-12": {
                "M": 1
            },
            "2021-01": {
                "M": 1
            },
            "2021-02": {
                "M": 1
            },
            "2021-03": {
                "M": 1
            },
            "2025-01": {
                "M": 1
            },
            "2025-02": {
                "M": 1
            },
            "2025-03": {
                "M": 1
            },
            "2025-04": {
                "M": 1
            },
            "2025-05": {
                "M": 1
            },
            "2025-06": {
                "M": 1
            }
        },
        "27": {
            "2022-02": {
                "M": 1
            },
            "2022-03": {
                "M": 1
            },
            "2022-04": {
                "M": 1
            },
            "2022-05": {
                "M": 1
            },
            "2022-06": {
                "M": 1
            },
            "2022-07": {
                "M": 1
            }
        },
        "28": {
            "2018-12": {
                "M": 1
            },
            "2019-01": {
                "M": 1
            },
            "2019-02": {
                "M": 1
            },
            "2019-03": {
                "M": 1
            },
            "2019-04": {
                "M": 1
            },
            "2019-05": {
                "M": 1
            },
            "2023-07": {
                "M": 1
            },
            "2023-08": {
                "M": 1
            },
            "2023-09": {
                "M": 1
            },
            "2023-10": {
                "M": 1
            },
            "2023-11": {
                "M": 1
            },
            "2023-12": {
                "M": 1
            }
        },
        "29": {
            "2020-04": {
                "M": 1
            },
            "2020-05": {
                "M": 1
            },
            "2020-06": {
                "M": 1
            },
            "2020-07": {
                "M": 1
            },
            "2020-08": {
                "M": 1
            },
            "2020-09": {
                "M": 1
            }
        },
        "3": {
            "2022-04": {
                "M": 1
            },
            "2022-05": {
                "M": 1
            },
            "2022-06": {
                "M": 1
            },
            "2022-07": {
                "M": 1
            },
            "2022-08": {
                "M": 1
            },
            "2022-09": {
                "M": 1
            }
        },
        "30": {
            "2021-05": {
                "M": 1
            },
            "2021-06": {
                "M": 1
            },
            "2021-07": {
                "M": 1
            },
            "2021-08": {
                "M": 1
            },
            "2021-09": {
                "M": 1
            },
            "2021-10": {
                "M": 1
            }
        },
        "31": {
            "2022-04": {
                "M": 1
            },
            "2022-05": {
                "M": 1
            },
            "2022-06": {
                "M": 1
            },
            "2022-07": {
                "M": 1
            },
            "2022-08": {
                "M": 1
            },
            "2022-09": {
                "M": 1
            }
        },
        "32": {
            "2018-01": {
                "M": 1
            },
            "2018-02": {
                "M": 1
            },
            "2018-03": {
                "M": 1
            },
            "2018-04": {
                "M": 1
            },
            "2018-05": {
                "M": 1
            },
            "2022-03": {
                "M": 1
            },
            "2022-04": {
                "M": 1
            },
            "2022-05": {
                "M": 1
            },
            "2022-06": {
                "M": 1
            },
            "2022-07": {
                "M": 1
            },
            "2022-08": {
                "M": 1
            }
        },
        "33": {
            "2022-05": {
                "M": 1
            },
            "2022-06": {
                "M": 1
            },
            "2022-07": {
                "M": 1
            },
            "2022-08": {
                "M": 1
            },
            "2022-09": {
                "M": 1
            },
            "2022-10": {
                "M": 1
            }
        },
        "34": {
            "2019-10": {
                "M": 1
            },
            "2019-11": {
                "M": 1
            },
            "2019-12": {
                "M": 1
            },
            "2020-01": {
                "M": 1
            },
            "2020-02": {
                "M": 1
            },
            "2020-03": {
                "M": 1
            },
            "2024-11": {
                "M": 1
            },
            "2024-12": {
                "M": 1
            },
            "2025-01": {
                "M": 1
            },
            "2025-02": {
                "M": 1
            },
            "2025-03": {
                "M": 1
            },
            "2025-04": {
                "M": 1
            }
        },
        "35": {
            "2020-06": {
                "M": 1
            },
            "2020-07": {
                "M": 1
            },
            "2020-08": {
                "M": 1
            },
            "2020-09": {
                "M": 1
            },
            "2020-10": {
                "M": 1
            },
            "2020-11": {
                "M": 1
            },
            "2024-09": {
                "M": 1
            },
            "2024-10": {
                "M": 1
            },
            "2024-11": {
                "M": 1
            },
            "2024-12": {
                "M": 1
            },
            "2025-01": {
                "M": 1
            },
            "2025-02": {
                "M": 1
            }
        },
        "36": {
            "2018-01": {
                "M": 1
            },
            "2018-02": {
                "M": 1
            },
            "2018-03": {
                "M": 1
            },
            "2018-04": {
                "M": 1
            },
            "2018-05": {
                "M": 1
            },
            "2018-06": {
                "M": 1
            },
            "2022-04": {
                "M": 1
            },
            "2022-05": {
                "M": 1
            },
            "2022-06": {
                "M": 1
            },
            "2022-07": {
                "M": 1
            },
            "2022-08": {
                "M": 1
            },
            "2022-09": {
                "M": 1
            }
        },
        "37": {
            "2021-07": {
                "M": 1
            },
            "2021-08": {
                "M": 1
            },
            "2021-09": {
                "M": 1
            },
            "2021-10": {
                "M": 1
            },
            "2021-11": {
                "M": 1
            },
            "2021-12": {
                "M": 1
            }
        },
        "38": {
            "2021-02": {
                "M": 1
            },
            "2021-03": {
                "M": 1
            },
            "2021-04": {
                "M": 1
            },
            "2021-05": {
                "M": 1
            },
            "2021-06": {
                "M": 1
            },
            "2021-07": {
                "M": 1
            },
            "2025-05": {
                "M": 1
            },
            "2025-06": {
                "M": 1
            }
        },
        "39": {
            "2019-10": {
                "M": 1
            },
            "2019-11": {
                "M": 1
            },
            "2019-12": {
                "M": 1
            },
            "2020-01": {
                "M": 1
            },
            "2020-02": {
                "M": 1
            },
            "2020-03": {
                "M": 1
            },
            "2024-01": {
                "M": 1
            },
            "2024-02": {
                "M": 1
            },
            "2024-03": {
                "M": 1
            },
            "2024-04": {
                "M": 1
            },
            "2024-05": {
                "M": 1
            },
            "2024-06": {
                "M": 1
            }
        },
        "4": {
            "2021-10": {
                "M": 1
            },
            "2021-11": {
                "M": 1
            },
            "2021-12": {
                "M": 1
            },
            "2022-01": {
                "M": 1
            },
            "2022-02": {
                "M": 1
            },
            "2022-03": {
                "M": 1
            }
        },
        "40": {
            "2018-04": {
                "M": 1
            },
            "2018-05": {
                "M": 1
            },
            "2018-06": {
                "M": 1
            },
            "2018-07": {
                "M": 1
            },
            "2018-08": {
                "M": 1
            },
            "2018-09": {
                "M": 1
            },
            "2022-10": {
                "M": 1
            },
            "2022-11": {
                "M": 1
            },
            "2022-12": {
                "M": 1
            },
            "2023-01": {
                "M": 1
            },
            "2023-02": {
                "M": 1
            },
            "2023-03": {
                "M": 1
            }
        },
        "41": {
            "2021-08": {
                "M": 1
            },
            "2021-09": {
                "M": 1
            },
            "2021-10": {
                "M": 1
            },
            "2021-11": {
                "M": 1
            },
            "2021-12": {
                "M": 1
            },
            "2022-01": {
                "M": 1
            }
        },
        "42": {
            "2022-02": {
                "M": 1
            },
            "2022-03": {
                "M": 1
            },
            "2022-04": {
                "M": 1
            },
            "2022-05": {
                "M": 1
            },
            "2022-06": {
                "M": 1
            },
            "2022-07": {
                "M": 1
            }
        },
        "43": {
            "2021-12": {
                "M": 1
            },
            "2022-01": {
                "M": 1
            },
            "2022-02": {
                "M": 1
            },
            "2022-03": {
                "M": 1
            },
            "2022-04": {
                "M": 1
            },
            "2022-05": {
                "M": 1
            }
        },
        "44": {
            "2019-07": {
                "M": 1
            },
            "2019-08": {
                "M": 1
            },
            "2019-09": {
                "M": 1
            },
            "2019-10": {
                "M": 1
            },
            "2019-11": {
                "M": 1
            },
            "2019-12": {
                "M": 1
            },
            "2024-12": {
                "M": 1
            },
            "2025-01": {
                "M": 1
            },
            "2025-02": {
                "M": 1
            },
            "2025-03": {
                "M": 1
            },
            "2025-04": {
                "M": 1
            },
            "2025-05": {
                "M": 1
            }
        },
        "45": {
            "2018-01": {
                "M": 1
            },
            "2018-02": {
                "M": 1
            },
            "2018-03": {
                "M": 1
            },
            "2018-04": {
                "M": 1
            },
            "2018-05": {
                "M": 1
            },
            "2018-06": {
                "M": 1
            },
            "2023-04": {
                "M": 1
            },
            "2023-05": {
                "M": 1
            },
            "2023-06": {
                "M": 1
            },
            "2023-07": {
                "M": 1
            },
            "2023-08": {
                "M": 1
            },
            "2023-09": {
                "M": 1
            }
        },
        "46": {
            "2021-02": {
                "M": 1
            },
            "2021-03": {
                "M": 1
            },
            "2021-04": {
                "M": 1
            },
            "2021-05": {
                "M": 1
            },
            "2021-06": {
                "M": 1
            },
            "2021-07": {
                "M": 1
            },
            "2025-05": {
                "M": 1
            },
            "2025-06": {
                "M": 1
            }
        },
        "47": {
            "2020-10": {
                "M": 1
            },
            "2020-11": {
                "M": 1
            },
            "2020-12": {
                "M": 1
            },
            "2021-01": {
                "M": 1
            },
            "2021-02": {
                "M": 1
            },
            "2021-03": {
                "M": 1
            },
            "2025-01": {
                "M": 1
            },
            "2025-02": {
                "M": 1
            },
            "2025-03": {
                "M": 1
            },
            "2025-04": {
                "M": 1
            },
            "2025-05": {
                "M": 1
            },
            "2025-06": {
                "M": 1
            }
        },
        "48": {
            "2018-06": {
                "M": 1
            },
            "2018-07": {
                "M": 1
            },
            "2018-08": {
                "M": 1
            },
            "2018-09": {
                "M": 1
            },
            "2018-10": {
                "M": 1
            },
            "2018-11": {
                "M": 1
            },
            "2022-09": {
                "M": 1
            },
            "2022-10": {
                "M": 1
            },
            "2022-11": {
                "M": 1
            },
            "2022-12": {
                "M": 1
            },
            "2023-01": {
                "M": 1
            },
            "2023-02": {
                "M": 1
            }
        },
        "49": {
            "2020-10": {
                "M": 1
            },
            "2020-11": {
                "M": 1
            },
            "2020-12": {
                "M": 1
            },
            "2021-01": {
                "M": 1
            },
            "2021-02": {
                "M": 1
            },
            "2021-03": {
                "M": 1
            },
            "2025-01": {
                "M": 1
            },
            "2025-02": {
                "M": 1
            },
            "2025-03": {
                "M": 1
            },
            "2025-04": {
                "M": 1
            },
            "2025-05": {
                "M": 1
            },
            "2025-06": {
                "M": 1
            }
        },
        "5": {
            "2018-08": {
                "M": 1
            },
            "2018-09": {
                "M": 1
            },
            "2018-10": {
                "M": 1
            },
            "2018-11": {
                "M": 1
            },
            "2018-12": {
                "M": 1
            },
            "2019-01": {
                "M": 1
            },
            "2024-01": {
                "M": 1
            },
            "2024-02": {
                "M": 1
            },
            "2024-03": {
                "M": 1
            },
            "2024-04": {
                "M": 1
            },
            "2024-05": {
                "M": 1
            },
            "2024-06": {
                "M": 1
            }
        },
        "50": {
            "2018-01": {
                "M": 1
            },
            "2018-02": {
                "M": 1
            },
            "2018-03": {
                "M": 1
            },
            "2018-04": {
                "M": 1
            },
            "2018-05": {
                "M": 1
            },
            "2018-06": {
                "M": 1
            },
            "2023-06": {
                "M": 1
            },
            "2023-07": {
                "M": 1
            },
            "2023-08": {
                "M": 1
            },
            "2023-09": {
                "M": 1
            },
            "2023-10": {
                "M": 1
            },
            "2023-11": {
                "M": 1
            }
        },
        "51": {
            "2020-12": {
                "M": 1
            },
            "2021-01": {
                "M": 1
            },
            "2021-02": {
                "M": 1
            },
            "2021-03": {
                "M": 1
            },
            "2021-04": {
                "M": 1
            },
            "2021-05": {
                "M": 1
            },
            "2025-03": {
                "M": 1
            },
            "2025-04": {
                "M": 1
            },
            "2025-05": {
                "M": 1
            },
            "2025-06": {
                "M": 1
            }
        },
        "52": {
            "2019-09": {
                "M": 1
            },
            "2019-10": {
                "M": 1
            },
            "2019-11": {
                "M": 1
            },
            "2019-12": {
                "M": 1
            },
            "2020-01": {
                "M": 1
            },
            "2020-02": {
                "M": 1
            },
            "2023-12": {
                "M": 1
            },
            "2024-01": {
                "M": 1
            },
            "2024-02": {
                "M": 1
            },
            "2024-03": {
                "M": 1
            },
            "2024-04": {
                "M": 1
            },
            "2024-05": {
                "M": 1
            }
        },
        "53": {
            "2022-04": {
                "M": 1
            },
            "2022-05": {
                "M": 1
            },
            "2022-06": {
                "M": 1
            },
            "2022-07": {
                "M": 1
            },
            "2022-08": {
                "M": 1
            },
            "2022-09": {
                "M": 1
            }
        },
        "54": {
            "2018-01": {
                "M": 1
            },
            "2018-02": {
                "M": 1
            },
            "2018-03": {
                "M": 1
            },
            "2018-04": {
                "M": 1
            },
            "2018-05": {
                "M": 1
            },
            "2023-05": {
                "M": 1
            },
            "2023-06": {
                "M": 1
            },
            "2023-07": {
                "M": 1
            },
            "2023-08": {
                "M": 1
            },
            "2023-09": {
                "M": 1
            },
            "2023-10": {
                "M": 1
            }
        },
        "55": {
            "2018-04": {
                "M": 1
            },
            "2018-05": {
                "M": 1
            },
            "2018-06": {
                "M": 1
            },
            "2018-07": {
                "M": 1
            },
            "2018-08": {
                "M": 1
            },
            "2018-09": {
                "M": 1
            },
            "2023-09": {
                "M": 1
            },
            "2023-10": {
                "M": 1
            },
            "2023-11": {
                "M": 1
            },
            "2023-12": {
                "M": 1
            },
            "2024-01": {
                "M": 1
            },
            "2024-02": {
                "M": 1
            }
        },
        "56": {
            "2022-06": {
                "M": 1
            },
            "2022-07": {
                "M": 1
            },
            "2022-08": {
                "M": 1
            },
            "2022-09": {
                "M": 1
            },
            "2022-10": {
                "M": 1
            },
            "2022-11": {
                "M": 1
            }
        },
        "57": {
            "2020-07": {
                "M": 1
            },
            "2020-08": {
                "M": 1
            },
            "2020-09": {
                "M": 1
            },
            "2020-10": {
                "M": 1
            },
            "2020-11": {
                "M": 1
            },
            "2020-12": {
                "M": 1
            },
            "2024-10": {
                "M": 1
            },
            "2024-11": {
                "M": 1
            },
            "2024-12": {
                "M": 1
            },
            "2025-01": {
                "M": 1
            },
            "2025-02": {
                "M": 1
            },
            "2025-03": {
                "M": 1
            }
        },
        "58": {
            "2019-08": {
                "M": 1
            },
            "2019-09": {
                "M": 1
            },
            "2019-10": {
                "M": 1
            },
            "2019-11": {
                "M": 1
            },
            "2019-12": {
                "M": 1
            },
            "2020-01": {
                "M": 1
            },
            "2024-10": {
                "M": 1
            },
            "2024-11": {
                "M": 1
            },
            "2024-12": {
                "M": 1
            },
            "2025-01": {
                "M": 1
            },
            "2025-02": {
                "M": 1
            },
            "2025-03": {
                "M": 1
            }
        },
        "59": {
            "2021-07": {
                "M": 1
            },
            "2021-08": {
                "M": 1
            },
            "2021-09": {
                "M": 1
            },
            "2021-10": {
                "M": 1
            },
            "2021-11": {
                "M": 1
            },
            "2021-12": {
                "M": 1
            }
        },
        "6": {
            "2019-02": {
                "M": 1
            },
            "2019-03": {
                "M": 1
            },
            "2019-04": {
                "M": 1
            },
            "2019-05": {
                "M": 1
            },
            "2019-06": {
                "M": 1
            },
            "2019-07": {
                "M": 1
            },
            "2024-07": {
                "M": 1
            },
            "2024-08": {
                "M": 1
            },
            "2024-09": {
                "M": 1
            },
            "2024-10": {
                "M": 1
            },
            "2024-11": {
                "M": 1
            },
            "2024-12": {
                "M": 1
            }
        },
        "60": {
            "2022-04": {
                "M": 1
            },
            "2022-05": {
                "M": 1
            },
            "2022-06": {
                "M": 1
            },
            "2022-07": {
                "M": 1
            },
            "2022-08": {
                "M": 1
            },
            "2022-09": {
                "M": 1
            }
        },
        "61": {
            "2021-03": {
                "M": 1
            },
            "2021-04": {
                "M": 1
            },
            "2021-05": {
                "M": 1
            },
            "2021-06": {
                "M": 1
            },
            "2021-07": {
                "M": 1
            },
            "2021-08": {
                "M": 1
            }
        },
        "62": {
            "2020-04": {
                "M": 1
            },
            "2020-05": {
                "M": 1
            },
            "2020-06": {
                "M": 1
            },
            "2020-07": {
                "M": 1
            },
            "2020-08": {
                "M": 1
            },
            "2020-09": {
                "M": 1
            },
            "2024-07": {
                "M": 1
            },
            "2024-08": {
                "M": 1
            },
            "2024-09": {
                "M": 1
            },
            "2024-10": {
                "M": 1
            },
            "2024-11": {
                "M": 1
            },
            "2024-12": {
                "M": 1
            }
        },
        "63": {
            "2018-01": {
                "M": 1
            },
            "2022-09": {
                "M": 1
            },
            "2022-10": {
                "M": 1
            },
            "2022-11": {
                "M": 1
            },
            "2022-12": {
                "M": 1
            },
            "2023-01": {
                "M": 1
            },
            "2023-02": {
                "M": 1
            }
        },
        "64": {
            "2018-11": {
                "M": 1
            },
            "2018-12": {
                "M": 1
            },
            "2019-01": {
                "M": 1
            },
            "2019-02": {
                "M": 1
            },
            "2019-03": {
                "M": 1
            },
            "2019-04": {
                "M": 1
            },
            "2023-02": {
                "M": 1
            },
            "2023-03": {
                "M": 1
            },
            "2023-04": {
                "M": 1
            },
            "2023-05": {
                "M": 1
            },
            "2023-06": {
                "M": 1
            },
            "2023-07": {
                "M": 1
            }
        },
        "65": {
            "2019-08": {
                "M": 1
            },
            "2019-09": {
                "M": 1
            },
            "2019-10": {
                "M": 1
            },
            "2019-11": {
                "M": 1
            },
            "2019-12": {
                "M": 1
            },
            "2020-01": {
                "M": 1
            },
            "2023-11": {
                "M": 1
            },
            "2023-12": {
                "M": 1
            },
            "2024-01": {
                "M": 1
            },
            "2024-02": {
                "M": 1
            },
            "2024-03": {
                "M": 1
            },
            "2024-04": {
                "M": 1
            }
        },
        "66": {
            "2022-12": {
                "M": 1
            },
            "2023-01": {
                "M": 1
            },
            "2023-02": {
                "M": 1
            },
            "2023-03": {
                "M": 1
            },
            "2023-04": {
                "M": 1
            },
            "2023-05": {
                "M": 1
            }
        },
        "67": {
            "2020-01": {
                "M": 1
            },
            "2020-02": {
                "M": 1
            },
            "2020-03": {
                "M": 1
            },
            "2020-04": {
                "M": 1
            },
            "2020-05": {
                "M": 1
            },
            "2020-06": {
                "M": 1
            }
        },
        "68": {
            "2020-10": {
                "M": 1
            },
            "2020-11": {
                "M": 1
            },
            "2020-12": {
                "M": 1
            },
            "2021-01": {
                "M": 1
            },
            "2021-02": {
                "M": 1
            },
            "2021-03": {
                "M": 1
            },
            "2025-01": {
                "M": 1
            },
            "2025-02": {
                "M": 1
            },
            "2025-03": {
                "M": 1
            },
            "2025-04": {
                "M": 1
            },
            "2025-05": {
                "M": 1
            },
            "2025-06": {
                "M": 1
            }
        },
        "69": {
            "2018-01": {
                "M": 1
            },
            "2018-02": {
                "M": 1
            },
            "2018-03": {
                "M": 1
            },
            "2018-04": {
                "M": 1
            },
            "2018-05": {
                "M": 1
            },
            "2018-06": {
                "M": 1
            },
            "2023-03": {
                "M": 1
            },
            "2023-04": {
                "M": 1
            },
            "2023-05": {
                "M": 1
            },
            "2023-06": {
                "M": 1
            },
            "2023-07": {
                "M": 1
            },
            "2023-08": {
                "M": 1
            }
        },
        "7": {
            "2020-10": {
                "M": 1
            },
            "2020-11": {
                "M": 1
            },
            "2020-12": {
                "M": 1
            },
            "2021-01": {
                "M": 1
            },
            "2021-02": {
                "M": 1
            },
            "2021-03": {
                "M": 1
            },
            "2025-01": {
                "M": 1
            },
            "2025-02": {
                "M": 1
            },
            "2025-03": {
                "M": 1
            },
            "2025-04": {
                "M": 1
            },
            "2025-05": {
                "M": 1
            },
            "2025-06": {
                "M": 1
            }
        },
        "70": {
            "2022-08": {
                "M": 1
            },
            "2022-09": {
                "M": 1
            },
            "2022-10": {
                "M": 1
            },
            "2022-11": {
                "M": 1
            },
            "2022-12": {
                "M": 1
            },
            "2023-01": {
                "M": 1
            }
        },
        "71": {
            "2019-06": {
                "M": 1
            },
            "2019-07": {
                "M": 1
            },
            "2019-08": {
                "M": 1
            },
            "2019-09": {
                "M": 1
            },
            "2019-10": {
                "M": 1
            },
            "2019-11": {
                "M": 1
            },
            "2024-07": {
                "M": 1
            },
            "2024-08": {
                "M": 1
            },
            "2024-09": {
                "M": 1
            },
            "2024-10": {
                "M": 1
            },
            "2024-11": {
                "M": 1
            },
            "2024-12": {
                "M": 1
            }
        },
        "72": {
            "2019-05": {
                "M": 1
            },
            "2019-06": {
                "M": 1
            },
            "2019-07": {
                "M": 1
            },
            "2019-08": {
                "M": 1
            },
            "2019-09": {
                "M": 1
            },
            "2019-10": {
                "M": 1
            },
            "2023-11": {
                "M": 1
            },
            "2023-12": {
                "M": 1
            },
            "2024-01": {
                "M": 1
            },
            "2024-02": {
                "M": 1
            },
            "2024-03": {
                "M": 1
            },
            "2024-04": {
                "M": 1
            }
        },
        "73": {
            "2019-05": {
                "M": 1
            },
            "2019-06": {
                "M": 1
            },
            "2019-07": {
                "M": 1
            },
            "2019-08": {
                "M": 1
            },
            "2019-09": {
                "M": 1
            },
            "2019-10": {
                "M": 1
            },
            "2023-08": {
                "M": 1
            },
            "2023-09": {
                "M": 1
            },
            "2023-10": {
                "M": 1
            },
            "2023-11": {
                "M": 1
            },
            "2023-12": {
                "M": 1
            },
            "2024-01": {
                "M": 1
            }
        },
        "74": {
            "2020-01": {
                "M": 1
            },
            "2020-02": {
                "M": 1
            },
            "2020-03": {
                "M": 1
            },
            "2020-04": {
                "M": 1
            },
            "2020-05": {
                "M": 1
            },
            "2020-06": {
                "M": 1
            },
            "2024-04": {
                "M": 1
            },
            "2024-05": {
                "M": 1
            },
            "2024-06": {
                "M": 1
            },
            "2024-07": {
                "M": 1
            },
            "2024-08": {
                "M": 1
            },
            "2024-09": {
                "M": 1
            }
        },
        "8": {
            "2018-12": {
                "M": 1
            },
            "2019-01": {
                "M": 1
            },
            "2019-02": {
                "M": 1
            },
            "2019-03": {
                "M": 1
            },
            "2019-04": {
                "M": 1
            },
            "2019-05": {
                "M": 1
            },
            "2023-04": {
                "M": 1
            },
            "2023-05": {
                "M": 1
            },
            "2023-06": {
                "M": 1
            },
            "2023-07": {
                "M": 1
            },
            "2023-08": {
                "M": 1
            },
            "2023-09": {
                "M": 1
            }
        },
        "9": {
            "2020-12": {
                "M": 1
            },
            "2021-01": {
                "M": 1
            },
            "2021-02": {
                "M": 1
            },
            "2021-03": {
                "M": 1
            },
            "2021-04": {
                "M": 1
            },
            "2021-05": {
                "M": 1
            },
            "2025-03": {
                "M": 1
            },
            "2025-04": {
                "M": 1
            },
            "2025-05": {
                "M": 1
            },
            "2025-06": {
                "M": 1
            }
        }
    },
    "task": {
        "0": {
            "2018-01": "0",
            "2018-02": "0",
            "2018-03": "0",
            "2018-11": "1",
            "2018-12": "1",
            "2019-01": "1",
            "2019-02": "1",
            "2019-03": "1",
            "2019-04": "1",
            "2019-05": "1",
            "2019-06": "2",
            "2019-07": "2",
            "2019-08": "2",
            "2019-09": "2",
            "2019-10": "2",
            "2019-11": "2",
            "2019-12": "2",
            "2020-01": "2",
            "2020-02": "2",
            "2024-11": "9",
            "2024-12": "9",
            "2025-01": "9",
            "2025-02": "9",
            "2025-03": "9",
            "2025-04": "9",
            "2025-05": "9",
            "2025-06": "9"
        },
        "1": {
            "2018-05": "0",
            "2018-06": "0",
            "2018-07": "0",
            "2018-08": "0",
            "2018-09": "0",
            "2018-10": "0",
            "2018-11": "1",
            "2018-12": "1",
            "2019-01": "1",
            "2019-02": "1",
            "2021-01": "4",
            "2021-02": "4",
            "2021-03": "4",
            "2021-04": "4",
            "2021-05": "4",
            "2021-06": "4",
            "2021-07": "4",
            "2021-08": "4",
            "2021-09": "4",
            "2022-04": "5",
            "2022-05": "5",
            "2022-06": "5",
            "2022-07": "5",
            "2022-08": "5",
            "2022-09": "5",
            "2023-09": "7",
            "2023-10": "7",
            "2023-11": "7",
            "2023-12": "7",
            "2024-01": "7",
            "2024-02": "7",
            "2024-03": "7",
            "2024-04": "8",
            "2024-05": "8",
            "2024-06": "8",
            "2024-07": "8",
            "2024-08": "8",
            "2024-09": "8",
            "2024-10": "8"
        },
        "10": {
            "2021-03": "14",
            "2021-04": "14",
            "2021-05": "14",
            "2021-06": "14",
            "2021-07": "14",
            "2021-08": "14",
            "2021-09": "14",
            "2022-02": "15",
            "2022-03": "15",
            "2022-04": "15"
        },
        "11": {
            "2018-01": "10",
            "2020-06": "13",
            "2020-07": "13",
            "2020-08": "13",
            "2020-09": "13",
            "2020-10": "13",
            "2020-11": "13",
            "2020-12": "13",
            "2021-01": "13",
            "2021-02": "13",
            "2021-07": "14",
            "2021-08": "14",
            "2021-09": "14",
            "2022-05": "16",
            "2022-06": "16",
            "2022-07": "16",
            "2024-12": "19",
            "2025-01": "19",
            "2025-02": "19",
            "2025-03": "19",
            "2025-04": "19",
            "2025-05": "19",
            "2025-06": "19"
        },
        "13": {
            "2019-03": "22",
            "2019-04": "22",
            "2019-05": "22",
            "2019-06": "22",
            "2019-07": "22",
            "2019-08": "22",
            "2020-09": "24",
            "2020-10": "24",
            "2020-11": "24",
            "2020-12": "24",
            "2021-01": "24",
            "2021-02": "24",
            "2021-03": "24",
            "2021-04": "24",
            "2021-05": "24",
            "2021-06": "24"
        },
        "14": {
            "2018-03": "20",
            "2018-04": "20",
            "2018-05": "20",
            "2018-06": "20",
            "2018-07": "20",
            "2018-08": "20",
            "2022-01": "26",
            "2022-02": "26",
            "2022-03": "26",
            "2022-04": "26",
            "2022-05": "26",
            "2022-06": "26",
            "2022-07": "26",
            "2022-08": "26",
            "2022-09": "26",
            "2022-10": "26",
            "2022-11": "26",
            "2024-11": "30",
            "2024-12": "30",
            "2025-01": "30",
            "2025-02": "30",
            "2025-03": "30",
            "2025-04": "30",
            "2025-05": "30"
        },
        "15": {
            "2018-01": "20",
            "2018-02": "20",
            "2018-03": "20",
            "2018-04": "20",
            "2018-05": "20",
            "2018-06": "20",
            "2018-07": "20",
            "2018-08": "20"
        },
        "16": {
            "2018-01": "20",
            "2018-02": "20",
            "2018-03": "20",
            "2018-04": "20",
            "2018-05": "20",
            "2018-06": "20",
            "2018-07": "20",
            "2019-09": "23",
            "2019-10": "23",
            "2019-11": "23",
            "2019-12": "23",
            "2020-01": "23",
            "2020-02": "23",
            "2020-03": "23",
            "2020-04": "23",
            "2020-05": "23",
            "2020-06": "23",
            "2022-12": "27",
            "2023-01": "27",
            "2023-02": "27",
            "2023-03": "27",
            "2023-04": "27",
            "2023-05": "27",
            "2023-06": "27",
            "2023-07": "28",
            "2023-08": "28",
            "2023-09": "28",
            "2023-10": "28",
            "2023-11": "28",
            "2023-12": "28",
            "2024-01": "28",
            "2024-02": "28",
            "2024-03": "28",
            "2024-04": "28",
            "2025-06": "31"
        },
        "17": {
            "2019-09": "23",
            "2019-10": "23",
            "2019-11": "23",
            "2019-12": "23",
            "2020-01": "23",
            "2020-02": "23",
            "2020-03": "23",
            "2020-04": "23",
            "2020-05": "23",
            "2020-06": "23",
            "2021-07": "25",
            "2021-08": "25",
            "2021-09": "25",
            "2021-10": "25",
            "2021-11": "25",
            "2021-12": "25"
        },
        "18": {
            "2019-08": "34",
            "2019-09": "34",
            "2019-10": "34",
            "2019-11": "34",
            "2019-12": "34",
            "2020-01": "34",
            "2025-06": "42"
        },
        "19": {
            "2018-09": "33",
            "2018-10": "33",
            "2018-11": "33",
            "2018-12": "33",
            "2019-01": "33",
            "2019-02": "33",
            "2019-03": "33",
            "2019-04": "33",
            "2019-05": "33",
            "2024-11": "41",
            "2024-12": "41",
            "2025-01": "41",
            "2025-02": "41",
            "2025-03": "41",
            "2025-04": "41",
            "2025-05": "41"
        },
        "2": {
            "2018-01": "0",
            "2018-02": "0",
            "2018-03": "0",
            "2018-04": "0",
            "2018-05": "0",
            "2018-06": "0",
            "2018-07": "0",
            "2018-08": "0",
            "2018-09": "0",
            "2018-10": "0",
            "2021-01": "4",
            "2021-02": "4",
            "2021-03": "4",
            "2021-04": "4",
            "2021-05": "4",
            "2021-06": "4",
            "2021-07": "4",
            "2021-08": "4",
            "2021-09": "4",
            "2022-10": "6",
            "2022-11": "6",
            "2022-12": "6",
            "2023-01": "6",
            "2023-02": "6",
            "2023-03": "6",
            "2023-04": "6",
            "2023-05": "6",
            "2023-06": "6",
            "2023-07": "6",
            "2023-08": "6"
        },
        "20": {
            "2020-11": "36",
            "2020-12": "36",
            "2021-01": "36",
            "2021-02": "36",
            "2021-03": "36",
            "2021-04": "36",
            "2021-05": "36",
            "2022-02": "38",
            "2022-03": "38",
            "2022-04": "38",
            "2022-05": "38",
            "2022-06": "38",
            "2022-07": "38",
            "2022-08": "38",
            "2022-09": "38",
            "2022-10": "38",
            "2022-11": "38",
            "2022-12": "38",
            "2024-11": "41",
            "2024-12": "41",
            "2025-01": "41",
            "2025-02": "41",
            "2025-03": "41",
            "2025-04": "41",
            "2025-05": "41"
        },
        "21": {
            "2020-11": "36",
            "2020-12": "36",
            "2021-01": "36",
            "2021-02": "36",
            "2021-03": "36",
            "2021-04": "36",
            "2021-05": "36",
            "2023-01": "39",
            "2023-02": "39",
            "2023-03": "39",
            "2023-04": "39",
            "2023-05": "39",
            "2023-06": "39",
            "2023-07": "39",
            "2023-08": "39"
        },
        "22": {
            "2024-11": "41",
            "2024-12": "41",
            "2025-01": "41",
            "2025-02": "41",
            "2025-03": "41",
            "2025-04": "41",
            "2025-05": "41"
        },
        "23": {
            "2022-02": "38",
            "2022-03": "38",
            "2022-04": "38",
            "2022-05": "38",
            "2022-06": "38",
            "2022-07": "38",
            "2022-08": "38",
            "2022-09": "38",
            "2022-10": "38",
            "2022-11": "38",
            "2022-12": "38",
            "2024-03": "40",
            "2024-04": "40",
            "2024-05": "40",
            "2024-06": "40",
            "2024-07": "40",
            "2025-06": "42"
        },
        "24": {
            "2018-08": "44",
            "2018-09": "44",
            "2018-10": "44",
            "2018-11": "44",
            "2018-12": "44",
            "2019-01": "44",
            "2022-12": "50",
            "2023-01": "50",
            "2023-02": "50",
            "2023-03": "50",
            "2023-04": "50",
            "2023-05": "50",
            "2024-06": "52",
            "2024-07": "52",
            "2024-10": "52",
            "2024-11": "52",
            "2024-12": "52",
            "2025-01": "52",
            "2025-02": "52"
        },
        "25": {
            "2020-08": "47",
            "2020-09": "47",
            "2020-10": "47",
            "2020-11": "47",
            "2020-12": "47",
            "2021-01": "47",
            "2021-02": "47"
        },
        "26": {
            "2022-12": "50",
            "2023-01": "50",
            "2023-02": "50",
            "2023-03": "50",
            "2023-04": "50",
            "2023-05": "50",
            "2024-04": "51",
            "2024-05": "51",
            "2024-06": "52",
            "2024-07": "52",
            "2024-08": "52",
            "2024-09": "52",
            "2024-10": "52",
            "2024-11": "52",
            "2024-12": "52"
        },
        "27": {
            "2018-01": "43",
            "2018-02": "43",
            "2018-03": "43",
            "2018-04": "43",
            "2018-05": "43",
            "2018-06": "43",
            "2018-07": "43",
            "2018-08": "44",
            "2018-09": "44",
            "2018-10": "44",
            "2018-11": "44",
            "2018-12": "44",
            "2019-01": "44",
            "2020-08": "47",
            "2020-09": "47",
            "2020-10": "47",
            "2020-11": "47",
            "2020-12": "47",
            "2021-01": "47",
            "2021-02": "47",
            "2024-06": "52",
            "2024-07": "52",
            "2024-08": "52",
            "2024-09": "52",
            "2024-10": "52",
            "2024-11": "52",
            "2024-12": "52",
            "2025-01": "52",
            "2025-02": "52"
        },
        "28": {
            "2020-08": "47",
            "2020-09": "47",
            "2020-10": "47",
            "2020-11": "47",
            "2020-12": "47",
            "2021-01": "47",
            "2021-02": "47",
            "2024-06": "52",
            "2024-07": "52",
            "2024-08": "52",
            "2024-09": "52",
            "2024-10": "52",
            "2024-11": "52",
            "2024-12": "52",
            "2025-01": "52",
            "2025-02": "52",
            "2025-03": "53",
            "2025-04": "53",
            "2025-05": "53",
            "2025-06": "53"
        },
        "29": {
            "2018-08": "44",
            "2018-09": "44",
            "2018-10": "44",
            "2018-11": "44",
            "2018-12": "44",
            "2019-01": "44",
            "2025-03": "53",
            "2025-04": "53",
            "2025-05": "53",
            "2025-06": "53"
        },
        "3": {
            "2021-06": "4",
            "2021-07": "4",
            "2021-08": "4",
            "2021-09": "4",
            "2021-10": "5",
            "2021-11": "5",
            "2021-12": "5",
            "2022-01": "5",
            "2022-02": "5",
            "2022-03": "5",
            "2022-10": "6",
            "2022-11": "6",
            "2022-12": "6",
            "2023-01": "6",
            "2023-02": "6",
            "2023-03": "6",
            "2023-04": "6",
            "2023-05": "6",
            "2023-06": "6",
            "2023-07": "6",
            "2023-08": "6",
            "2024-11": "9",
            "2024-12": "9",
            "2025-01": "9",
            "2025-02": "9",
            "2025-03": "9",
            "2025-04": "9",
            "2025-05": "9",
            "2025-06": "9"
        },
        "30": {
            "2018-01": "20",
            "2018-02": "20",
            "2018-09": "21",
            "2018-10": "21",
            "2018-11": "21",
            "2018-12": "21",
            "2019-01": "21",
            "2019-02": "21",
            "2020-07": "24",
            "2020-08": "24",
            "2024-05": "29",
            "2024-06": "29",
            "2024-07": "29",
            "2024-08": "29",
            "2024-09": "29",
            "2024-10": "29",
            "2024-11": "30",
            "2024-12": "30",
            "2025-01": "30",
            "2025-02": "30",
            "2025-03": "30",
            "2025-04": "30",
            "2025-05": "30",
            "2025-06": "31"
        },
        "31": {
            "2019-09": "46",
            "2019-10": "46",
            "2019-11": "46",
            "2019-12": "46",
            "2020-01": "46",
            "2020-02": "46",
            "2020-03": "46",
            "2020-04": "46",
            "2020-05": "46",
            "2020-06": "46",
            "2020-07": "46",
            "2020-08": "47",
            "2020-09": "47",
            "2020-10": "47",
            "2020-11": "47",
            "2020-12": "47",
            "2021-01": "47",
            "2021-02": "47",
            "2022-12": "50",
            "2023-01": "50",
            "2023-02": "50",
            "2023-03": "50",
            "2023-04": "50",
            "2023-05": "50",
            "2025-03": "53",
            "2025-04": "53",
            "2025-05": "53",
            "2025-06": "53"
        },
        "32": {
            "2021-03": "14",
            "2021-04": "14",
            "2021-05": "14",
            "2021-06": "14",
            "2021-07": "14",
            "2021-08": "14",
            "2021-09": "14",
            "2021-10": "15",
            "2021-11": "15",
            "2021-12": "15",
            "2022-01": "15"
        },
        "33": {
            "2018-09": "33",
            "2018-10": "33",
            "2018-11": "33",
            "2018-12": "33",
            "2019-01": "33",
            "2019-02": "33",
            "2019-03": "33",
            "2019-04": "33",
            "2019-05": "33",
            "2020-11": "36",
            "2020-12": "36",
            "2021-01": "36",
            "2021-02": "36",
            "2021-03": "36",
            "2021-04": "36",
            "2021-05": "36",
            "2023-01": "39",
            "2023-02": "39",
            "2023-03": "39",
            "2023-04": "39",
            "2023-05": "39",
            "2023-06": "39",
            "2023-07": "39",
            "2023-08": "39",
            "2023-09": "39",
            "2023-10": "39",
            "2023-11": "39",
            "2024-11": "41",
            "2024-12": "41",
            "2025-01": "41",
            "2025-02": "41",
            "2025-03": "41",
            "2025-04": "41",
            "2025-05": "41"
        },
        "34": {
            "2018-09": "21",
            "2018-10": "21",
            "2018-11": "21",
            "2018-12": "21",
            "2019-01": "21",
            "2019-02": "21",
            "2020-07": "24",
            "2020-08": "24",
            "2020-09": "24",
            "2020-10": "24",
            "2020-11": "24",
            "2020-12": "24",
            "2021-01": "24",
            "2021-02": "24",
            "2021-03": "24",
            "2021-04": "24",
            "2021-05": "24",
            "2021-06": "24",
            "2021-07": "25",
            "2021-08": "25",
            "2021-09": "25",
            "2021-10": "25",
            "2021-11": "25",
            "2021-12": "25",
            "2022-01": "26",
            "2022-02": "26",
            "2022-03": "26",
            "2022-04": "26",
            "2022-05": "26",
            "2024-05": "29",
            "2024-06": "29",
            "2024-07": "29",
            "2024-08": "29",
            "2024-09": "29",
            "2024-10": "29"
        },
        "35": {
            "2022-01": "26",
            "2022-02": "26",
            "2022-03": "26",
            "2022-04": "26",
            "2022-05": "26",
            "2022-06": "26",
            "2022-07": "26",
            "2022-08": "26",
            "2022-09": "26",
            "2022-10": "26",
            "2022-11": "26"
        },
        "36": {
            "2020-03": "3",
            "2020-04": "3",
            "2020-05": "3",
            "2020-06": "3",
            "2020-07": "3",
            "2020-08": "3",
            "2020-09": "3",
            "2020-10": "3",
            "2020-11": "3",
            "2020-12": "3",
            "2021-10": "5",
            "2021-11": "5",
            "2021-12": "5",
            "2022-01": "5",
            "2022-02": "5",
            "2022-03": "5",
            "2022-10": "6",
            "2022-11": "6",
            "2022-12": "6",
            "2023-01": "6",
            "2023-02": "6",
            "2023-03": "6",
            "2023-04": "6",
            "2023-05": "6",
            "2023-06": "6",
            "2023-07": "6",
            "2023-08": "6",
            "2024-04": "8",
            "2024-05": "8",
            "2024-06": "8",
            "2024-07": "8",
            "2024-08": "8",
            "2024-09": "8",
            "2024-10": "8"
        },
        "37": {
            "2020-11": "36",
            "2020-12": "36",
            "2021-01": "36",
            "2021-02": "36",
            "2021-03": "36",
            "2021-04": "36",
            "2021-05": "36",
            "2024-11": "41",
            "2024-12": "41",
            "2025-01": "41",
            "2025-02": "41",
            "2025-03": "41",
            "2025-04": "41",
            "2025-05": "41",
            "2025-06": "42"
        },
        "38": {
            "2018-11": "11",
            "2018-12": "11",
            "2019-01": "11",
            "2019-02": "11",
            "2019-03": "11",
            "2019-04": "11",
            "2019-05": "11",
            "2019-06": "11",
            "2019-07": "12",
            "2019-08": "12",
            "2019-09": "12",
            "2019-10": "12",
            "2019-11": "12",
            "2019-12": "12",
            "2020-01": "12",
            "2020-02": "12",
            "2020-03": "12",
            "2020-04": "12",
            "2020-05": "12",
            "2023-01": "17",
            "2023-02": "17",
            "2023-03": "17",
            "2023-04": "17",
            "2023-05": "17",
            "2023-06": "17",
            "2023-07": "17",
            "2023-08": "17",
            "2023-09": "17",
            "2023-10": "17",
            "2023-11": "17"
        },
        "39": {
            "2018-04": "0",
            "2018-05": "0",
            "2018-06": "0",
            "2018-07": "0",
            "2018-08": "0",
            "2018-09": "0",
            "2018-10": "0",
            "2018-11": "1",
            "2018-12": "1",
            "2019-01": "1",
            "2019-02": "1",
            "2019-03": "1",
            "2019-04": "1",
            "2019-05": "1",
            "2021-01": "4",
            "2021-02": "4",
            "2021-03": "4",
            "2021-04": "4",
            "2021-05": "4",
            "2022-01": "5",
            "2022-02": "5",
            "2022-03": "5",
            "2022-04": "5",
            "2022-10": "6",
            "2022-11": "6",
            "2022-12": "6",
            "2023-01": "6",
            "2023-02": "6",
            "2023-03": "6",
            "2023-04": "6",
            "2023-05": "6",
            "2023-06": "6",
            "2023-07": "6",
            "2023-08": "6",
            "2024-07": "8",
            "2024-08": "8",
            "2024-09": "8",
            "2024-10": "8"
        },
        "4": {
            "2018-11": "1",
            "2018-12": "1",
            "2019-01": "1",
            "2019-02": "1",
            "2019-03": "1",
            "2019-04": "1",
            "2019-05": "1",
            "2021-01": "4",
            "2021-02": "4",
            "2021-03": "4",
            "2021-04": "4",
            "2021-05": "4",
            "2021-06": "4",
            "2021-07": "4",
            "2021-08": "4",
            "2021-09": "4",
            "2022-05": "5",
            "2022-06": "5",
            "2022-07": "5",
            "2022-08": "5",
            "2022-09": "5",
            "2023-09": "7",
            "2023-10": "7",
            "2023-11": "7",
            "2023-12": "7",
            "2024-01": "7",
            "2024-02": "7",
            "2024-03": "7",
            "2024-04": "8",
            "2024-05": "8",
            "2024-06": "8",
            "2024-07": "8",
            "2024-08": "8",
            "2024-09": "8",
            "2024-10": "8"
        },
        "40": {
            "2020-02": "35",
            "2020-03": "35",
            "2020-04": "35",
            "2020-05": "35",
            "2020-06": "35",
            "2020-07": "35",
            "2020-08": "35",
            "2020-09": "35",
            "2020-10": "35",
            "2021-10": "37",
            "2021-11": "37",
            "2021-12": "37",
            "2022-01": "37"
        },
        "41": {
            "2018-01": "20",
            "2018-02": "20",
            "2018-03": "20",
            "2018-04": "20",
            "2018-05": "20",
            "2018-06": "20",
            "2018-07": "20",
            "2018-08": "20",
            "2018-09": "21",
            "2018-10": "21",
            "2018-11": "21",
            "2018-12": "21",
            "2019-01": "21",
            "2019-02": "21"
        },
        "42": {
            "2020-06": "13",
            "2020-07": "13",
            "2020-08": "13",
            "2020-09": "13",
            "2020-10": "13",
            "2020-11": "13",
            "2020-12": "13",
            "2021-01": "13",
            "2021-02": "13",
            "2021-03": "14",
            "2021-04": "14",
            "2021-05": "14",
            "2021-06": "14",
            "2022-08": "16",
            "2022-09": "16",
            "2022-10": "16",
            "2022-11": "16",
            "2022-12": "16",
            "2023-12": "18",
            "2024-01": "18",
            "2024-02": "18",
            "2024-12": "19",
            "2025-01": "19",
            "2025-02": "19",
            "2025-03": "19",
            "2025-04": "19",
            "2025-05": "19",
            "2025-06": "19"
        },
        "43": {
            "2020-06": "13",
            "2020-07": "13",
            "2020-08": "13",
            "2020-09": "13",
            "2020-10": "13",
            "2020-11": "13",
            "2020-12": "13",
            "2021-01": "13",
            "2021-02": "13",
            "2021-03": "14",
            "2021-04": "14",
            "2021-05": "14",
            "2021-06": "14",
            "2023-08": "17",
            "2023-09": "17",
            "2023-10": "17",
            "2023-11": "17",
            "2024-12": "19",
            "2025-01": "19",
            "2025-02": "19",
            "2025-03": "19",
            "2025-04": "19",
            "2025-05": "19",
            "2025-06": "19"
        },
        "44": {
            "2021-03": "48",
            "2021-04": "48",
            "2021-05": "48",
            "2021-06": "48",
            "2021-07": "48",
            "2021-08": "48",
            "2021-09": "48",
            "2021-10": "48",
            "2021-11": "48",
            "2021-12": "48"
        },
        "45": {
            "2021-03": "48",
            "2021-04": "48",
            "2021-05": "48",
            "2021-06": "48",
            "2021-07": "48",
            "2021-08": "48",
            "2021-09": "48",
            "2021-10": "48",
            "2021-11": "48",
            "2021-12": "48"
        },
        "46": {
            "2018-01": "32",
            "2018-02": "32",
            "2018-03": "32",
            "2018-04": "32",
            "2018-05": "32",
            "2018-06": "32",
            "2018-07": "32",
            "2020-02": "35",
            "2020-03": "35",
            "2022-02": "38",
            "2022-03": "38",
            "2022-04": "38",
            "2022-05": "38",
            "2022-06": "38",
            "2022-07": "38",
            "2022-08": "38",
            "2022-09": "38",
            "2022-10": "38",
            "2022-11": "38",
            "2022-12": "38"
        },
        "47": {
            "2019-03": "22",
            "2019-04": "22",
            "2019-05": "22",
            "2019-06": "22",
            "2019-07": "22",
            "2019-08": "22",
            "2022-06": "26",
            "2022-07": "26",
            "2022-08": "26",
            "2022-09": "26",
            "2022-10": "26",
            "2022-11": "26",
            "2022-12": "27",
            "2023-01": "27",
            "2023-02": "27",
            "2023-03": "27",
            "2023-04": "27",
            "2023-05": "27",
            "2023-06": "27"
        },
        "48": {
            "2020-02": "35",
            "2020-03": "35",
            "2020-04": "35",
            "2020-05": "35",
            "2020-06": "35",
            "2020-07": "35",
            "2020-08": "35",
            "2020-09": "35",
            "2020-10": "35",
            "2021-06": "37",
            "2021-07": "37",
            "2021-08": "37",
            "2021-09": "37",
            "2025-06": "42"
        },
        "49": {
            "2018-01": "0",
            "2018-02": "0",
            "2018-03": "0",
            "2018-04": "0",
            "2019-06": "2",
            "2019-07": "2",
            "2019-08": "2",
            "2019-09": "2",
            "2019-10": "2",
            "2019-11": "2",
            "2019-12": "2",
            "2020-01": "2",
            "2020-02": "2",
            "2020-03": "3",
            "2020-04": "3",
            "2020-05": "3",
            "2020-06": "3",
            "2020-07": "3",
            "2020-08": "3",
            "2021-04": "4",
            "2021-05": "4",
            "2021-06": "4",
            "2021-07": "4",
            "2021-08": "4",
            "2021-09": "4",
            "2022-06": "5",
            "2022-07": "5",
            "2022-08": "5",
            "2022-09": "5",
            "2022-10": "6",
            "2022-11": "6",
            "2022-12": "6",
            "2023-01": "6",
            "2023-02": "6",
            "2023-03": "6",
            "2024-04": "8",
            "2024-05": "8",
            "2024-06": "8"
        },
        "5": {
            "2018-01": "0",
            "2018-02": "0",
            "2018-03": "0",
            "2018-04": "0",
            "2018-05": "0",
            "2018-06": "0",
            "2019-06": "2",
            "2019-07": "2",
            "2019-08": "2",
            "2019-09": "2",
            "2019-10": "2",
            "2019-11": "2",
            "2019-12": "2",
            "2020-01": "2",
            "2020-02": "2",
            "2020-03": "3",
            "2020-04": "3",
            "2020-05": "3",
            "2020-06": "3",
            "2020-07": "3",
            "2020-08": "3",
            "2020-09": "3",
            "2020-10": "3",
            "2020-11": "3",
            "2020-12": "3",
            "2023-03": "6",
            "2023-04": "6",
            "2023-05": "6",
            "2023-06": "6",
            "2023-07": "6",
            "2023-08": "6"
        },
        "50": {
            "2018-08": "44",
            "2018-09": "44",
            "2018-10": "44",
            "2018-11": "44",
            "2018-12": "44",
            "2019-01": "44",
            "2019-09": "46",
            "2019-10": "46",
            "2019-11": "46",
            "2019-12": "46",
            "2020-01": "46",
            "2020-02": "46",
            "2020-03": "46",
            "2020-04": "46",
            "2020-05": "46",
            "2020-06": "46",
            "2020-07": "46",
            "2024-06": "52",
            "2024-07": "52",
            "2024-08": "52",
            "2024-09": "52",
            "2024-10": "52",
            "2024-11": "52",
            "2024-12": "52",
            "2025-01": "52",
            "2025-02": "52"
        },
        "51": {
            "2018-01": "10",
            "2018-02": "10",
            "2018-03": "10",
            "2018-04": "10",
            "2018-05": "10",
            "2019-07": "12",
            "2019-08": "12",
            "2019-09": "12",
            "2019-10": "12",
            "2019-11": "12",
            "2019-12": "12",
            "2020-01": "12",
            "2020-02": "12",
            "2020-03": "12",
            "2020-04": "12",
            "2020-05": "12",
            "2021-10": "15",
            "2021-11": "15",
            "2021-12": "15",
            "2022-01": "15",
            "2022-02": "15",
            "2022-03": "15",
            "2022-04": "15",
            "2022-05": "16",
            "2022-06": "16",
            "2022-07": "16",
            "2022-08": "16",
            "2022-09": "16"
        },
        "52": {
            "2020-09": "13",
            "2020-10": "13",
            "2020-11": "13",
            "2020-12": "13",
            "2021-01": "13",
            "2021-02": "13",
            "2021-03": "14",
            "2021-04": "14",
            "2023-04": "17",
            "2023-05": "17",
            "2023-06": "17",
            "2023-07": "17",
            "2023-08": "17",
            "2023-09": "17",
            "2023-10": "17",
            "2023-11": "17"
        },
        "53": {
            "2018-04": "0",
            "2018-05": "0",
            "2018-06": "0",
            "2018-07": "0",
            "2018-08": "0",
            "2018-09": "0",
            "2018-10": "0",
            "2018-11": "1",
            "2018-12": "1",
            "2019-01": "1",
            "2019-02": "1",
            "2019-03": "1",
            "2019-04": "1",
            "2019-05": "1",
            "2020-03": "3",
            "2020-04": "3",
            "2020-05": "3",
            "2020-06": "3",
            "2020-07": "3",
            "2020-08": "3",
            "2020-09": "3",
            "2020-10": "3",
            "2020-11": "3",
            "2020-12": "3",
            "2022-10": "6",
            "2022-11": "6",
            "2022-12": "6",
            "2023-01": "6",
            "2023-02": "6",
            "2023-03": "6",
            "2023-04": "6",
            "2023-05": "6",
            "2023-06": "6",
            "2023-07": "6",
            "2023-08": "6",
            "2024-04": "8",
            "2024-05": "8",
            "2024-06": "8",
            "2024-07": "8",
            "2024-08": "8",
            "2024-09": "8",
            "2024-10": "8"
        },
        "54": {
            "2019-03": "1",
            "2019-04": "1",
            "2019-05": "1",
            "2020-07": "3",
            "2020-08": "3",
            "2020-09": "3",
            "2020-10": "3",
            "2020-11": "3",
            "2020-12": "3",
            "2021-01": "4",
            "2021-02": "4",
            "2021-03": "4",
            "2021-07": "4",
            "2021-08": "4",
            "2021-09": "4",
            "2021-10": "5",
            "2021-11": "5",
            "2021-12": "5",
            "2022-04": "5",
            "2022-05": "5",
            "2024-04": "8",
            "2024-05": "8",
            "2024-06": "8",
            "2024-07": "8",
            "2024-08": "8",
            "2024-09": "8",
            "2024-10": "8"
        },
        "55": {
            "2021-03": "48",
            "2021-04": "48",
            "2021-05": "48",
            "2021-06": "48",
            "2021-07": "48",
            "2021-08": "48",
            "2021-09": "48",
            "2021-10": "48",
            "2021-11": "48",
            "2021-12": "48"
        },
        "56": {
            "2019-03": "22",
            "2019-04": "22",
            "2019-05": "22",
            "2019-06": "22",
            "2019-07": "22",
            "2019-08": "22",
            "2023-07": "28",
            "2023-08": "28",
            "2023-09": "28",
            "2023-10": "28",
            "2023-11": "28",
            "2023-12": "28",
            "2024-01": "28",
            "2024-02": "28",
            "2024-03": "28",
            "2024-04": "28",
            "2025-06": "31"
        },
        "57": {
            "2018-01": "43",
            "2018-02": "43",
            "2018-03": "43",
            "2018-04": "43",
            "2018-05": "43",
            "2018-06": "43",
            "2018-07": "43",
            "2018-08": "44",
            "2018-09": "44",
            "2018-10": "44",
            "2018-11": "44",
            "2018-12": "44",
            "2019-01": "44",
            "2019-02": "45",
            "2019-03": "45",
            "2019-04": "45",
            "2019-05": "45",
            "2019-06": "45",
            "2019-07": "45",
            "2019-08": "45",
            "2021-03": "48",
            "2021-04": "48",
            "2021-05": "48",
            "2021-06": "48",
            "2021-07": "48",
            "2021-08": "48",
            "2021-09": "48",
            "2021-10": "48",
            "2021-11": "48",
            "2021-12": "48",
            "2024-06": "52",
            "2024-07": "52",
            "2024-08": "52",
            "2024-09": "52"
        },
        "58": {
            "2018-02": "32",
            "2018-03": "32",
            "2018-04": "32",
            "2018-05": "32",
            "2018-06": "32",
            "2018-07": "32",
            "2018-08": "32"
        },
        "59": {
            "2020-03": "3",
            "2020-04": "3",
            "2020-05": "3",
            "2020-06": "3",
            "2020-07": "3",
            "2020-08": "3",
            "2020-09": "3",
            "2020-10": "3",
            "2020-11": "3",
            "2020-12": "3",
            "2021-01": "4",
            "2021-02": "4",
            "2021-03": "4",
            "2021-04": "4",
            "2021-05": "4",
            "2021-06": "4",
            "2024-11": "9",
            "2024-12": "9",
            "2025-01": "9",
            "2025-02": "9",
            "2025-03": "9",
            "2025-04": "9",
            "2025-05": "9",
            "2025-06": "9"
        },
        "6": {
            "2021-10": "15",
            "2021-11": "15",
            "2021-12": "15",
            "2022-01": "15",
            "2022-02": "15",
            "2022-03": "15",
            "2022-04": "15"
        },
        "60": {
            "2018-01": "20",
            "2018-02": "20",
            "2018-03": "20",
            "2018-04": "20",
            "2018-05": "20",
            "2018-06": "20",
            "2018-07": "20",
            "2018-08": "20",
            "2020-07": "24",
            "2020-08": "24",
            "2020-09": "24",
            "2020-10": "24",
            "2020-11": "24",
            "2020-12": "24",
            "2021-01": "24",
            "2021-02": "24",
            "2021-03": "24",
            "2021-04": "24",
            "2021-05": "24",
            "2021-06": "24",
            "2021-07": "25",
            "2021-08": "25",
            "2021-09": "25",
            "2021-10": "25",
            "2021-11": "25",
            "2021-12": "25",
            "2024-05": "29",
            "2024-06": "29",
            "2024-07": "29",
            "2024-08": "29",
            "2024-09": "29",
            "2024-10": "29",
            "2024-11": "30",
            "2024-12": "30",
            "2025-01": "30",
            "2025-02": "30",
            "2025-03": "30",
            "2025-04": "30",
            "2025-05": "30",
            "2025-06": "31"
        },
        "61": {
            "2018-08": "44",
            "2018-09": "44",
            "2018-10": "44",
            "2018-11": "44",
            "2018-12": "44",
            "2019-01": "44",
            "2020-08": "47",
            "2020-09": "47",
            "2020-10": "47",
            "2020-11": "47",
            "2020-12": "47",
            "2021-01": "47",
            "2021-02": "47",
            "2025-03": "53",
            "2025-04": "53",
            "2025-05": "53",
            "2025-06": "53"
        },
        "62": {
            "2018-06": "10",
            "2018-07": "10",
            "2018-08": "10",
            "2018-09": "10",
            "2018-10": "10",
            "2019-07": "12",
            "2019-08": "12",
            "2019-09": "12",
            "2019-10": "12",
            "2019-11": "12",
            "2019-12": "12",
            "2020-01": "12",
            "2020-02": "12",
            "2021-03": "14",
            "2021-04": "14",
            "2021-05": "14",
            "2021-06": "14",
            "2021-07": "14",
            "2021-08": "14",
            "2021-09": "14",
            "2025-01": "19",
            "2025-02": "19",
            "2025-03": "19",
            "2025-04": "19",
            "2025-05": "19",
            "2025-06": "19"
        },
        "63": {
            "2019-06": "34",
            "2019-07": "34",
            "2019-08": "34",
            "2019-09": "34",
            "2019-10": "34",
            "2019-11": "34",
            "2023-12": "40",
            "2024-01": "40",
            "2024-02": "40"
        },
        "64": {
            "2022-01": "49",
            "2022-02": "49",
            "2022-03": "49",
            "2022-04": "49",
            "2022-05": "49",
            "2022-06": "49",
            "2022-07": "49",
            "2022-08": "49",
            "2022-09": "49",
            "2022-10": "49",
            "2022-11": "49",
            "2024-08": "52",
            "2024-09": "52",
            "2024-10": "52",
            "2024-11": "52",
            "2024-12": "52",
            "2025-01": "52",
            "2025-02": "52",
            "2025-03": "53",
            "2025-04": "53",
            "2025-05": "53",
            "2025-06": "53"
        },
        "65": {
            "2018-01": "43",
            "2018-02": "43",
            "2018-03": "43",
            "2018-04": "43",
            "2018-05": "43",
            "2018-06": "43",
            "2018-07": "43",
            "2022-01": "49",
            "2022-02": "49",
            "2022-03": "49",
            "2022-04": "49",
            "2022-05": "49",
            "2022-06": "49",
            "2022-07": "49",
            "2022-08": "49",
            "2022-09": "49",
            "2022-10": "49",
            "2022-11": "49",
            "2025-01": "52",
            "2025-02": "52"
        },
        "66": {
            "2018-02": "20",
            "2018-03": "20",
            "2018-04": "20",
            "2018-05": "20",
            "2018-06": "20",
            "2018-07": "20",
            "2018-08": "20",
            "2019-03": "22",
            "2019-04": "22",
            "2019-05": "22",
            "2019-06": "22",
            "2019-07": "22",
            "2019-08": "22",
            "2024-05": "29",
            "2024-06": "29",
            "2024-07": "29",
            "2024-08": "29",
            "2024-09": "29",
            "2024-10": "29",
            "2025-06": "31"
        },
        "67": {
            "2018-01": "43",
            "2018-02": "43",
            "2018-03": "43",
            "2018-04": "43",
            "2018-05": "43",
            "2018-06": "43",
            "2018-07": "43",
            "2021-03": "48",
            "2021-04": "48",
            "2021-05": "48",
            "2021-06": "48",
            "2021-07": "48",
            "2021-08": "48",
            "2021-09": "48",
            "2021-10": "48",
            "2021-11": "48",
            "2021-12": "48"
        },
        "68": {
            "2023-06": "51",
            "2023-07": "51",
            "2023-08": "51",
            "2023-09": "51",
            "2023-10": "51",
            "2023-11": "51",
            "2023-12": "51",
            "2024-01": "51",
            "2024-02": "51",
            "2024-03": "51",
            "2024-04": "51"
        },
        "69": {
            "2020-11": "36",
            "2020-12": "36",
            "2021-01": "36",
            "2021-02": "36",
            "2021-03": "36",
            "2021-04": "36",
            "2021-05": "36",
            "2023-09": "39",
            "2023-10": "39",
            "2023-11": "39",
            "2024-08": "40",
            "2024-09": "40",
            "2024-10": "40",
            "2024-11": "41",
            "2024-12": "41",
            "2025-01": "41",
            "2025-02": "41",
            "2025-03": "41",
            "2025-04": "41",
            "2025-05": "41"
        },
        "7": {
            "2018-01": "10",
            "2018-02": "10",
            "2018-03": "10",
            "2018-04": "10",
            "2018-05": "10",
            "2018-06": "10",
            "2018-07": "10",
            "2018-08": "10",
            "2018-09": "10",
            "2018-10": "10",
            "2021-10": "15",
            "2021-11": "15",
            "2021-12": "15",
            "2022-01": "15",
            "2022-02": "15",
            "2022-03": "15",
            "2022-04": "15",
            "2022-10": "16",
            "2022-11": "16",
            "2022-12": "16",
            "2023-01": "17",
            "2023-02": "17"
        },
        "70": {
            "2020-04": "35",
            "2020-05": "35",
            "2020-06": "35",
            "2020-07": "35",
            "2020-08": "35",
            "2020-09": "35",
            "2020-10": "35",
            "2020-11": "36",
            "2020-12": "36",
            "2021-01": "36",
            "2021-02": "36",
            "2021-03": "36",
            "2021-04": "36",
            "2021-05": "36"
        },
        "71": {
            "2020-03": "12",
            "2020-04": "12",
            "2020-05": "12",
            "2021-05": "14",
            "2021-06": "14",
            "2021-07": "14",
            "2021-08": "14",
            "2021-09": "14",
            "2023-01": "17",
            "2023-02": "17",
            "2023-03": "17",
            "2023-04": "17",
            "2023-05": "17",
            "2023-06": "17",
            "2023-07": "17",
            "2023-08": "17",
            "2023-09": "17",
            "2023-10": "17",
            "2023-11": "17"
        },
        "72": {
            "2018-09": "21",
            "2018-10": "21",
            "2018-11": "21",
            "2018-12": "21",
            "2019-01": "21",
            "2019-02": "21",
            "2021-07": "25",
            "2021-08": "25",
            "2021-09": "25",
            "2021-10": "25",
            "2021-11": "25",
            "2021-12": "25",
            "2024-05": "29",
            "2024-06": "29",
            "2024-07": "29",
            "2024-08": "29",
            "2024-09": "29",
            "2024-10": "29",
            "2024-11": "30",
            "2024-12": "30",
            "2025-01": "30",
            "2025-02": "30",
            "2025-03": "30",
            "2025-04": "30",
            "2025-05": "30",
            "2025-06": "31"
        },
        "73": {
            "2018-02": "10",
            "2018-03": "10",
            "2018-04": "10",
            "2018-05": "10",
            "2018-06": "10",
            "2018-07": "10",
            "2018-08": "10",
            "2018-09": "10",
            "2018-10": "10",
            "2020-06": "13",
            "2020-07": "13",
            "2020-08": "13",
            "2020-09": "13",
            "2020-10": "13",
            "2020-11": "13",
            "2020-12": "13",
            "2021-01": "13",
            "2021-02": "13",
            "2023-01": "17",
            "2023-02": "17",
            "2023-03": "17",
            "2023-04": "17",
            "2023-05": "17",
            "2023-06": "17",
            "2023-07": "17",
            "2024-03": "18",
            "2024-04": "18",
            "2024-05": "18",
            "2024-06": "18",
            "2024-07": "18",
            "2024-08": "18",
            "2024-09": "18",
            "2024-10": "18",
            "2024-11": "18",
            "2024-12": "19",
            "2025-01": "19",
            "2025-02": "19",
            "2025-03": "19",
            "2025-04": "19",
            "2025-05": "19",
            "2025-06": "19"
        },
        "74": {
            "2023-01": "39",
            "2023-02": "39",
            "2023-03": "39",
            "2023-04": "39",
            "2023-05": "39",
            "2023-06": "39",
            "2023-07": "39",
            "2023-08": "39",
            "2023-09": "39",
            "2023-10": "39",
            "2023-11": "39"
        },
        "8": {
            "2019-07": "12",
            "2019-08": "12",
            "2019-09": "12",
            "2019-10": "12",
            "2019-11": "12",
            "2019-12": "12",
            "2020-01": "12",
            "2020-02": "12",
            "2020-03": "12",
            "2020-04": "12",
            "2020-05": "12",
            "2022-05": "16",
            "2022-06": "16",
            "2022-07": "16",
            "2022-08": "16",
            "2022-09": "16",
            "2022-10": "16",
            "2022-11": "16",
            "2022-12": "16",
            "2023-02": "17",
            "2023-03": "17",
            "2024-12": "19",
            "2025-01": "19",
            "2025-02": "19",
            "2025-03": "19",
            "2025-04": "19",
            "2025-05": "19",
            "2025-06": "19"
        },
        "9": {
            "2019-07": "12",
            "2019-08": "12",
            "2019-09": "12",
            "2019-10": "12",
            "2019-11": "12",
            "2019-12": "12",
            "2020-01": "12",
            "2020-02": "12",
            "2020-03": "12",
            "2020-04": "12",
            "2020-05": "12",
            "2020-06": "13",
            "2020-07": "13",
            "2020-08": "13",
            "2020-09": "13",
            "2020-10": "13",
            "2020-11": "13",
            "2021-07": "14",
            "2021-08": "14",
            "2021-09": "14",
            "2022-05": "16",
            "2022-06": "16",
            "2022-07": "16",
            "2022-08": "16",
            "2022-09": "16",
            "2022-10": "16",
            "2022-11": "16",
            "2022-12": "16"
        }
    }
}