{
    "elapsed": {
        "M": {
            "67": {
                "2025-06": 0
            }
        }
    },
    "hours": {
        "4": {
            "2019-08": -297.0,
            "2019-09": -319.0
        },
        "6": {
            "2018-09": -31.0
        }
    },
    "resources": {
        "20": {
            "2018-01": 1,
            "2018-08": 1
        },
        "22": {
            "2019-03": 2,
            "2019-04": 2,
            "2019-05": 2,
            "2019-06": 2,
            "2019-07": 2,
            "2019-08": 2
        },
        "32": {
            "2018-01": 1,
            "2018-08": 1
        }
    }
}