{
    "hours": {
        "1": {
            "2021-06": -4.0,
            "2025-06": -85.0
        },
        "2": {
            "2018-01": -91.0
        },
        "8": {
            "2018-01": -115.0,
            "2018-02": -115.0
        }
    },
    "resources": {
        "16": {
            "2023-10": 1
        },
        "4": {
            "2021-02": 4,
            "2021-03": 4,
            "2021-04": 4,
            "2021-05": 5,
            "2021-06": 4,
            "2021-07": 2,
            "2021-09": 1,
            "2021-10": 2
        }
    }
}