{
    "hours": {
        "4": {
            "2019-10": -10.0
        },
        "7": {
            "2018-02": -142.0,
            "2019-09": -225.0
        },
        "8": {
            "2018-01": -324.0
        }
    },
    "resources": {
        "10": {
            "2018-09": 1,
            "2018-10": 1,
            "2018-11": 1,
            "2018-12": 1
        },
        "11": {
            "2019-09": 1
        },
        "20": {
            "2018-01": 2,
            "2018-02": 1,
            "2018-03": 1,
            "2018-06": 1,
            "2018-07": 1,
            "2018-08": 1,
            "2018-09": 1,
            "2018-10": 1
        },
        "21": {
            "2018-11": 2,
            "2018-12": 1
        }
    }
}