{
    "capacity": {
        "1": {
            "2018-02": -1
        }
    },
    "hours": {
        "7": {
            "2019-09": -179.0
        },
        "8": {
            "2018-01": -324.0
        }
    },
    "resources": {
        "10": {
            "2018-02": 1,
            "2018-03": 1,
            "2018-04": 1,
            "2018-05": 1
        },
        "12": {
            "2019-10": 1
        },
        "20": {
            "2018-01": 2,
            "2018-02": 2,
            "2018-03": 1
        },
        "21": {
            "2018-11": 2,
            "2018-12": 2,
            "2019-01": 2,
            "2019-02": 1
        }
    }
}