{
    "hours": {
        "1": {
            "2020-06": -47.0,
            "2020-07": -203.0,
            "2020-08": -380.0,
            "2020-09": -557.0,
            "2020-10": -734.0,
            "2020-11": -911.0,
            "2020-12": -1088.0,
            "2021-01": -1265.0,
            "2021-02": -664.0,
            "2021-03": -1036.0,
            "2021-04": -1408.0,
            "2021-05": -1687.0,
            "2021-06": -1966.0,
            "2021-07": -1966.0,
            "2021-08": -1966.0,
            "2021-09": -1966.0,
            "2021-10": -1154.0,
            "2021-11": -1247.0,
            "2021-12": -1340.0,
            "2022-01": -1433.0,
            "2022-02": -1526.0,
            "2022-03": -1619.0,
            "2024-09": -278.0,
            "2024-10": -371.0,
            "2025-03": -15.0,
            "2025-04": -108.0,
            "2025-05": -201.0,
            "2025-06": -294.0
        },
        "2": {
            "2018-01": -91.0,
            "2018-02": -133.0,
            "2018-03": -175.0,
            "2018-04": -217.0,
            "2018-05": -259.0,
            "2018-06": -301.0
        },
        "4": {
            "2018-01": -382.0,
            "2018-02": -382.0,
            "2018-03": -382.0,
            "2023-03": -178.0,
            "2023-04": -409.0,
            "2023-05": -640.0,
            "2023-06": -871.0,
            "2023-07": -142.0,
            "2023-08": -373.0
        },
        "8": {
            "2018-01": -115.0,
            "2018-02": -115.0
        }
    },
    "min_assign": {
        "0": {
            "2021-10": {
                "2021-10": {
                    "4": 2
                }
            }
        },
        "46": {
            "2021-10": {
                "2022-02": {
                    "35": 1
                }
            }
        },
        "5": {
            "2021-10": {
                "2021-10": {
                    "4": 2
                }
            }
        },
        "51": {
            "2021-06": {
                "2021-06": {
                    "24": 2
                }
            },
            "2021-10": {
                "2021-10": {
                    "24": 2
                }
            }
        },
        "52": {
            "2021-10": {
                "2022-02": {
                    "35": 1
                }
            }
        }
    },
    "resources": {
        "11": {
            "2018-08": 1,
            "2018-09": 1,
            "2019-02": 1,
            "2019-03": 1,
            "2019-04": 2
        },
        "12": {
            "2019-05": 1,
            "2019-06": 1,
            "2019-07": 1,
            "2019-08": 1,
            "2019-09": 1,
            "2019-10": 1,
            "2019-11": 2,
            "2019-12": 3,
            "2020-01": 3
        },
        "16": {
            "2023-09": 1,
            "2023-10": 1
        },
        "2": {
            "2019-12": 1,
            "2020-01": 1,
            "2020-02": 1,
            "2020-05": 1,
            "2020-06": 1,
            "2020-07": 1
        },
        "24": {
            "2021-09": 1
        },
        "33": {
            "2020-10": 1
        },
        "35": {
            "2021-05": 2,
            "2021-06": 2,
            "2021-07": 2,
            "2021-08": 2,
            "2021-09": 2
        },
        "4": {
            "2021-02": 2,
            "2021-03": 2,
            "2021-04": 2,
            "2021-05": 3,
            "2021-06": 3,
            "2021-07": 6,
            "2021-08": 6,
            "2021-09": 6,
            "2021-10": 4
        },
        "5": {
            "2022-04": 1
        },
        "7": {
            "2023-09": 1
        }
    }
}