{
    "hours": {
        "1": {
            "2018-02": -51.0,
            "2018-03": -104.0
        },
        "4": {
            "2020-05": -214.0
        },
        "6": {
            "2022-08": -68.0
        },
        "7": {
            "2022-03": -275.0
        },
        "9": {
            "2021-05": -11.0,
            "2021-08": -3.0,
            "2021-12": -95.0,
            "2022-03": -9.0,
            "2022-04": -249.0,
            "2022-07": -65.0,
            "2023-03": -158.0,
            "2023-06": -8.0,
            "2023-07": -200.0,
            "2024-04": -94.0
        }
    },
    "resources": {
        "22": {
            "2019-01": 1,
            "2019-02": 1,
            "2019-03": 1,
            "2019-04": 1
        },
        "23": {
            "2019-11": 2,
            "2019-12": 2,
            "2020-01": 2,
            "2020-02": 2
        },
        "24": {
            "2020-03": 1,
            "2020-04": 1,
            "2020-05": 1
        },
        "26": {
            "2021-11": 1,
            "2021-12": 1
        },
        "3": {
            "2020-05": 2,
            "2020-06": 1,
            "2020-07": 1,
            "2020-12": 1,
            "2021-01": 1
        },
        "31": {
            "2018-02": 1,
            "2018-03": 1,
            "2018-04": 1,
            "2018-05": 2,
            "2018-06": 1,
            "2018-07": 1,
            "2018-08": 1
        },
        "34": {
            "2020-01": 1,
            "2020-02": 1,
            "2020-03": 1,
            "2020-04": 1,
            "2020-05": 1,
            "2020-06": 1,
            "2020-07": 1,
            "2020-08": 1,
            "2020-09": 1
        },
        "35": {
            "2020-10": 1,
            "2020-11": 1,
            "2021-02": 1,
            "2021-03": 1,
            "2021-04": 2,
            "2021-05": 2
        },
        "36": {
            "2022-04": 1,
            "2022-05": 1
        },
        "38": {
            "2023-09": 1,
            "2023-10": 1,
            "2023-11": 1
        },
        "4": {
            "2021-02": 1,
            "2021-03": 1,
            "2021-04": 1,
            "2021-05": 1,
            "2021-06": 1,
            "2021-07": 1,
            "2021-08": 1,
            "2021-09": 1
        },
        "42": {
            "2018-01": 1,
            "2018-02": 1
        },
        "44": {
            "2019-04": 1,
            "2019-05": 1,
            "2019-06": 1,
            "2019-07": 1
        },
        "46": {
            "2020-08": 2,
            "2020-09": 1,
            "2020-11": 2,
            "2020-12": 1,
            "2021-01": 2,
            "2021-02": 2
        },
        "47": {
            "2021-03": 1,
            "2021-04": 1
        },
        "49": {
            "2022-08": 1,
            "2022-09": 1
        },
        "71": {
            "2024-12": 1
        },
        "8": {
            "2023-09": 1
        }
    }
}