{
    "hours": {
        "1": {
            "2024-09": -68.0
        },
        "4": {
            "2023-09": -79.0,
            "2025-06": -19.0
        }
    },
    "resources": {
        "1": {
            "2018-12": 2,
            "2019-01": 2
        },
        "12": {
            "2019-05": 2,
            "2020-01": 1
        },
        "16": {
            "2022-12": 2,
            "2023-01": 1,
            "2023-10": 1
        },
        "2": {
            "2019-08": 2,
            "2019-09": 1
        },
        "3": {
            "2020-08": 1,
            "2020-09": 1,
            "2020-10": 1,
            "2020-11": 1,
            "2020-12": 1,
            "2021-01": 1
        },
        "4": {
            "2021-02": 6,
            "2021-03": 4,
            "2021-04": 4,
            "2021-05": 2,
            "2021-06": 2,
            "2021-07": 1,
            "2021-09": 1,
            "2021-10": 1
        }
    }
}