{
    "hours": {
        "1": {
            "2020-03": -177.0,
            "2020-04": -363.0
        },
        "2": {
            "2022-03": -75.0,
            "2022-06": -83.0
        },
        "7": {
            "2020-03": -249.0,
            "2020-06": -35.0
        }
    },
    "resources": {
        "1": {
            "2018-11": 6,
            "2018-12": 6,
            "2019-01": 3
        },
        "10": {
            "2018-12": 1,
            "2019-01": 1,
            "2019-02": 1,
            "2019-10": 1,
            "2019-11": 1
        },
        "11": {
            "2020-06": 2,
            "2020-07": 3,
            "2020-08": 3
        },
        "49": {
            "2019-01": 2,
            "2019-02": 1
        }
    }
}