{
    "available": {
        "6": {
            "2021-04": -1,
            "2021-05": -1,
            "2021-06": -1
        }
    },
    "hours": {
        "1": {
            "2020-11": -17.0,
            "2020-12": -85.0
        },
        "3": {
            "2019-07": -73.0,
            "2019-08": -433.0,
            "2019-10": -67.0
        },
        "6": {
            "2020-11": -15.0,
            "2020-12": -74.0
        },
        "7": {
            "2019-12": -46.0
        }
    },
    "resources": {
        "0": {
            "2018-02": 1,
            "2018-06": 1,
            "2018-07": 1,
            "2018-08": 1,
            "2018-09": 1
        },
        "1": {
            "2018-10": 3,
            "2018-11": 3,
            "2018-12": 2,
            "2019-01": 2,
            "2019-07": 1,
            "2019-08": 1,
            "2019-09": 2
        },
        "13": {
            "2019-03": 1,
            "2019-04": 1,
            "2019-09": 1,
            "2019-10": 1
        },
        "2": {
            "2019-10": 2
        },
        "25": {
            "2019-05": 3,
            "2019-06": 3,
            "2019-07": 1,
            "2019-08": 1,
            "2019-09": 1,
            "2019-10": 1,
            "2019-11": 1,
            "2019-12": 1,
            "2020-01": 2,
            "2020-02": 2,
            "2020-03": 2,
            "2020-04": 2
        },
        "3": {
            "2020-10": 1
        }
    }
}