{
    "elapsed": {
        "M": {
            "57": {
                "2025-06": 0
            }
        }
    },
    "hours": {
        "1": {
            "2019-12": -44.0,
            "2020-08": -11.0
        },
        "3": {
            "2019-08": -131.0
        },
        "7": {
            "2019-11": -46.0,
            "2020-04": -6.0,
            "2020-05": -6.0,
            "2020-06": -6.0,
            "2020-07": -6.0,
            "2020-08": -6.0
        }
    },
    "resources": {
        "1": {
            "2018-10": 3,
            "2018-11": 3,
            "2018-12": 3,
            "2019-01": 3,
            "2019-02": 3,
            "2019-03": 2,
            "2019-04": 1,
            "2019-05": 1,
            "2019-06": 1,
            "2019-07": 1,
            "2019-08": 2,
            "2019-09": 3
        },
        "13": {
            "2019-09": 1,
            "2019-10": 1
        },
        "22": {
            "2025-05": 5,
            "2025-06": 5
        },
        "25": {
            "2019-05": 2,
            "2019-06": 1,
            "2019-07": 1,
            "2019-08": 1,
            "2019-09": 1,
            "2019-10": 1,
            "2019-11": 1,
            "2019-12": 1,
            "2020-01": 1,
            "2020-02": 1,
            "2020-03": 1,
            "2020-04": 1
        }
    }
}