{
    "maint_types": {
        "1": {
            "capacity": {}
        }
    },
    "maintenances": {
        "M": {
            "affects": [
                "M"
            ],
            "capacity": 7,
            "capacity_usage": 1,
            "depends_on": [
                "M"
            ],
            "duration_periods": 6,
            "elapsed_time_size": 15,
            "max_elapsed_time": 60,
            "max_used_time": 1000,
            "type": "1",
            "used_time_size": 1000
        }
    },
    "parameters": {
        "default_type2_capacity": 66,
        "elapsed_time_size": 15,
        "end": "2025-06",
        "initial_unbalance": [
            -3,
            3
        ],
        "maint_capacity": 7,
        "maint_duration": 6,
        "maint_weight": 1,
        "maintenances": {
            "M": {
                "affects": [],
                "capacity_usage": 1,
                "depends_on": [],
                "duration_periods": 4,
                "elapsed_time_size": 3,
                "max_elapsed_time": 60,
                "max_used_time": 1000,
                "priority": 0,
                "type": "1",
                "used_time_size": 1000
            },
            "VG": {
                "affects": [],
                "capacity_usage": 3,
                "depends_on": [
                    "M"
                ],
                "duration_periods": 1,
                "elapsed_time_size": 3,
                "max_elapsed_time": 8,
                "max_used_time": null,
                "priority": 10,
                "type": "2",
                "used_time_size": null
            },
            "VI": {
                "affects": [],
                "capacity_usage": 6,
                "depends_on": [
                    "M"
                ],
                "duration_periods": 1,
                "elapsed_time_size": 3,
                "max_elapsed_time": 17,
                "max_used_time": null,
                "priority": 5,
                "type": "2",
                "used_time_size": null
            },
            "VS": {
                "affects": [],
                "capacity_usage": 4,
                "depends_on": [
                    "M"
                ],
                "duration_periods": 1,
                "elapsed_time_size": null,
                "max_elapsed_time": null,
                "max_used_time": 600,
                "priority": 2,
                "type": "2",
                "used_time_size": 200
            }
        },
        "max_elapsed_time": 60,
        "max_elapsed_time_2M": null,
        "max_used_time": 1000,
        "min_avail_percent": 0.1,
        "min_avail_value": 1,
        "min_hours_perc": 0.5,
        "min_usage_period": 0,
        "num_parallel_tasks": 3,
        "num_period": 90,
        "num_resources": 45,
        "perc_add_capacity": 0.1,
        "perc_capacity": 0.15,
        "perc_in_maint": 0.07,
        "seed": 8005,
        "start": "2018-01",
        "t_duration": [
            6,
            12
        ],
        "t_min_assign": [
            2,
            3,
            6
        ],
        "t_num_resource": [
            1,
            6
        ],
        "t_required_hours": [
            10,
            50,
            100
        ],
        "unavail_weight": 1
    },
    "resources": {
        "0": {
            "capacities": [
                "0"
            ],
            "code": "",
            "initial": {
                "M": {
                    "elapsed": 23,
                    "used": 400
                }
            },
            "initial_elapsed": 23,
            "initial_used": 400,
            "min_usage_period": {
                "default": 0
            },
            "states": {},
            "type": 0
        },
        "1": {
            "capacities": [
                "0"
            ],
            "code": "",
            "initial": {
                "M": {
                    "elapsed": 46,
                    "used": 750
                }
            },
            "initial_elapsed": 46,
            "initial_used": 750,
            "min_usage_period": {
                "default": 0
            },
            "states": {},
            "type": 0
        },
        "10": {
            "capacities": [
                "2"
            ],
            "code": "",
            "initial": {
                "M": {
                    "elapsed": 5,
                    "used": 117
                }
            },
            "initial_elapsed": 5,
            "initial_used": 117,
            "min_usage_period": {
                "default": 0
            },
            "states": {},
            "type": 2
        },
        "11": {
            "capacities": [
                "2",
                "B"
            ],
            "code": "",
            "initial": {
                "M": {
                    "elapsed": 60,
                    "used": 1000
                }
            },
            "initial_elapsed": 60,
            "initial_used": 1000,
            "min_usage_period": {
                "default": 0
            },
            "states": {
                "2017-08": "M",
                "2017-09": "M",
                "2017-10": "M",
                "2017-11": "M",
                "2017-12": "M"
            },
            "type": 2
        },
        "12": {
            "capacities": [
                "2",
                "A"
            ],
            "code": "",
            "initial": {
                "M": {
                    "elapsed": 6,
                    "used": 50
                }
            },
            "initial_elapsed": 6,
            "initial_used": 50,
            "min_usage_period": {
                "default": 0
            },
            "states": {},
            "type": 2
        },
        "13": {
            "capacities": [
                "2",
                "A"
            ],
            "code": "",
            "initial": {
                "M": {
                    "elapsed": 6,
                    "used": 67
                }
            },
            "initial_elapsed": 6,
            "initial_used": 67,
            "min_usage_period": {
                "default": 0
            },
            "states": {},
            "type": 2
        },
        "14": {
            "capacities": [
                "2",
                "A"
            ],
            "code": "",
            "initial": {
                "M": {
                    "elapsed": 15,
                    "used": 267
                }
            },
            "initial_elapsed": 15,
            "initial_used": 267,
            "min_usage_period": {
                "default": 0
            },
            "states": {},
            "type": 2
        },
        "15": {
            "capacities": [
                "2"
            ],
            "code": "",
            "initial": {
                "M": {
                    "elapsed": 12,
                    "used": 217
                }
            },
            "initial_elapsed": 12,
            "initial_used": 217,
            "min_usage_period": {
                "default": 0
            },
            "states": {},
            "type": 2
        },
        "16": {
            "capacities": [
                "1"
            ],
            "code": "",
            "initial": {
                "M": {
                    "elapsed": 7,
                    "used": 117
                }
            },
            "initial_elapsed": 7,
            "initial_used": 117,
            "min_usage_period": {
                "default": 0
            },
            "states": {},
            "type": 1
        },
        "17": {
            "capacities": [
                "0"
            ],
            "code": "",
            "initial": {
                "M": {
                    "elapsed": 29,
                    "used": 434
                }
            },
            "initial_elapsed": 29,
            "initial_used": 434,
            "min_usage_period": {
                "default": 0
            },
            "states": {},
            "type": 0
        },
        "18": {
            "capacities": [
                "2",
                "A"
            ],
            "code": "",
            "initial": {
                "M": {
                    "elapsed": 24,
                    "used": 350
                }
            },
            "initial_elapsed": 24,
            "initial_used": 350,
            "min_usage_period": {
                "default": 0
            },
            "states": {},
            "type": 2
        },
        "19": {
            "capacities": [
                "1"
            ],
            "code": "",
            "initial": {
                "M": {
                    "elapsed": 39,
                    "used": 650
                }
            },
            "initial_elapsed": 39,
            "initial_used": 650,
            "min_usage_period": {
                "default": 0
            },
            "states": {},
            "type": 1
        },
        "2": {
            "capacities": [
                "0"
            ],
            "code": "",
            "initial": {
                "M": {
                    "elapsed": 45,
                    "used": 800
                }
            },
            "initial_elapsed": 45,
            "initial_used": 800,
            "min_usage_period": {
                "default": 0
            },
            "states": {
                "2017-11": "0",
                "2017-12": "0"
            },
            "type": 0
        },
        "20": {
            "capacities": [
                "0"
            ],
            "code": "",
            "initial": {
                "M": {
                    "elapsed": 38,
                    "used": 684
                }
            },
            "initial_elapsed": 38,
            "initial_used": 684,
            "min_usage_period": {
                "default": 0
            },
            "states": {},
            "type": 0
        },
        "21": {
            "capacities": [
                "0"
            ],
            "code": "",
            "initial": {
                "M": {
                    "elapsed": 31,
                    "used": 517
                }
            },
            "initial_elapsed": 31,
            "initial_used": 517,
            "min_usage_period": {
                "default": 0
            },
            "states": {
                "2017-11": "0",
                "2017-12": "0"
            },
            "type": 0
        },
        "22": {
            "capacities": [
                "2",
                "A"
            ],
            "code": "",
            "initial": {
                "M": {
                    "elapsed": 59,
                    "used": 934
                }
            },
            "initial_elapsed": 59,
            "initial_used": 934,
            "min_usage_period": {
                "default": 0
            },
            "states": {},
            "type": 2
        },
        "23": {
            "capacities": [
                "2",
                "A"
            ],
            "code": "",
            "initial": {
                "M": {
                    "elapsed": 36,
                    "used": 617
                }
            },
            "initial_elapsed": 36,
            "initial_used": 617,
            "min_usage_period": {
                "default": 0
            },
            "states": {},
            "type": 2
        },
        "24": {
            "capacities": [
                "0"
            ],
            "code": "",
            "initial": {
                "M": {
                    "elapsed": 60,
                    "used": 1000
                }
            },
            "initial_elapsed": 60,
            "initial_used": 1000,
            "min_usage_period": {
                "default": 0
            },
            "states": {
                "2017-11": "M",
                "2017-12": "M"
            },
            "type": 0
        },
        "25": {
            "capacities": [
                "0"
            ],
            "code": "",
            "initial": {
                "M": {
                    "elapsed": 40,
                    "used": 617
                }
            },
            "initial_elapsed": 40,
            "initial_used": 617,
            "min_usage_period": {
                "default": 0
            },
            "states": {
                "2017-11": "0",
                "2017-12": "0"
            },
            "type": 0
        },
        "26": {
            "capacities": [
                "0"
            ],
            "code": "",
            "initial": {
                "M": {
                    "elapsed": 4,
                    "used": 100
                }
            },
            "initial_elapsed": 4,
            "initial_used": 100,
            "min_usage_period": {
                "default": 0
            },
            "states": {},
            "type": 0
        },
        "27": {
            "capacities": [
                "0"
            ],
            "code": "",
            "initial": {
                "M": {
                    "elapsed": 6,
                    "used": 150
                }
            },
            "initial_elapsed": 6,
            "initial_used": 150,
            "min_usage_period": {
                "default": 0
            },
            "states": {},
            "type": 0
        },
        "28": {
            "capacities": [
                "1"
            ],
            "code": "",
            "initial": {
                "M": {
                    "elapsed": 49,
                    "used": 850
                }
            },
            "initial_elapsed": 49,
            "initial_used": 850,
            "min_usage_period": {
                "default": 0
            },
            "states": {},
            "type": 1
        },
        "29": {
            "capacities": [
                "2",
                "B",
                "A"
            ],
            "code": "",
            "initial": {
                "M": {
                    "elapsed": 51,
                    "used": 867
                }
            },
            "initial_elapsed": 51,
            "initial_used": 867,
            "min_usage_period": {
                "default": 0
            },
            "states": {},
            "type": 2
        },
        "3": {
            "capacities": [
                "0"
            ],
            "code": "",
            "initial": {
                "M": {
                    "elapsed": 19,
                    "used": 334
                }
            },
            "initial_elapsed": 19,
            "initial_used": 334,
            "min_usage_period": {
                "default": 0
            },
            "states": {},
            "type": 0
        },
        "30": {
            "capacities": [
                "2"
            ],
            "code": "",
            "initial": {
                "M": {
                    "elapsed": 49,
                    "used": 850
                }
            },
            "initial_elapsed": 49,
            "initial_used": 850,
            "min_usage_period": {
                "default": 0
            },
            "states": {},
            "type": 2
        },
        "31": {
            "capacities": [
                "0"
            ],
            "code": "",
            "initial": {
                "M": {
                    "elapsed": 23,
                    "used": 350
                }
            },
            "initial_elapsed": 23,
            "initial_used": 350,
            "min_usage_period": {
                "default": 0
            },
            "states": {},
            "type": 0
        },
        "32": {
            "capacities": [
                "0"
            ],
            "code": "",
            "initial": {
                "M": {
                    "elapsed": 32,
                    "used": 484
                }
            },
            "initial_elapsed": 32,
            "initial_used": 484,
            "min_usage_period": {
                "default": 0
            },
            "states": {},
            "type": 0
        },
        "33": {
            "capacities": [
                "2"
            ],
            "code": "",
            "initial": {
                "M": {
                    "elapsed": 57,
                    "used": 1000
                }
            },
            "initial_elapsed": 57,
            "initial_used": 1000,
            "min_usage_period": {
                "default": 0
            },
            "states": {},
            "type": 2
        },
        "34": {
            "capacities": [
                "2",
                "A"
            ],
            "code": "",
            "initial": {
                "M": {
                    "elapsed": 58,
                    "used": 934
                }
            },
            "initial_elapsed": 58,
            "initial_used": 934,
            "min_usage_period": {
                "default": 0
            },
            "states": {},
            "type": 2
        },
        "35": {
            "capacities": [
                "1"
            ],
            "code": "",
            "initial": {
                "M": {
                    "elapsed": 28,
                    "used": 450
                }
            },
            "initial_elapsed": 28,
            "initial_used": 450,
            "min_usage_period": {
                "default": 0
            },
            "states": {},
            "type": 1
        },
        "36": {
            "capacities": [
                "1"
            ],
            "code": "",
            "initial": {
                "M": {
                    "elapsed": 43,
                    "used": 667
                }
            },
            "initial_elapsed": 43,
            "initial_used": 667,
            "min_usage_period": {
                "default": 0
            },
            "states": {},
            "type": 1
        },
        "37": {
            "capacities": [
                "2",
                "A"
            ],
            "code": "",
            "initial": {
                "M": {
                    "elapsed": 44,
                    "used": 700
                }
            },
            "initial_elapsed": 44,
            "initial_used": 700,
            "min_usage_period": {
                "default": 0
            },
            "states": {
                "2017-11": "20",
                "2017-12": "20"
            },
            "type": 2
        },
        "38": {
            "capacities": [
                "1"
            ],
            "code": "",
            "initial": {
                "M": {
                    "elapsed": 10,
                    "used": 167
                }
            },
            "initial_elapsed": 10,
            "initial_used": 167,
            "min_usage_period": {
                "default": 0
            },
            "states": {},
            "type": 1
        },
        "39": {
            "capacities": [
                "2"
            ],
            "code": "",
            "initial": {
                "M": {
                    "elapsed": 13,
                    "used": 200
                }
            },
            "initial_elapsed": 13,
            "initial_used": 200,
            "min_usage_period": {
                "default": 0
            },
            "states": {},
            "type": 2
        },
        "4": {
            "capacities": [
                "0"
            ],
            "code": "",
            "initial": {
                "M": {
                    "elapsed": 18,
                    "used": 267
                }
            },
            "initial_elapsed": 18,
            "initial_used": 267,
            "min_usage_period": {
                "default": 0
            },
            "states": {},
            "type": 0
        },
        "40": {
            "capacities": [
                "1"
            ],
            "code": "",
            "initial": {
                "M": {
                    "elapsed": 17,
                    "used": 334
                }
            },
            "initial_elapsed": 17,
            "initial_used": 334,
            "min_usage_period": {
                "default": 0
            },
            "states": {},
            "type": 1
        },
        "41": {
            "capacities": [
                "0"
            ],
            "code": "",
            "initial": {
                "M": {
                    "elapsed": 31,
                    "used": 567
                }
            },
            "initial_elapsed": 31,
            "initial_used": 567,
            "min_usage_period": {
                "default": 0
            },
            "states": {},
            "type": 0
        },
        "42": {
            "capacities": [
                "2"
            ],
            "code": "",
            "initial": {
                "M": {
                    "elapsed": 60,
                    "used": 1000
                }
            },
            "initial_elapsed": 60,
            "initial_used": 1000,
            "min_usage_period": {
                "default": 0
            },
            "states": {
                "2017-07": "M",
                "2017-08": "M",
                "2017-09": "M",
                "2017-10": "M",
                "2017-11": "M",
                "2017-12": "M"
            },
            "type": 2
        },
        "43": {
            "capacities": [
                "1"
            ],
            "code": "",
            "initial": {
                "M": {
                    "elapsed": 21,
                    "used": 384
                }
            },
            "initial_elapsed": 21,
            "initial_used": 384,
            "min_usage_period": {
                "default": 0
            },
            "states": {},
            "type": 1
        },
        "44": {
            "capacities": [
                "1"
            ],
            "code": "",
            "initial": {
                "M": {
                    "elapsed": 18,
                    "used": 350
                }
            },
            "initial_elapsed": 18,
            "initial_used": 350,
            "min_usage_period": {
                "default": 0
            },
            "states": {},
            "type": 1
        },
        "5": {
            "capacities": [
                "1"
            ],
            "code": "",
            "initial": {
                "M": {
                    "elapsed": 46,
                    "used": 767
                }
            },
            "initial_elapsed": 46,
            "initial_used": 767,
            "min_usage_period": {
                "default": 0
            },
            "states": {
                "2017-11": "10",
                "2017-12": "10"
            },
            "type": 1
        },
        "6": {
            "capacities": [
                "1"
            ],
            "code": "",
            "initial": {
                "M": {
                    "elapsed": 27,
                    "used": 400
                }
            },
            "initial_elapsed": 27,
            "initial_used": 400,
            "min_usage_period": {
                "default": 0
            },
            "states": {},
            "type": 1
        },
        "7": {
            "capacities": [
                "1"
            ],
            "code": "",
            "initial": {
                "M": {
                    "elapsed": 30,
                    "used": 550
                }
            },
            "initial_elapsed": 30,
            "initial_used": 550,
            "min_usage_period": {
                "default": 0
            },
            "states": {},
            "type": 1
        },
        "8": {
            "capacities": [
                "1"
            ],
            "code": "",
            "initial": {
                "M": {
                    "elapsed": 16,
                    "used": 284
                }
            },
            "initial_elapsed": 16,
            "initial_used": 284,
            "min_usage_period": {
                "default": 0
            },
            "states": {},
            "type": 1
        },
        "9": {
            "capacities": [
                "1"
            ],
            "code": "",
            "initial": {
                "M": {
                    "elapsed": 44,
                    "used": 750
                }
            },
            "initial_elapsed": 44,
            "initial_used": 750,
            "min_usage_period": {
                "default": 0
            },
            "states": {},
            "type": 1
        }
    },
    "tasks": {
        "0": {
            "capacities": [
                "0"
            ],
            "consumption": 66,
            "end": "2018-07",
            "matricule": "",
            "min_assign": 2,
            "num_resource": 3,
            "start": "2018-01",
            "type_resource": 0
        },
        "1": {
            "capacities": [
                "0"
            ],
            "consumption": 47,
            "end": "2019-05",
            "matricule": "",
            "min_assign": 2,
            "num_resource": 4,
            "start": "2018-08",
            "type_resource": 0
        },
        "10": {
            "capacities": [
                "1"
            ],
            "consumption": 63,
            "end": "2018-12",
            "matricule": "",
            "min_assign": 2,
            "num_resource": 2,
            "start": "2018-01",
            "type_resource": 1
        },
        "11": {
            "capacities": [
                "1"
            ],
            "consumption": 66,
            "end": "2019-09",
            "matricule": "",
            "min_assign": 6,
            "num_resource": 1,
            "start": "2019-01",
            "type_resource": 1
        },
        "12": {
            "capacities": [
                "1"
            ],
            "consumption": 64,
            "end": "2020-09",
            "matricule": "",
            "min_assign": 6,
            "num_resource": 5,
            "start": "2019-10",
            "type_resource": 1
        },
        "13": {
            "capacities": [
                "1"
            ],
            "consumption": 72,
            "end": "2021-07",
            "matricule": "",
            "min_assign": 6,
            "num_resource": 1,
            "start": "2020-10",
            "type_resource": 1
        },
        "14": {
            "capacities": [
                "1"
            ],
            "consumption": 67,
            "end": "2022-01",
            "matricule": "",
            "min_assign": 3,
            "num_resource": 4,
            "start": "2021-08",
            "type_resource": 1
        },
        "15": {
            "capacities": [
                "1"
            ],
            "consumption": 27,
            "end": "2022-11",
            "matricule": "",
            "min_assign": 6,
            "num_resource": 5,
            "start": "2022-02",
            "type_resource": 1
        },
        "16": {
            "capacities": [
                "1"
            ],
            "consumption": 60,
            "end": "2023-11",
            "matricule": "",
            "min_assign": 6,
            "num_resource": 3,
            "start": "2022-12",
            "type_resource": 1
        },
        "17": {
            "capacities": [
                "1"
            ],
            "consumption": 73,
            "end": "2024-10",
            "matricule": "",
            "min_assign": 2,
            "num_resource": 2,
            "start": "2023-12",
            "type_resource": 1
        },
        "18": {
            "capacities": [
                "1"
            ],
            "consumption": 53,
            "end": "2025-05",
            "matricule": "",
            "min_assign": 3,
            "num_resource": 5,
            "start": "2024-11",
            "type_resource": 1
        },
        "19": {
            "capacities": [
                "1"
            ],
            "consumption": 34,
            "end": "2025-06",
            "matricule": "",
            "min_assign": 3,
            "num_resource": 3,
            "start": "2025-06",
            "type_resource": 1
        },
        "2": {
            "capacities": [
                "0"
            ],
            "consumption": 50,
            "end": "2020-04",
            "matricule": "",
            "min_assign": 2,
            "num_resource": 5,
            "start": "2019-06",
            "type_resource": 0
        },
        "20": {
            "capacities": [
                "2"
            ],
            "consumption": 54,
            "end": "2018-09",
            "matricule": "",
            "min_assign": 6,
            "num_resource": 2,
            "start": "2018-01",
            "type_resource": 2
        },
        "21": {
            "capacities": [
                "2"
            ],
            "consumption": 47,
            "end": "2019-04",
            "matricule": "",
            "min_assign": 3,
            "num_resource": 1,
            "start": "2018-10",
            "type_resource": 2
        },
        "22": {
            "capacities": [
                "2"
            ],
            "consumption": 27,
            "end": "2019-12",
            "matricule": "",
            "min_assign": 2,
            "num_resource": 3,
            "start": "2019-05",
            "type_resource": 2
        },
        "23": {
            "capacities": [
                "2"
            ],
            "consumption": 88,
            "end": "2020-10",
            "matricule": "",
            "min_assign": 2,
            "num_resource": 5,
            "start": "2020-01",
            "type_resource": 2
        },
        "24": {
            "capacities": [
                "2"
            ],
            "consumption": 39,
            "end": "2021-10",
            "matricule": "",
            "min_assign": 2,
            "num_resource": 4,
            "start": "2020-11",
            "type_resource": 2
        },
        "25": {
            "capacities": [
                "2",
                "A"
            ],
            "consumption": 96,
            "end": "2022-04",
            "matricule": "",
            "min_assign": 6,
            "num_resource": 6,
            "start": "2021-11",
            "type_resource": 2
        },
        "26": {
            "capacities": [
                "2",
                "B"
            ],
            "consumption": 25,
            "end": "2023-01",
            "matricule": "",
            "min_assign": 6,
            "num_resource": 1,
            "start": "2022-05",
            "type_resource": 2
        },
        "27": {
            "capacities": [
                "2"
            ],
            "consumption": 17,
            "end": "2023-08",
            "matricule": "",
            "min_assign": 2,
            "num_resource": 4,
            "start": "2023-02",
            "type_resource": 2
        },
        "28": {
            "capacities": [
                "2"
            ],
            "consumption": 69,
            "end": "2024-04",
            "matricule": "",
            "min_assign": 2,
            "num_resource": 6,
            "start": "2023-09",
            "type_resource": 2
        },
        "29": {
            "capacities": [
                "2"
            ],
            "consumption": 64,
            "end": "2025-04",
            "matricule": "",
            "min_assign": 6,
            "num_resource": 6,
            "start": "2024-05",
            "type_resource": 2
        },
        "3": {
            "capacities": [
                "0"
            ],
            "consumption": 31,
            "end": "2020-12",
            "matricule": "",
            "min_assign": 3,
            "num_resource": 1,
            "start": "2020-05",
            "type_resource": 0
        },
        "30": {
            "capacities": [
                "2"
            ],
            "consumption": 55,
            "end": "2025-06",
            "matricule": "",
            "min_assign": 6,
            "num_resource": 4,
            "start": "2025-05",
            "type_resource": 2
        },
        "4": {
            "capacities": [
                "0"
            ],
            "consumption": 35,
            "end": "2021-12",
            "matricule": "",
            "min_assign": 6,
            "num_resource": 5,
            "start": "2021-01",
            "type_resource": 0
        },
        "5": {
            "capacities": [
                "0"
            ],
            "consumption": 49,
            "end": "2022-11",
            "matricule": "",
            "min_assign": 3,
            "num_resource": 4,
            "start": "2022-01",
            "type_resource": 0
        },
        "6": {
            "capacities": [
                "0"
            ],
            "consumption": 31,
            "end": "2023-10",
            "matricule": "",
            "min_assign": 6,
            "num_resource": 3,
            "start": "2022-12",
            "type_resource": 0
        },
        "7": {
            "capacities": [
                "0"
            ],
            "consumption": 51,
            "end": "2024-07",
            "matricule": "",
            "min_assign": 2,
            "num_resource": 1,
            "start": "2023-11",
            "type_resource": 0
        },
        "8": {
            "capacities": [
                "0"
            ],
            "consumption": 38,
            "end": "2025-02",
            "matricule": "",
            "min_assign": 2,
            "num_resource": 3,
            "start": "2024-08",
            "type_resource": 0
        },
        "9": {
            "capacities": [
                "0"
            ],
            "consumption": 47,
            "end": "2025-06",
            "matricule": "",
            "min_assign": 6,
            "num_resource": 4,
            "start": "2025-03",
            "type_resource": 0
        }
    }
}