{
    "elapsed": {
        "M": {
            "45": {
                "2025-06": 0
            }
        }
    },
    "hours": {
        "5": {
            "2025-04": -235.0,
            "2025-06": -130.0
        },
        "7": {
            "2019-09": -38.0,
            "2019-10": -64.0,
            "2019-11": -90.0,
            "2019-12": -116.0
        },
        "8": {
            "2018-01": -324.0
        }
    },
    "resources": {
        "10": {
            "2018-09": 1,
            "2018-10": 1,
            "2018-11": 1,
            "2018-12": 1
        },
        "16": {
            "2022-12": 2,
            "2023-07": 1,
            "2023-08": 1
        },
        "19": {
            "2025-01": 2
        },
        "20": {
            "2018-01": 4,
            "2018-02": 3,
            "2018-03": 3,
            "2018-04": 3,
            "2018-05": 2,
            "2018-06": 2,
            "2018-07": 3,
            "2018-08": 3,
            "2018-09": 3,
            "2018-10": 3
        }
    }
}