{
    "capacity": {
        "1": {
            "2018-01": -1,
            "2018-02": -1,
            "2018-03": -1,
            "2018-04": -1,
            "2018-05": -1,
            "2018-06": -1,
            "2018-12": -1,
            "2019-12": -1
        }
    },
    "hours": {
        "3": {
            "2019-01": -7.0,
            "2019-05": -35.0,
            "2019-06": -179.0,
            "2019-07": -395.0,
            "2023-04": -65.0,
            "2024-04": -53.0
        }
    },
    "resources": {
        "11": {
            "2018-01": 4,
            "2018-02": 4,
            "2018-03": 1,
            "2018-12": 1
        },
        "12": {
            "2019-01": 5,
            "2019-02": 3,
            "2019-03": 1
        },
        "13": {
            "2019-09": 2,
            "2019-10": 2,
            "2019-11": 2
        },
        "14": {
            "2020-07": 1
        },
        "17": {
            "2022-10": 3,
            "2022-11": 1,
            "2022-12": 1,
            "2023-01": 1
        },
        "20": {
            "2018-01": 2,
            "2018-02": 3,
            "2018-03": 2,
            "2018-04": 2,
            "2018-05": 1,
            "2018-06": 1,
            "2018-07": 1,
            "2018-08": 1,
            "2018-09": 1,
            "2018-10": 1
        },
        "21": {
            "2018-11": 5,
            "2018-12": 5,
            "2019-01": 5,
            "2019-02": 3,
            "2019-03": 2,
            "2019-04": 2,
            "2019-05": 2
        },
        "22": {
            "2019-06": 1,
            "2020-01": 1
        },
        "24": {
            "2021-05": 5,
            "2021-06": 5,
            "2021-07": 5,
            "2021-08": 3,
            "2021-09": 3,
            "2021-10": 3,
            "2021-11": 3,
            "2021-12": 3,
            "2022-01": 3,
            "2022-02": 3
        },
        "9": {
            "2024-06": 1
        }
    }
}