{
    "available": {
        "2": {
            "2018-01": -1,
            "2018-02": -1,
            "2018-03": -1
        }
    },
    "hours": {
        "1": {
            "2018-01": -122.0,
            "2022-01": -86.0,
            "2022-02": -342.0,
            "2022-05": -140.0,
            "2022-06": -396.0,
            "2022-07": -652.0,
            "2022-08": -908.0,
            "2022-09": -1164.0,
            "2022-10": -332.0
        },
        "10": {
            "2018-04": -2.0,
            "2018-05": -128.0,
            "2018-06": -191.0,
            "2018-07": -254.0,
            "2018-08": -317.0,
            "2019-10": -11.0,
            "2019-11": -191.0,
            "2019-12": -371.0,
            "2020-01": -551.0,
            "2020-02": -731.0,
            "2020-03": -911.0,
            "2020-04": -568.0,
            "2020-11": -83.0,
            "2020-12": -171.0,
            "2023-02": -23.0,
            "2023-03": -61.0,
            "2023-04": -99.0,
            "2023-05": -180.0,
            "2024-02": -100.0,
            "2024-03": -216.0,
            "2024-04": -332.0,
            "2024-10": -46.0,
            "2024-11": -236.0,
            "2024-12": -426.0,
            "2025-01": -616.0,
            "2025-02": -806.0,
            "2025-03": -996.0,
            "2025-04": -1186.0,
            "2025-05": -1376.0,
            "2025-06": -1566.0
        },
        "2": {
            "2019-06": -20.0,
            "2019-07": -73.0,
            "2019-08": -126.0,
            "2019-09": -179.0,
            "2019-10": -232.0,
            "2019-11": -285.0,
            "2019-12": -338.0,
            "2020-01": -338.0,
            "2022-07": -4.0,
            "2022-08": -68.0,
            "2022-09": -132.0,
            "2022-10": -132.0,
            "2022-11": -132.0,
            "2022-12": -132.0,
            "2023-01": -132.0,
            "2023-02": -132.0
        },
        "4": {
            "2020-04": -123.0,
            "2020-05": -174.0,
            "2020-06": -276.0,
            "2020-07": -378.0,
            "2020-08": -480.0,
            "2020-09": -582.0,
            "2020-10": -684.0,
            "2020-11": -250.0,
            "2020-12": -250.0,
            "2021-01": -250.0
        },
        "5": {
            "2020-01": -54.0,
            "2020-02": -202.0,
            "2020-03": -350.0,
            "2020-04": -424.0,
            "2020-05": -475.0,
            "2020-06": -526.0,
            "2020-07": -577.0,
            "2020-08": -628.0,
            "2020-09": -679.0,
            "2020-10": -730.0,
            "2020-11": -245.0,
            "2020-12": -245.0,
            "2021-01": -245.0
        },
        "6": {
            "2020-01": -74.0,
            "2020-02": -222.0,
            "2020-03": -370.0,
            "2020-04": -444.0,
            "2020-05": -495.0,
            "2020-06": -546.0,
            "2020-07": -597.0,
            "2020-08": -648.0,
            "2020-09": -699.0,
            "2020-10": -750.0,
            "2020-11": -265.0,
            "2020-12": -341.0,
            "2021-01": -417.0,
            "2023-09": -13.0,
            "2023-10": -43.0,
            "2023-11": -73.0,
            "2023-12": -103.0,
            "2024-01": -133.0,
            "2024-02": -163.0,
            "2024-03": -193.0,
            "2024-04": -223.0,
            "2024-05": -223.0,
            "2024-06": -223.0
        },
        "7": {
            "2024-10": -44.0,
            "2024-11": -251.0,
            "2024-12": -458.0,
            "2025-03": -148.0,
            "2025-04": -385.0,
            "2025-05": -622.0,
            "2025-06": -859.0
        },
        "8": {
            "2020-11": -10.0,
            "2020-12": -186.0,
            "2025-03": -111.0,
            "2025-04": -301.0,
            "2025-05": -491.0,
            "2025-06": -681.0
        },
        "9": {
            "2018-01": -898.0,
            "2018-02": -898.0,
            "2022-05": -55.0,
            "2022-06": -155.0,
            "2022-07": -255.0,
            "2022-08": -405.0,
            "2022-09": -555.0,
            "2022-10": -705.0,
            "2022-11": -743.0,
            "2022-12": -781.0,
            "2023-01": -213.0,
            "2023-02": -251.0,
            "2023-03": -289.0,
            "2023-04": -327.0
        }
    },
    "resources": {
        "10": {
            "2025-04": 6,
            "2025-05": 6,
            "2025-06": 6
        },
        "13": {
            "2019-08": 3,
            "2019-09": 3,
            "2019-10": 3,
            "2019-11": 3,
            "2019-12": 3,
            "2020-01": 3,
            "2020-02": 3,
            "2020-03": 3,
            "2020-04": 4
        },
        "14": {
            "2020-05": 1
        },
        "16": {
            "2021-07": 1,
            "2021-08": 1,
            "2021-09": 1,
            "2021-10": 1,
            "2021-11": 1,
            "2021-12": 1
        },
        "21": {
            "2024-12": 1
        },
        "22": {
            "2018-02": 1,
            "2018-03": 1,
            "2018-04": 1,
            "2018-05": 2,
            "2018-06": 2,
            "2018-07": 2,
            "2018-08": 2,
            "2018-09": 2
        },
        "24": {
            "2020-01": 1,
            "2020-02": 1,
            "2020-03": 1,
            "2020-04": 2
        },
        "25": {
            "2020-12": 1,
            "2021-01": 2
        },
        "27": {
            "2021-09": 1,
            "2021-10": 1,
            "2021-11": 1,
            "2022-02": 2,
            "2022-03": 3,
            "2022-04": 3
        },
        "29": {
            "2023-04": 1,
            "2023-05": 1
        },
        "3": {
            "2020-01": 1,
            "2020-07": 2
        },
        "30": {
            "2024-02": 1
        },
        "33": {
            "2018-01": 1,
            "2018-02": 1,
            "2018-03": 1,
            "2018-06": 1,
            "2018-07": 1,
            "2018-08": 2
        },
        "34": {
            "2018-09": 1,
            "2018-10": 1,
            "2018-11": 1,
            "2018-12": 1,
            "2019-01": 1,
            "2019-02": 1
        },
        "36": {
            "2020-04": 1
        },
        "37": {
            "2021-01": 3
        },
        "40": {
            "2022-04": 3,
            "2022-05": 3,
            "2022-06": 3,
            "2022-07": 3,
            "2022-08": 2,
            "2022-09": 2,
            "2022-10": 2
        },
        "42": {
            "2023-05": 1,
            "2023-06": 1,
            "2023-07": 1,
            "2023-08": 1,
            "2023-09": 1,
            "2023-10": 1,
            "2023-11": 1
        },
        "43": {
            "2024-07": 1,
            "2024-08": 1,
            "2024-09": 1,
            "2024-10": 1
        },
        "6": {
            "2022-10": 2
        },
        "9": {
            "2024-10": 2,
            "2024-11": 2,
            "2024-12": 2,
            "2025-01": 2,
            "2025-02": 2,
            "2025-03": 2
        }
    }
}