{
    "hours": {
        "7": {
            "2018-07": -11.0,
            "2018-08": -11.0,
            "2018-09": -11.0
        }
    },
    "maint_size": {
        "3": {
            "2023-03": 6
        }
    },
    "min_assign": {
        "3": {
            "2023-03": {
                "2024-02": {
                    "M": -6
                }
            }
        }
    },
    "resources": {
        "13": {
            "2019-06": 1
        },
        "42": {
            "2025-03": 1,
            "2025-04": 1,
            "2025-05": 1,
            "2025-06": 1
        }
    }
}