{
    "maint_types": {
        "1": {
            "capacity": {}
        }
    },
    "maintenances": {
        "M": {
            "affects": [
                "M"
            ],
            "capacity": 9,
            "capacity_usage": 1,
            "depends_on": [
                "M"
            ],
            "duration_periods": 6,
            "elapsed_time_size": 15,
            "max_elapsed_time": 60,
            "max_used_time": 1000,
            "type": "1",
            "used_time_size": 1000
        }
    },
    "parameters": {
        "default_type2_capacity": 66,
        "elapsed_time_size": 15,
        "end": "2025-06",
        "initial_unbalance": [
            -3,
            3
        ],
        "maint_capacity": 9,
        "maint_duration": 6,
        "maint_weight": 1,
        "maintenances": {
            "M": {
                "affects": [],
                "capacity_usage": 1,
                "depends_on": [],
                "duration_periods": 4,
                "elapsed_time_size": 3,
                "max_elapsed_time": 60,
                "max_used_time": 1000,
                "priority": 0,
                "type": "1",
                "used_time_size": 1000
            },
            "VG": {
                "affects": [],
                "capacity_usage": 3,
                "depends_on": [
                    "M"
                ],
                "duration_periods": 1,
                "elapsed_time_size": 3,
                "max_elapsed_time": 8,
                "max_used_time": null,
                "priority": 10,
                "type": "2",
                "used_time_size": null
            },
            "VI": {
                "affects": [],
                "capacity_usage": 6,
                "depends_on": [
                    "M"
                ],
                "duration_periods": 1,
                "elapsed_time_size": 3,
                "max_elapsed_time": 17,
                "max_used_time": null,
                "priority": 5,
                "type": "2",
                "used_time_size": null
            },
            "VS": {
                "affects": [],
                "capacity_usage": 4,
                "depends_on": [
                    "M"
                ],
                "duration_periods": 1,
                "elapsed_time_size": null,
                "max_elapsed_time": null,
                "max_used_time": 600,
                "priority": 2,
                "type": "2",
                "used_time_size": 200
            }
        },
        "max_elapsed_time": 60,
        "max_elapsed_time_2M": null,
        "max_used_time": 1000,
        "min_avail_percent": 0.1,
        "min_avail_value": 1,
        "min_hours_perc": 0.5,
        "min_usage_period": 0,
        "num_parallel_tasks": 4,
        "num_period": 90,
        "num_resources": 60,
        "perc_add_capacity": 0.1,
        "perc_capacity": 0.15,
        "perc_in_maint": 0.07,
        "seed": 89,
        "start": "2018-01",
        "t_duration": [
            6,
            12
        ],
        "t_min_assign": [
            2,
            3,
            6
        ],
        "t_num_resource": [
            1,
            6
        ],
        "t_required_hours": [
            10,
            50,
            100
        ],
        "unavail_weight": 1
    },
    "resources": {
        "0": {
            "capacities": [
                "0"
            ],
            "code": "",
            "initial": {
                "M": {
                    "elapsed": 25,
                    "used": 400
                }
            },
            "initial_elapsed": 25,
            "initial_used": 400,
            "min_usage_period": {
                "default": 0
            },
            "states": {},
            "type": 0
        },
        "1": {
            "capacities": [
                "0"
            ],
            "code": "",
            "initial": {
                "M": {
                    "elapsed": 31,
                    "used": 467
                }
            },
            "initial_elapsed": 31,
            "initial_used": 467,
            "min_usage_period": {
                "default": 0
            },
            "states": {},
            "type": 0
        },
        "10": {
            "capacities": [
                "1"
            ],
            "code": "",
            "initial": {
                "M": {
                    "elapsed": 8,
                    "used": 150
                }
            },
            "initial_elapsed": 8,
            "initial_used": 150,
            "min_usage_period": {
                "default": 0
            },
            "states": {},
            "type": 1
        },
        "11": {
            "capacities": [
                "1"
            ],
            "code": "",
            "initial": {
                "M": {
                    "elapsed": 60,
                    "used": 1000
                }
            },
            "initial_elapsed": 60,
            "initial_used": 1000,
            "min_usage_period": {
                "default": 0
            },
            "states": {
                "2017-09": "M",
                "2017-10": "M",
                "2017-11": "M",
                "2017-12": "M"
            },
            "type": 1
        },
        "12": {
            "capacities": [
                "2"
            ],
            "code": "",
            "initial": {
                "M": {
                    "elapsed": 27,
                    "used": 484
                }
            },
            "initial_elapsed": 27,
            "initial_used": 484,
            "min_usage_period": {
                "default": 0
            },
            "states": {},
            "type": 2
        },
        "13": {
            "capacities": [
                "2"
            ],
            "code": "",
            "initial": {
                "M": {
                    "elapsed": 59,
                    "used": 934
                }
            },
            "initial_elapsed": 59,
            "initial_used": 934,
            "min_usage_period": {
                "default": 0
            },
            "states": {},
            "type": 2
        },
        "14": {
            "capacities": [
                "2"
            ],
            "code": "",
            "initial": {
                "M": {
                    "elapsed": 11,
                    "used": 217
                }
            },
            "initial_elapsed": 11,
            "initial_used": 217,
            "min_usage_period": {
                "default": 0
            },
            "states": {},
            "type": 2
        },
        "15": {
            "capacities": [
                "2"
            ],
            "code": "",
            "initial": {
                "M": {
                    "elapsed": 4,
                    "used": 34
                }
            },
            "initial_elapsed": 4,
            "initial_used": 34,
            "min_usage_period": {
                "default": 0
            },
            "states": {},
            "type": 2
        },
        "16": {
            "capacities": [
                "2"
            ],
            "code": "",
            "initial": {
                "M": {
                    "elapsed": 59,
                    "used": 1000
                }
            },
            "initial_elapsed": 59,
            "initial_used": 1000,
            "min_usage_period": {
                "default": 0
            },
            "states": {},
            "type": 2
        },
        "17": {
            "capacities": [
                "2"
            ],
            "code": "",
            "initial": {
                "M": {
                    "elapsed": 60,
                    "used": 1000
                }
            },
            "initial_elapsed": 60,
            "initial_used": 1000,
            "min_usage_period": {
                "default": 0
            },
            "states": {
                "2017-12": "M"
            },
            "type": 2
        },
        "18": {
            "capacities": [
                "C",
                "3"
            ],
            "code": "",
            "initial": {
                "M": {
                    "elapsed": 48,
                    "used": 784
                }
            },
            "initial_elapsed": 48,
            "initial_used": 784,
            "min_usage_period": {
                "default": 0
            },
            "states": {
                "2017-09": "32",
                "2017-10": "32",
                "2017-11": "32",
                "2017-12": "32"
            },
            "type": 3
        },
        "19": {
            "capacities": [
                "3"
            ],
            "code": "",
            "initial": {
                "M": {
                    "elapsed": 47,
                    "used": 800
                }
            },
            "initial_elapsed": 47,
            "initial_used": 800,
            "min_usage_period": {
                "default": 0
            },
            "states": {},
            "type": 3
        },
        "2": {
            "capacities": [
                "A",
                "0",
                "B"
            ],
            "code": "",
            "initial": {
                "M": {
                    "elapsed": 46,
                    "used": 767
                }
            },
            "initial_elapsed": 46,
            "initial_used": 767,
            "min_usage_period": {
                "default": 0
            },
            "states": {
                "2017-11": "0",
                "2017-12": "0"
            },
            "type": 0
        },
        "20": {
            "capacities": [
                "3"
            ],
            "code": "",
            "initial": {
                "M": {
                    "elapsed": 31,
                    "used": 534
                }
            },
            "initial_elapsed": 31,
            "initial_used": 534,
            "min_usage_period": {
                "default": 0
            },
            "states": {
                "2017-09": "32",
                "2017-10": "32",
                "2017-11": "32",
                "2017-12": "32"
            },
            "type": 3
        },
        "21": {
            "capacities": [
                "D",
                "3"
            ],
            "code": "",
            "initial": {
                "M": {
                    "elapsed": 35,
                    "used": 584
                }
            },
            "initial_elapsed": 35,
            "initial_used": 584,
            "min_usage_period": {
                "default": 0
            },
            "states": {},
            "type": 3
        },
        "22": {
            "capacities": [
                "3"
            ],
            "code": "",
            "initial": {
                "M": {
                    "elapsed": 60,
                    "used": 1000
                }
            },
            "initial_elapsed": 60,
            "initial_used": 1000,
            "min_usage_period": {
                "default": 0
            },
            "states": {
                "2017-07": "M",
                "2017-08": "M",
                "2017-09": "M",
                "2017-10": "M",
                "2017-11": "M",
                "2017-12": "M"
            },
            "type": 3
        },
        "23": {
            "capacities": [
                "D",
                "3"
            ],
            "code": "",
            "initial": {
                "M": {
                    "elapsed": 56,
                    "used": 900
                }
            },
            "initial_elapsed": 56,
            "initial_used": 900,
            "min_usage_period": {
                "default": 0
            },
            "states": {
                "2017-09": "32",
                "2017-10": "32",
                "2017-11": "32",
                "2017-12": "32"
            },
            "type": 3
        },
        "24": {
            "capacities": [
                "3"
            ],
            "code": "",
            "initial": {
                "M": {
                    "elapsed": 43,
                    "used": 734
                }
            },
            "initial_elapsed": 43,
            "initial_used": 734,
            "min_usage_period": {
                "default": 0
            },
            "states": {},
            "type": 3
        },
        "25": {
            "capacities": [
                "2"
            ],
            "code": "",
            "initial": {
                "M": {
                    "elapsed": 39,
                    "used": 700
                }
            },
            "initial_elapsed": 39,
            "initial_used": 700,
            "min_usage_period": {
                "default": 0
            },
            "states": {},
            "type": 2
        },
        "26": {
            "capacities": [
                "0"
            ],
            "code": "",
            "initial": {
                "M": {
                    "elapsed": 28,
                    "used": 434
                }
            },
            "initial_elapsed": 28,
            "initial_used": 434,
            "min_usage_period": {
                "default": 0
            },
            "states": {},
            "type": 0
        },
        "27": {
            "capacities": [
                "1"
            ],
            "code": "",
            "initial": {
                "M": {
                    "elapsed": 14,
                    "used": 184
                }
            },
            "initial_elapsed": 14,
            "initial_used": 184,
            "min_usage_period": {
                "default": 0
            },
            "states": {},
            "type": 1
        },
        "28": {
            "capacities": [
                "2"
            ],
            "code": "",
            "initial": {
                "M": {
                    "elapsed": 39,
                    "used": 617
                }
            },
            "initial_elapsed": 39,
            "initial_used": 617,
            "min_usage_period": {
                "default": 0
            },
            "states": {},
            "type": 2
        },
        "29": {
            "capacities": [
                "2"
            ],
            "code": "",
            "initial": {
                "M": {
                    "elapsed": 50,
                    "used": 834
                }
            },
            "initial_elapsed": 50,
            "initial_used": 834,
            "min_usage_period": {
                "default": 0
            },
            "states": {},
            "type": 2
        },
        "3": {
            "capacities": [
                "0",
                "B"
            ],
            "code": "",
            "initial": {
                "M": {
                    "elapsed": 4,
                    "used": 117
                }
            },
            "initial_elapsed": 4,
            "initial_used": 117,
            "min_usage_period": {
                "default": 0
            },
            "states": {},
            "type": 0
        },
        "30": {
            "capacities": [
                "D",
                "3"
            ],
            "code": "",
            "initial": {
                "M": {
                    "elapsed": 59,
                    "used": 934
                }
            },
            "initial_elapsed": 59,
            "initial_used": 934,
            "min_usage_period": {
                "default": 0
            },
            "states": {},
            "type": 3
        },
        "31": {
            "capacities": [
                "D",
                "C",
                "3"
            ],
            "code": "",
            "initial": {
                "M": {
                    "elapsed": 24,
                    "used": 450
                }
            },
            "initial_elapsed": 24,
            "initial_used": 450,
            "min_usage_period": {
                "default": 0
            },
            "states": {},
            "type": 3
        },
        "32": {
            "capacities": [
                "1"
            ],
            "code": "",
            "initial": {
                "M": {
                    "elapsed": 27,
                    "used": 467
                }
            },
            "initial_elapsed": 27,
            "initial_used": 467,
            "min_usage_period": {
                "default": 0
            },
            "states": {},
            "type": 1
        },
        "33": {
            "capacities": [
                "0"
            ],
            "code": "",
            "initial": {
                "M": {
                    "elapsed": 55,
                    "used": 917
                }
            },
            "initial_elapsed": 55,
            "initial_used": 917,
            "min_usage_period": {
                "default": 0
            },
            "states": {
                "2017-11": "0",
                "2017-12": "0"
            },
            "type": 0
        },
        "34": {
            "capacities": [
                "D",
                "3"
            ],
            "code": "",
            "initial": {
                "M": {
                    "elapsed": 56,
                    "used": 900
                }
            },
            "initial_elapsed": 56,
            "initial_used": 900,
            "min_usage_period": {
                "default": 0
            },
            "states": {
                "2017-09": "32",
                "2017-10": "32",
                "2017-11": "32",
                "2017-12": "32"
            },
            "type": 3
        },
        "35": {
            "capacities": [
                "1"
            ],
            "code": "",
            "initial": {
                "M": {
                    "elapsed": 40,
                    "used": 634
                }
            },
            "initial_elapsed": 40,
            "initial_used": 634,
            "min_usage_period": {
                "default": 0
            },
            "states": {
                "2017-07": "11",
                "2017-08": "11",
                "2017-09": "11",
                "2017-10": "11",
                "2017-11": "11",
                "2017-12": "11"
            },
            "type": 1
        },
        "36": {
            "capacities": [
                "D",
                "3"
            ],
            "code": "",
            "initial": {
                "M": {
                    "elapsed": 26,
                    "used": 450
                }
            },
            "initial_elapsed": 26,
            "initial_used": 450,
            "min_usage_period": {
                "default": 0
            },
            "states": {},
            "type": 3
        },
        "37": {
            "capacities": [
                "0"
            ],
            "code": "",
            "initial": {
                "M": {
                    "elapsed": 17,
                    "used": 284
                }
            },
            "initial_elapsed": 17,
            "initial_used": 284,
            "min_usage_period": {
                "default": 0
            },
            "states": {},
            "type": 0
        },
        "38": {
            "capacities": [
                "1"
            ],
            "code": "",
            "initial": {
                "M": {
                    "elapsed": 40,
                    "used": 700
                }
            },
            "initial_elapsed": 40,
            "initial_used": 700,
            "min_usage_period": {
                "default": 0
            },
            "states": {
                "2017-03": "11",
                "2017-04": "11",
                "2017-05": "11",
                "2017-06": "11",
                "2017-07": "11",
                "2017-08": "11",
                "2017-09": "11",
                "2017-10": "11",
                "2017-11": "11",
                "2017-12": "11"
            },
            "type": 1
        },
        "39": {
            "capacities": [
                "1"
            ],
            "code": "",
            "initial": {
                "M": {
                    "elapsed": 14,
                    "used": 234
                }
            },
            "initial_elapsed": 14,
            "initial_used": 234,
            "min_usage_period": {
                "default": 0
            },
            "states": {},
            "type": 1
        },
        "4": {
            "capacities": [
                "A",
                "0"
            ],
            "code": "",
            "initial": {
                "M": {
                    "elapsed": 5,
                    "used": 67
                }
            },
            "initial_elapsed": 5,
            "initial_used": 67,
            "min_usage_period": {
                "default": 0
            },
            "states": {},
            "type": 0
        },
        "40": {
            "capacities": [
                "2"
            ],
            "code": "",
            "initial": {
                "M": {
                    "elapsed": 25,
                    "used": 467
                }
            },
            "initial_elapsed": 25,
            "initial_used": 467,
            "min_usage_period": {
                "default": 0
            },
            "states": {},
            "type": 2
        },
        "41": {
            "capacities": [
                "1"
            ],
            "code": "",
            "initial": {
                "M": {
                    "elapsed": 49,
                    "used": 867
                }
            },
            "initial_elapsed": 49,
            "initial_used": 867,
            "min_usage_period": {
                "default": 0
            },
            "states": {},
            "type": 1
        },
        "42": {
            "capacities": [
                "3"
            ],
            "code": "",
            "initial": {
                "M": {
                    "elapsed": 17,
                    "used": 250
                }
            },
            "initial_elapsed": 17,
            "initial_used": 250,
            "min_usage_period": {
                "default": 0
            },
            "states": {},
            "type": 3
        },
        "43": {
            "capacities": [
                "2"
            ],
            "code": "",
            "initial": {
                "M": {
                    "elapsed": 23,
                    "used": 350
                }
            },
            "initial_elapsed": 23,
            "initial_used": 350,
            "min_usage_period": {
                "default": 0
            },
            "states": {},
            "type": 2
        },
        "44": {
            "capacities": [
                "A",
                "0"
            ],
            "code": "",
            "initial": {
                "M": {
                    "elapsed": 43,
                    "used": 684
                }
            },
            "initial_elapsed": 43,
            "initial_used": 684,
            "min_usage_period": {
                "default": 0
            },
            "states": {},
            "type": 0
        },
        "45": {
            "capacities": [
                "A",
                "0",
                "B"
            ],
            "code": "",
            "initial": {
                "M": {
                    "elapsed": 48,
                    "used": 784
                }
            },
            "initial_elapsed": 48,
            "initial_used": 784,
            "min_usage_period": {
                "default": 0
            },
            "states": {
                "2017-09": "0",
                "2017-10": "0",
                "2017-11": "0",
                "2017-12": "0"
            },
            "type": 0
        },
        "46": {
            "capacities": [
                "0"
            ],
            "code": "",
            "initial": {
                "M": {
                    "elapsed": 24,
                    "used": 384
                }
            },
            "initial_elapsed": 24,
            "initial_used": 384,
            "min_usage_period": {
                "default": 0
            },
            "states": {},
            "type": 0
        },
        "47": {
            "capacities": [
                "A",
                "0",
                "B"
            ],
            "code": "",
            "initial": {
                "M": {
                    "elapsed": 59,
                    "used": 1000
                }
            },
            "initial_elapsed": 59,
            "initial_used": 1000,
            "min_usage_period": {
                "default": 0
            },
            "states": {
                "2017-11": "0",
                "2017-12": "0"
            },
            "type": 0
        },
        "48": {
            "capacities": [
                "3"
            ],
            "code": "",
            "initial": {
                "M": {
                    "elapsed": 28,
                    "used": 450
                }
            },
            "initial_elapsed": 28,
            "initial_used": 450,
            "min_usage_period": {
                "default": 0
            },
            "states": {},
            "type": 3
        },
        "49": {
            "capacities": [
                "2"
            ],
            "code": "",
            "initial": {
                "M": {
                    "elapsed": 3,
                    "used": 17
                }
            },
            "initial_elapsed": 3,
            "initial_used": 17,
            "min_usage_period": {
                "default": 0
            },
            "states": {},
            "type": 2
        },
        "5": {
            "capacities": [
                "0"
            ],
            "code": "",
            "initial": {
                "M": {
                    "elapsed": 48,
                    "used": 750
                }
            },
            "initial_elapsed": 48,
            "initial_used": 750,
            "min_usage_period": {
                "default": 0
            },
            "states": {
                "2017-09": "0",
                "2017-10": "0",
                "2017-11": "0",
                "2017-12": "0"
            },
            "type": 0
        },
        "50": {
            "capacities": [
                "2"
            ],
            "code": "",
            "initial": {
                "M": {
                    "elapsed": 47,
                    "used": 784
                }
            },
            "initial_elapsed": 47,
            "initial_used": 784,
            "min_usage_period": {
                "default": 0
            },
            "states": {},
            "type": 2
        },
        "51": {
            "capacities": [
                "A",
                "0"
            ],
            "code": "",
            "initial": {
                "M": {
                    "elapsed": 23,
                    "used": 334
                }
            },
            "initial_elapsed": 23,
            "initial_used": 334,
            "min_usage_period": {
                "default": 0
            },
            "states": {},
            "type": 0
        },
        "52": {
            "capacities": [
                "2"
            ],
            "code": "",
            "initial": {
                "M": {
                    "elapsed": 52,
                    "used": 884
                }
            },
            "initial_elapsed": 52,
            "initial_used": 884,
            "min_usage_period": {
                "default": 0
            },
            "states": {
                "2017-09": "21",
                "2017-10": "21",
                "2017-11": "21",
                "2017-12": "21"
            },
            "type": 2
        },
        "53": {
            "capacities": [
                "A",
                "0"
            ],
            "code": "",
            "initial": {
                "M": {
                    "elapsed": 49,
                    "used": 817
                }
            },
            "initial_elapsed": 49,
            "initial_used": 817,
            "min_usage_period": {
                "default": 0
            },
            "states": {},
            "type": 0
        },
        "54": {
            "capacities": [
                "2"
            ],
            "code": "",
            "initial": {
                "M": {
                    "elapsed": 22,
                    "used": 350
                }
            },
            "initial_elapsed": 22,
            "initial_used": 350,
            "min_usage_period": {
                "default": 0
            },
            "states": {},
            "type": 2
        },
        "55": {
            "capacities": [
                "0"
            ],
            "code": "",
            "initial": {
                "M": {
                    "elapsed": 20,
                    "used": 334
                }
            },
            "initial_elapsed": 20,
            "initial_used": 334,
            "min_usage_period": {
                "default": 0
            },
            "states": {},
            "type": 0
        },
        "56": {
            "capacities": [
                "3"
            ],
            "code": "",
            "initial": {
                "M": {
                    "elapsed": 29,
                    "used": 534
                }
            },
            "initial_elapsed": 29,
            "initial_used": 534,
            "min_usage_period": {
                "default": 0
            },
            "states": {},
            "type": 3
        },
        "57": {
            "capacities": [
                "2"
            ],
            "code": "",
            "initial": {
                "M": {
                    "elapsed": 5,
                    "used": 34
                }
            },
            "initial_elapsed": 5,
            "initial_used": 34,
            "min_usage_period": {
                "default": 0
            },
            "states": {},
            "type": 2
        },
        "58": {
            "capacities": [
                "2"
            ],
            "code": "",
            "initial": {
                "M": {
                    "elapsed": 26,
                    "used": 467
                }
            },
            "initial_elapsed": 26,
            "initial_used": 467,
            "min_usage_period": {
                "default": 0
            },
            "states": {},
            "type": 2
        },
        "59": {
            "capacities": [
                "0"
            ],
            "code": "",
            "initial": {
                "M": {
                    "elapsed": 24,
                    "used": 367
                }
            },
            "initial_elapsed": 24,
            "initial_used": 367,
            "min_usage_period": {
                "default": 0
            },
            "states": {},
            "type": 0
        },
        "6": {
            "capacities": [
                "1"
            ],
            "code": "",
            "initial": {
                "M": {
                    "elapsed": 60,
                    "used": 1000
                }
            },
            "initial_elapsed": 60,
            "initial_used": 1000,
            "min_usage_period": {
                "default": 0
            },
            "states": {
                "2017-08": "M",
                "2017-09": "M",
                "2017-10": "M",
                "2017-11": "M",
                "2017-12": "M"
            },
            "type": 1
        },
        "7": {
            "capacities": [
                "1"
            ],
            "code": "",
            "initial": {
                "M": {
                    "elapsed": 54,
                    "used": 884
                }
            },
            "initial_elapsed": 54,
            "initial_used": 884,
            "min_usage_period": {
                "default": 0
            },
            "states": {
                "2017-09": "11",
                "2017-10": "11",
                "2017-11": "11",
                "2017-12": "11"
            },
            "type": 1
        },
        "8": {
            "capacities": [
                "1"
            ],
            "code": "",
            "initial": {
                "M": {
                    "elapsed": 9,
                    "used": 200
                }
            },
            "initial_elapsed": 9,
            "initial_used": 200,
            "min_usage_period": {
                "default": 0
            },
            "states": {},
            "type": 1
        },
        "9": {
            "capacities": [
                "1"
            ],
            "code": "",
            "initial": {
                "M": {
                    "elapsed": 58,
                    "used": 917
                }
            },
            "initial_elapsed": 58,
            "initial_used": 917,
            "min_usage_period": {
                "default": 0
            },
            "states": {
                "2017-11": "11",
                "2017-12": "11"
            },
            "type": 1
        }
    },
    "tasks": {
        "0": {
            "capacities": [
                "0"
            ],
            "consumption": 52,
            "end": "2018-06",
            "matricule": "",
            "min_assign": 3,
            "num_resource": 6,
            "start": "2018-01",
            "type_resource": 0
        },
        "1": {
            "capacities": [
                "0"
            ],
            "consumption": 40,
            "end": "2019-06",
            "matricule": "",
            "min_assign": 3,
            "num_resource": 2,
            "start": "2018-07",
            "type_resource": 0
        },
        "10": {
            "capacities": [
                "0"
            ],
            "consumption": 80,
            "end": "2025-06",
            "matricule": "",
            "min_assign": 3,
            "num_resource": 2,
            "start": "2025-04",
            "type_resource": 0
        },
        "11": {
            "capacities": [
                "1"
            ],
            "consumption": 45,
            "end": "2018-09",
            "matricule": "",
            "min_assign": 6,
            "num_resource": 4,
            "start": "2018-01",
            "type_resource": 1
        },
        "12": {
            "capacities": [
                "1"
            ],
            "consumption": 30,
            "end": "2019-05",
            "matricule": "",
            "min_assign": 2,
            "num_resource": 3,
            "start": "2018-10",
            "type_resource": 1
        },
        "13": {
            "capacities": [
                "1"
            ],
            "consumption": 64,
            "end": "2019-12",
            "matricule": "",
            "min_assign": 6,
            "num_resource": 6,
            "start": "2019-06",
            "type_resource": 1
        },
        "14": {
            "capacities": [
                "1"
            ],
            "consumption": 29,
            "end": "2020-08",
            "matricule": "",
            "min_assign": 6,
            "num_resource": 3,
            "start": "2020-01",
            "type_resource": 1
        },
        "15": {
            "capacities": [
                "1"
            ],
            "consumption": 48,
            "end": "2021-07",
            "matricule": "",
            "min_assign": 3,
            "num_resource": 1,
            "start": "2020-09",
            "type_resource": 1
        },
        "16": {
            "capacities": [
                "1"
            ],
            "consumption": 61,
            "end": "2022-06",
            "matricule": "",
            "min_assign": 6,
            "num_resource": 1,
            "start": "2021-08",
            "type_resource": 1
        },
        "17": {
            "capacities": [
                "1"
            ],
            "consumption": 32,
            "end": "2023-02",
            "matricule": "",
            "min_assign": 6,
            "num_resource": 1,
            "start": "2022-07",
            "type_resource": 1
        },
        "18": {
            "capacities": [
                "1"
            ],
            "consumption": 72,
            "end": "2023-08",
            "matricule": "",
            "min_assign": 6,
            "num_resource": 6,
            "start": "2023-03",
            "type_resource": 1
        },
        "19": {
            "capacities": [
                "1"
            ],
            "consumption": 31,
            "end": "2024-06",
            "matricule": "",
            "min_assign": 2,
            "num_resource": 4,
            "start": "2023-09",
            "type_resource": 1
        },
        "2": {
            "capacities": [
                "A",
                "0"
            ],
            "consumption": 40,
            "end": "2020-04",
            "matricule": "",
            "min_assign": 6,
            "num_resource": 5,
            "start": "2019-07",
            "type_resource": 0
        },
        "20": {
            "capacities": [
                "1"
            ],
            "consumption": 56,
            "end": "2025-06",
            "matricule": "",
            "min_assign": 2,
            "num_resource": 1,
            "start": "2024-07",
            "type_resource": 1
        },
        "21": {
            "capacities": [
                "2"
            ],
            "consumption": 25,
            "end": "2018-07",
            "matricule": "",
            "min_assign": 3,
            "num_resource": 2,
            "start": "2018-01",
            "type_resource": 2
        },
        "22": {
            "capacities": [
                "2"
            ],
            "consumption": 52,
            "end": "2019-04",
            "matricule": "",
            "min_assign": 2,
            "num_resource": 5,
            "start": "2018-08",
            "type_resource": 2
        },
        "23": {
            "capacities": [
                "2"
            ],
            "consumption": 82,
            "end": "2020-02",
            "matricule": "",
            "min_assign": 3,
            "num_resource": 5,
            "start": "2019-05",
            "type_resource": 2
        },
        "24": {
            "capacities": [
                "2"
            ],
            "consumption": 70,
            "end": "2020-08",
            "matricule": "",
            "min_assign": 2,
            "num_resource": 3,
            "start": "2020-03",
            "type_resource": 2
        },
        "25": {
            "capacities": [
                "2"
            ],
            "consumption": 36,
            "end": "2021-03",
            "matricule": "",
            "min_assign": 2,
            "num_resource": 2,
            "start": "2020-09",
            "type_resource": 2
        },
        "26": {
            "capacities": [
                "2"
            ],
            "consumption": 45,
            "end": "2021-10",
            "matricule": "",
            "min_assign": 6,
            "num_resource": 5,
            "start": "2021-04",
            "type_resource": 2
        },
        "27": {
            "capacities": [
                "2"
            ],
            "consumption": 54,
            "end": "2022-08",
            "matricule": "",
            "min_assign": 2,
            "num_resource": 1,
            "start": "2021-11",
            "type_resource": 2
        },
        "28": {
            "capacities": [
                "2"
            ],
            "consumption": 90,
            "end": "2023-05",
            "matricule": "",
            "min_assign": 2,
            "num_resource": 6,
            "start": "2022-09",
            "type_resource": 2
        },
        "29": {
            "capacities": [
                "2"
            ],
            "consumption": 52,
            "end": "2024-05",
            "matricule": "",
            "min_assign": 3,
            "num_resource": 3,
            "start": "2023-06",
            "type_resource": 2
        },
        "3": {
            "capacities": [
                "0"
            ],
            "consumption": 28,
            "end": "2021-03",
            "matricule": "",
            "min_assign": 6,
            "num_resource": 4,
            "start": "2020-05",
            "type_resource": 0
        },
        "30": {
            "capacities": [
                "2"
            ],
            "consumption": 45,
            "end": "2025-05",
            "matricule": "",
            "min_assign": 3,
            "num_resource": 4,
            "start": "2024-06",
            "type_resource": 2
        },
        "31": {
            "capacities": [
                "2"
            ],
            "consumption": 37,
            "end": "2025-06",
            "matricule": "",
            "min_assign": 3,
            "num_resource": 3,
            "start": "2025-06",
            "type_resource": 2
        },
        "32": {
            "capacities": [
                "3"
            ],
            "consumption": 35,
            "end": "2018-10",
            "matricule": "",
            "min_assign": 3,
            "num_resource": 4,
            "start": "2018-01",
            "type_resource": 3
        },
        "33": {
            "capacities": [
                "3"
            ],
            "consumption": 29,
            "end": "2019-06",
            "matricule": "",
            "min_assign": 3,
            "num_resource": 2,
            "start": "2018-11",
            "type_resource": 3
        },
        "34": {
            "capacities": [
                "3"
            ],
            "consumption": 35,
            "end": "2020-05",
            "matricule": "",
            "min_assign": 2,
            "num_resource": 4,
            "start": "2019-07",
            "type_resource": 3
        },
        "35": {
            "capacities": [
                "3"
            ],
            "consumption": 22,
            "end": "2020-11",
            "matricule": "",
            "min_assign": 3,
            "num_resource": 6,
            "start": "2020-06",
            "type_resource": 3
        },
        "36": {
            "capacities": [
                "3"
            ],
            "consumption": 39,
            "end": "2021-05",
            "matricule": "",
            "min_assign": 6,
            "num_resource": 5,
            "start": "2020-12",
            "type_resource": 3
        },
        "37": {
            "capacities": [
                "C",
                "3"
            ],
            "consumption": 54,
            "end": "2022-02",
            "matricule": "",
            "min_assign": 3,
            "num_resource": 1,
            "start": "2021-06",
            "type_resource": 3
        },
        "38": {
            "capacities": [
                "3"
            ],
            "consumption": 37,
            "end": "2022-11",
            "matricule": "",
            "min_assign": 3,
            "num_resource": 4,
            "start": "2022-03",
            "type_resource": 3
        },
        "39": {
            "capacities": [
                "3"
            ],
            "consumption": 94,
            "end": "2023-05",
            "matricule": "",
            "min_assign": 2,
            "num_resource": 5,
            "start": "2022-12",
            "type_resource": 3
        },
        "4": {
            "capacities": [
                "0"
            ],
            "consumption": 55,
            "end": "2021-11",
            "matricule": "",
            "min_assign": 2,
            "num_resource": 6,
            "start": "2021-04",
            "type_resource": 0
        },
        "40": {
            "capacities": [
                "3"
            ],
            "consumption": 43,
            "end": "2024-02",
            "matricule": "",
            "min_assign": 6,
            "num_resource": 2,
            "start": "2023-06",
            "type_resource": 3
        },
        "41": {
            "capacities": [
                "3"
            ],
            "consumption": 48,
            "end": "2025-02",
            "matricule": "",
            "min_assign": 2,
            "num_resource": 2,
            "start": "2024-03",
            "type_resource": 3
        },
        "42": {
            "capacities": [
                "D",
                "3"
            ],
            "consumption": 83,
            "end": "2025-06",
            "matricule": "",
            "min_assign": 3,
            "num_resource": 6,
            "start": "2025-03",
            "type_resource": 3
        },
        "5": {
            "capacities": [
                "0"
            ],
            "consumption": 17,
            "end": "2022-06",
            "matricule": "",
            "min_assign": 6,
            "num_resource": 6,
            "start": "2021-12",
            "type_resource": 0
        },
        "6": {
            "capacities": [
                "0",
                "B"
            ],
            "consumption": 33,
            "end": "2023-02",
            "matricule": "",
            "min_assign": 2,
            "num_resource": 2,
            "start": "2022-07",
            "type_resource": 0
        },
        "7": {
            "capacities": [
                "0"
            ],
            "consumption": 51,
            "end": "2024-02",
            "matricule": "",
            "min_assign": 3,
            "num_resource": 3,
            "start": "2023-03",
            "type_resource": 0
        },
        "8": {
            "capacities": [
                "0"
            ],
            "consumption": 28,
            "end": "2024-08",
            "matricule": "",
            "min_assign": 6,
            "num_resource": 1,
            "start": "2024-03",
            "type_resource": 0
        },
        "9": {
            "capacities": [
                "0"
            ],
            "consumption": 48,
            "end": "2025-03",
            "matricule": "",
            "min_assign": 3,
            "num_resource": 1,
            "start": "2024-09",
            "type_resource": 0
        }
    }
}