{
    "capacity": {
        "1": {
            "2022-04": -1
        }
    },
    "hours": {
        "1": {
            "2018-02": -217.0,
            "2018-03": -529.0
        },
        "2": {
            "2020-04": -64.0,
            "2020-05": -176.0,
            "2020-06": -288.0,
            "2020-07": -400.0,
            "2020-08": -512.0,
            "2020-09": -624.0,
            "2020-10": -736.0,
            "2020-11": -848.0,
            "2020-12": -960.0,
            "2021-01": -107.0,
            "2021-02": -219.0
        },
        "3": {
            "2020-04": -33.0,
            "2020-05": -61.0,
            "2020-06": -89.0,
            "2020-07": -117.0,
            "2020-08": -145.0,
            "2020-09": -173.0,
            "2020-10": -201.0,
            "2020-11": -229.0,
            "2020-12": -257.0
        },
        "4": {
            "2019-11": -175.0,
            "2019-12": -559.0,
            "2020-01": -646.0,
            "2020-05": -56.0,
            "2020-06": -143.0,
            "2020-07": -230.0
        },
        "5": {
            "2021-09": -182.0,
            "2021-10": -407.0
        },
        "7": {
            "2018-07": -11.0,
            "2018-08": -46.0,
            "2018-09": -81.0,
            "2018-10": -116.0,
            "2018-11": -116.0,
            "2018-12": -116.0,
            "2019-01": -116.0,
            "2019-02": -116.0,
            "2019-03": -116.0,
            "2019-04": -116.0,
            "2019-05": -116.0,
            "2019-06": -116.0,
            "2019-07": -151.0,
            "2019-08": -186.0,
            "2019-09": -186.0
        },
        "8": {
            "2019-06": -29.0,
            "2019-07": -99.0,
            "2019-08": -169.0,
            "2019-09": -239.0
        }
    },
    "min_assign": {
        "7": {
            "2023-06": {
                "2023-08": {
                    "18": 3
                }
            }
        }
    },
    "resources": {
        "14": {
            "2020-08": 1
        },
        "18": {
            "2023-03": 1,
            "2023-04": 1,
            "2023-05": 1
        },
        "19": {
            "2023-11": 1
        },
        "2": {
            "2019-07": 1,
            "2019-08": 1,
            "2019-09": 1,
            "2019-10": 1,
            "2019-11": 1,
            "2019-12": 1,
            "2020-01": 1,
            "2020-02": 1,
            "2020-03": 1,
            "2020-04": 1
        },
        "23": {
            "2020-02": 1
        },
        "27": {
            "2022-08": 1
        },
        "28": {
            "2023-05": 1
        },
        "3": {
            "2021-03": 1
        },
        "30": {
            "2024-06": 1,
            "2024-12": 1,
            "2025-01": 1
        },
        "31": {
            "2025-06": 3
        },
        "32": {
            "2018-10": 1
        },
        "35": {
            "2020-06": 1
        },
        "37": {
            "2022-01": 1,
            "2022-02": 1
        },
        "39": {
            "2023-05": 1
        },
        "42": {
            "2025-03": 2,
            "2025-04": 2,
            "2025-05": 2,
            "2025-06": 2
        }
    }
}