{
    "hours": {
        "2": {
            "2021-06": -23.0
        },
        "3": {
            "2023-03": -40.0,
            "2023-04": -132.0
        }
    },
    "resources": {
        "12": {
            "2019-01": 2
        },
        "13": {
            "2020-04": 1,
            "2020-05": 1,
            "2020-06": 1
        },
        "14": {
            "2020-07": 2
        },
        "20": {
            "2018-10": 1
        },
        "21": {
            "2018-11": 5,
            "2018-12": 5,
            "2019-01": 5,
            "2019-02": 3,
            "2019-03": 2,
            "2019-04": 2,
            "2019-05": 2
        },
        "22": {
            "2019-06": 3,
            "2019-09": 1,
            "2019-10": 1,
            "2019-11": 1,
            "2019-12": 1,
            "2020-01": 2,
            "2020-02": 1,
            "2020-03": 2,
            "2020-04": 1,
            "2020-05": 1
        },
        "23": {
            "2020-06": 1
        },
        "24": {
            "2021-05": 5,
            "2021-06": 4,
            "2021-07": 4,
            "2021-08": 3
        },
        "25": {
            "2022-03": 1,
            "2022-04": 1
        }
    }
}