{
    "hours": {
        "1": {
            "2020-11": -56.0,
            "2020-12": -124.0
        },
        "3": {
            "2019-08": -26.0
        }
    },
    "resources": {
        "1": {
            "2018-10": 1,
            "2018-11": 1,
            "2018-12": 1,
            "2019-04": 1,
            "2019-05": 1,
            "2019-06": 1,
            "2019-07": 3,
            "2019-08": 3,
            "2019-09": 3
        },
        "2": {
            "2019-10": 1,
            "2020-05": 1
        },
        "24": {
            "2018-08": 1
        },
        "25": {
            "2019-05": 2,
            "2019-06": 2,
            "2019-07": 1,
            "2019-08": 1,
            "2019-09": 1,
            "2019-10": 1,
            "2019-11": 1,
            "2019-12": 1,
            "2020-01": 1,
            "2020-02": 1,
            "2020-03": 1,
            "2020-04": 1
        },
        "3": {
            "2020-10": 1
        }
    }
}