{
    "hours": {
        "10": {
            "2018-01": -214.0,
            "2018-02": -214.0,
            "2018-03": -285.0
        },
        "2": {
            "2022-03": -53.0
        },
        "5": {
            "2023-10": -89.0,
            "2024-05": -15.0,
            "2024-06": -65.0
        }
    },
    "resources": {
        "1": {
            "2018-08": 5,
            "2018-09": 3,
            "2018-10": 2,
            "2018-11": 1,
            "2019-06": 1,
            "2019-07": 2
        },
        "10": {
            "2018-01": 1,
            "2018-02": 1,
            "2018-03": 1,
            "2018-04": 1,
            "2018-05": 2
        },
        "11": {
            "2018-12": 2,
            "2019-01": 1,
            "2019-07": 1
        },
        "12": {
            "2019-08": 2
        },
        "13": {
            "2020-03": 1,
            "2020-04": 1,
            "2020-05": 1,
            "2020-06": 1,
            "2020-07": 1,
            "2020-08": 2,
            "2020-09": 1,
            "2020-10": 1,
            "2020-11": 1,
            "2021-02": 1
        },
        "15": {
            "2021-09": 1
        },
        "17": {
            "2023-11": 1,
            "2023-12": 1
        },
        "2": {
            "2019-08": 3,
            "2019-09": 2,
            "2019-10": 2,
            "2020-03": 1,
            "2020-04": 1
        },
        "20": {
            "2018-01": 4,
            "2018-02": 4,
            "2018-03": 5,
            "2018-04": 4,
            "2018-05": 4
        },
        "21": {
            "2018-08": 3,
            "2018-09": 2,
            "2018-10": 1,
            "2018-11": 1,
            "2018-12": 1,
            "2019-01": 1,
            "2019-02": 1,
            "2019-03": 1
        },
        "22": {
            "2020-01": 1
        },
        "23": {
            "2020-02": 1
        },
        "3": {
            "2020-05": 1
        },
        "33": {
            "2019-09": 1
        },
        "5": {
            "2021-11": 3
        }
    }
}