{
    "elapsed": {
        "M": {
            "36": {
                "2025-06": 0
            },
            "5": {
                "2025-06": 0
            }
        }
    },
    "hours": {
        "3": {
            "2018-09": -14.0,
            "2018-10": -254.0,
            "2018-11": -454.0
        },
        "4": {
            "2022-02": -311.0,
            "2022-03": -737.0,
            "2022-06": -24.0
        }
    },
    "resources": {
        "10": {
            "2018-01": 1,
            "2018-02": 3,
            "2018-03": 3,
            "2018-04": 2,
            "2018-05": 2,
            "2018-06": 2,
            "2018-07": 1,
            "2018-11": 1
        },
        "11": {
            "2018-12": 4,
            "2019-01": 4,
            "2019-02": 3,
            "2019-03": 1,
            "2019-06": 1,
            "2019-07": 2,
            "2019-08": 2,
            "2019-09": 2
        },
        "12": {
            "2019-10": 2
        },
        "13": {
            "2021-07": 1
        },
        "14": {
            "2021-08": 5,
            "2021-09": 1
        },
        "19": {
            "2018-01": 3,
            "2018-02": 3,
            "2018-03": 3,
            "2018-04": 1
        },
        "20": {
            "2018-10": 1,
            "2019-06": 1
        },
        "22": {
            "2020-05": 1,
            "2020-06": 1
        },
        "37": {
            "2023-12": 1
        }
    }
}