{
    "elapsed": {
        "M": {
            "11": {
                "2025-06": 0
            }
        }
    },
    "hours": {
        "12": {
            "2018-05": -36.0,
            "2018-06": -331.0,
            "2018-08": -10.0
        },
        "5": {
            "2018-11": -200.0,
            "2018-12": -446.0,
            "2019-01": -446.0,
            "2019-02": -446.0,
            "2019-03": -446.0
        },
        "8": {
            "2018-03": -10.0
        }
    },
    "resources": {
        "29": {
            "2018-01": 2,
            "2018-02": 2,
            "2018-03": 2,
            "2018-04": 2,
            "2018-05": 2,
            "2018-06": 2,
            "2018-07": 2,
            "2018-08": 2,
            "2018-09": 2
        },
        "76": {
            "2023-10": 1
        }
    }
}