{
    "state_m": {
        "18": {
            "2018-01": {
                "M": 1
            },
            "2018-02": {
                "M": 1
            }
        },
        "44": {
            "2018-01": {
                "M": 1
            },
            "2018-02": {
                "M": 1
            },
            "2018-03": {
                "M": 1
            },
            "2018-04": {
                "M": 1
            },
            "2018-05": {
                "M": 1
            }
        },
        "51": {
            "2018-01": {
                "M": 1
            },
            "2018-02": {
                "M": 1
            },
            "2018-03": {
                "M": 1
            }
        },
        "9": {
            "2018-01": {
                "M": 1
            },
            "2018-02": {
                "M": 1
            },
            "2018-03": {
                "M": 1
            },
            "2018-04": {
                "M": 1
            }
        }
    },
    "task": {
        "2": {
            "2018-01": "0",
            "2018-02": "0"
        },
        "56": {
            "2018-01": "10"
        }
    }
}