{
    "maint_types": {
        "1": {
            "capacity": {}
        }
    },
    "maintenances": {
        "M": {
            "affects": [
                "M"
            ],
            "capacity": 9,
            "capacity_usage": 1,
            "depends_on": [
                "M"
            ],
            "duration_periods": 6,
            "elapsed_time_size": 15,
            "max_elapsed_time": 60,
            "max_used_time": 1000,
            "type": "1",
            "used_time_size": 1000
        }
    },
    "parameters": {
        "default_type2_capacity": 66,
        "elapsed_time_size": 15,
        "end": "2025-06",
        "initial_unbalance": [
            -3,
            3
        ],
        "maint_capacity": 9,
        "maint_duration": 6,
        "maint_weight": 1,
        "maintenances": {
            "M": {
                "affects": [],
                "capacity_usage": 1,
                "depends_on": [],
                "duration_periods": 4,
                "elapsed_time_size": 3,
                "max_elapsed_time": 60,
                "max_used_time": 1000,
                "priority": 0,
                "type": "1",
                "used_time_size": 1000
            },
            "VG": {
                "affects": [],
                "capacity_usage": 3,
                "depends_on": [
                    "M"
                ],
                "duration_periods": 1,
                "elapsed_time_size": 3,
                "max_elapsed_time": 8,
                "max_used_time": null,
                "priority": 10,
                "type": "2",
                "used_time_size": null
            },
            "VI": {
                "affects": [],
                "capacity_usage": 6,
                "depends_on": [
                    "M"
                ],
                "duration_periods": 1,
                "elapsed_time_size": 3,
                "max_elapsed_time": 17,
                "max_used_time": null,
                "priority": 5,
                "type": "2",
                "used_time_size": null
            },
            "VS": {
                "affects": [],
                "capacity_usage": 4,
                "depends_on": [
                    "M"
                ],
                "duration_periods": 1,
                "elapsed_time_size": null,
                "max_elapsed_time": null,
                "max_used_time": 600,
                "priority": 2,
                "type": "2",
                "used_time_size": 200
            }
        },
        "max_elapsed_time": 60,
        "max_elapsed_time_2M": null,
        "max_used_time": 1000,
        "min_avail_percent": 0.1,
        "min_avail_value": 1,
        "min_hours_perc": 0.5,
        "min_usage_period": 0,
        "num_parallel_tasks": 4,
        "num_period": 90,
        "num_resources": 60,
        "perc_add_capacity": 0.1,
        "perc_capacity": 0.15,
        "perc_in_maint": 0.07,
        "seed": 83,
        "start": "2018-01",
        "t_duration": [
            6,
            12
        ],
        "t_min_assign": [
            2,
            3,
            6
        ],
        "t_num_resource": [
            1,
            6
        ],
        "t_required_hours": [
            10,
            50,
            100
        ],
        "unavail_weight": 1
    },
    "resources": {
        "0": {
            "capacities": [
                "0"
            ],
            "code": "",
            "initial": {
                "M": {
                    "elapsed": 33,
                    "used": 600
                }
            },
            "initial_elapsed": 33,
            "initial_used": 600,
            "min_usage_period": {
                "default": 0
            },
            "states": {},
            "type": 0
        },
        "1": {
            "capacities": [
                "0"
            ],
            "code": "",
            "initial": {
                "M": {
                    "elapsed": 51,
                    "used": 817
                }
            },
            "initial_elapsed": 51,
            "initial_used": 817,
            "min_usage_period": {
                "default": 0
            },
            "states": {
                "2017-07": "0",
                "2017-08": "0",
                "2017-09": "0",
                "2017-10": "0",
                "2017-11": "0",
                "2017-12": "0"
            },
            "type": 0
        },
        "10": {
            "capacities": [
                "1"
            ],
            "code": "",
            "initial": {
                "M": {
                    "elapsed": 53,
                    "used": 917
                }
            },
            "initial_elapsed": 53,
            "initial_used": 917,
            "min_usage_period": {
                "default": 0
            },
            "states": {},
            "type": 1
        },
        "11": {
            "capacities": [
                "1",
                "A"
            ],
            "code": "",
            "initial": {
                "M": {
                    "elapsed": 60,
                    "used": 1000
                }
            },
            "initial_elapsed": 60,
            "initial_used": 1000,
            "min_usage_period": {
                "default": 0
            },
            "states": {
                "2017-07": "M",
                "2017-08": "M",
                "2017-09": "M",
                "2017-10": "M",
                "2017-11": "M",
                "2017-12": "M"
            },
            "type": 1
        },
        "12": {
            "capacities": [
                "2"
            ],
            "code": "",
            "initial": {
                "M": {
                    "elapsed": 42,
                    "used": 734
                }
            },
            "initial_elapsed": 42,
            "initial_used": 734,
            "min_usage_period": {
                "default": 0
            },
            "states": {},
            "type": 2
        },
        "13": {
            "capacities": [
                "2"
            ],
            "code": "",
            "initial": {
                "M": {
                    "elapsed": 21,
                    "used": 334
                }
            },
            "initial_elapsed": 21,
            "initial_used": 334,
            "min_usage_period": {
                "default": 0
            },
            "states": {},
            "type": 2
        },
        "14": {
            "capacities": [
                "2"
            ],
            "code": "",
            "initial": {
                "M": {
                    "elapsed": 60,
                    "used": 1000
                }
            },
            "initial_elapsed": 60,
            "initial_used": 1000,
            "min_usage_period": {
                "default": 0
            },
            "states": {
                "2017-07": "M",
                "2017-08": "M",
                "2017-09": "M",
                "2017-10": "M",
                "2017-11": "M",
                "2017-12": "M"
            },
            "type": 2
        },
        "15": {
            "capacities": [
                "2"
            ],
            "code": "",
            "initial": {
                "M": {
                    "elapsed": 41,
                    "used": 667
                }
            },
            "initial_elapsed": 41,
            "initial_used": 667,
            "min_usage_period": {
                "default": 0
            },
            "states": {},
            "type": 2
        },
        "16": {
            "capacities": [
                "2"
            ],
            "code": "",
            "initial": {
                "M": {
                    "elapsed": 24,
                    "used": 417
                }
            },
            "initial_elapsed": 24,
            "initial_used": 417,
            "min_usage_period": {
                "default": 0
            },
            "states": {},
            "type": 2
        },
        "17": {
            "capacities": [
                "C",
                "2"
            ],
            "code": "",
            "initial": {
                "M": {
                    "elapsed": 53,
                    "used": 917
                }
            },
            "initial_elapsed": 53,
            "initial_used": 917,
            "min_usage_period": {
                "default": 0
            },
            "states": {},
            "type": 2
        },
        "18": {
            "capacities": [
                "3"
            ],
            "code": "",
            "initial": {
                "M": {
                    "elapsed": 15,
                    "used": 234
                }
            },
            "initial_elapsed": 15,
            "initial_used": 234,
            "min_usage_period": {
                "default": 0
            },
            "states": {},
            "type": 3
        },
        "19": {
            "capacities": [
                "3"
            ],
            "code": "",
            "initial": {
                "M": {
                    "elapsed": 30,
                    "used": 517
                }
            },
            "initial_elapsed": 30,
            "initial_used": 517,
            "min_usage_period": {
                "default": 0
            },
            "states": {
                "2017-11": "33",
                "2017-12": "33"
            },
            "type": 3
        },
        "2": {
            "capacities": [
                "0"
            ],
            "code": "",
            "initial": {
                "M": {
                    "elapsed": 52,
                    "used": 884
                }
            },
            "initial_elapsed": 52,
            "initial_used": 884,
            "min_usage_period": {
                "default": 0
            },
            "states": {},
            "type": 0
        },
        "20": {
            "capacities": [
                "3"
            ],
            "code": "",
            "initial": {
                "M": {
                    "elapsed": 54,
                    "used": 917
                }
            },
            "initial_elapsed": 54,
            "initial_used": 917,
            "min_usage_period": {
                "default": 0
            },
            "states": {},
            "type": 3
        },
        "21": {
            "capacities": [
                "3"
            ],
            "code": "",
            "initial": {
                "M": {
                    "elapsed": 27,
                    "used": 500
                }
            },
            "initial_elapsed": 27,
            "initial_used": 500,
            "min_usage_period": {
                "default": 0
            },
            "states": {},
            "type": 3
        },
        "22": {
            "capacities": [
                "3"
            ],
            "code": "",
            "initial": {
                "M": {
                    "elapsed": 58,
                    "used": 967
                }
            },
            "initial_elapsed": 58,
            "initial_used": 967,
            "min_usage_period": {
                "default": 0
            },
            "states": {
                "2017-11": "33",
                "2017-12": "33"
            },
            "type": 3
        },
        "23": {
            "capacities": [
                "3"
            ],
            "code": "",
            "initial": {
                "M": {
                    "elapsed": 51,
                    "used": 800
                }
            },
            "initial_elapsed": 51,
            "initial_used": 800,
            "min_usage_period": {
                "default": 0
            },
            "states": {},
            "type": 3
        },
        "24": {
            "capacities": [
                "3"
            ],
            "code": "",
            "initial": {
                "M": {
                    "elapsed": 3,
                    "used": 84
                }
            },
            "initial_elapsed": 3,
            "initial_used": 84,
            "min_usage_period": {
                "default": 0
            },
            "states": {},
            "type": 3
        },
        "25": {
            "capacities": [
                "1"
            ],
            "code": "",
            "initial": {
                "M": {
                    "elapsed": 16,
                    "used": 250
                }
            },
            "initial_elapsed": 16,
            "initial_used": 250,
            "min_usage_period": {
                "default": 0
            },
            "states": {},
            "type": 1
        },
        "26": {
            "capacities": [
                "3"
            ],
            "code": "",
            "initial": {
                "M": {
                    "elapsed": 34,
                    "used": 517
                }
            },
            "initial_elapsed": 34,
            "initial_used": 517,
            "min_usage_period": {
                "default": 0
            },
            "states": {},
            "type": 3
        },
        "27": {
            "capacities": [
                "2"
            ],
            "code": "",
            "initial": {
                "M": {
                    "elapsed": 9,
                    "used": 117
                }
            },
            "initial_elapsed": 9,
            "initial_used": 117,
            "min_usage_period": {
                "default": 0
            },
            "states": {},
            "type": 2
        },
        "28": {
            "capacities": [
                "2",
                "D"
            ],
            "code": "",
            "initial": {
                "M": {
                    "elapsed": 47,
                    "used": 800
                }
            },
            "initial_elapsed": 47,
            "initial_used": 800,
            "min_usage_period": {
                "default": 0
            },
            "states": {},
            "type": 2
        },
        "29": {
            "capacities": [
                "3"
            ],
            "code": "",
            "initial": {
                "M": {
                    "elapsed": 31,
                    "used": 500
                }
            },
            "initial_elapsed": 31,
            "initial_used": 500,
            "min_usage_period": {
                "default": 0
            },
            "states": {},
            "type": 3
        },
        "3": {
            "capacities": [
                "0"
            ],
            "code": "",
            "initial": {
                "M": {
                    "elapsed": 25,
                    "used": 400
                }
            },
            "initial_elapsed": 25,
            "initial_used": 400,
            "min_usage_period": {
                "default": 0
            },
            "states": {},
            "type": 0
        },
        "30": {
            "capacities": [
                "2",
                "D"
            ],
            "code": "",
            "initial": {
                "M": {
                    "elapsed": 50,
                    "used": 884
                }
            },
            "initial_elapsed": 50,
            "initial_used": 884,
            "min_usage_period": {
                "default": 0
            },
            "states": {},
            "type": 2
        },
        "31": {
            "capacities": [
                "3"
            ],
            "code": "",
            "initial": {
                "M": {
                    "elapsed": 57,
                    "used": 1000
                }
            },
            "initial_elapsed": 57,
            "initial_used": 1000,
            "min_usage_period": {
                "default": 0
            },
            "states": {},
            "type": 3
        },
        "32": {
            "capacities": [
                "3"
            ],
            "code": "",
            "initial": {
                "M": {
                    "elapsed": 14,
                    "used": 250
                }
            },
            "initial_elapsed": 14,
            "initial_used": 250,
            "min_usage_period": {
                "default": 0
            },
            "states": {},
            "type": 3
        },
        "33": {
            "capacities": [
                "2"
            ],
            "code": "",
            "initial": {
                "M": {
                    "elapsed": 5,
                    "used": 100
                }
            },
            "initial_elapsed": 5,
            "initial_used": 100,
            "min_usage_period": {
                "default": 0
            },
            "states": {},
            "type": 2
        },
        "34": {
            "capacities": [
                "1",
                "A"
            ],
            "code": "",
            "initial": {
                "M": {
                    "elapsed": 33,
                    "used": 584
                }
            },
            "initial_elapsed": 33,
            "initial_used": 584,
            "min_usage_period": {
                "default": 0
            },
            "states": {},
            "type": 1
        },
        "35": {
            "capacities": [
                "1",
                "A"
            ],
            "code": "",
            "initial": {
                "M": {
                    "elapsed": 35,
                    "used": 567
                }
            },
            "initial_elapsed": 35,
            "initial_used": 567,
            "min_usage_period": {
                "default": 0
            },
            "states": {},
            "type": 1
        },
        "36": {
            "capacities": [
                "3"
            ],
            "code": "",
            "initial": {
                "M": {
                    "elapsed": 15,
                    "used": 250
                }
            },
            "initial_elapsed": 15,
            "initial_used": 250,
            "min_usage_period": {
                "default": 0
            },
            "states": {},
            "type": 3
        },
        "37": {
            "capacities": [
                "1"
            ],
            "code": "",
            "initial": {
                "M": {
                    "elapsed": 44,
                    "used": 750
                }
            },
            "initial_elapsed": 44,
            "initial_used": 750,
            "min_usage_period": {
                "default": 0
            },
            "states": {},
            "type": 1
        },
        "38": {
            "capacities": [
                "3"
            ],
            "code": "",
            "initial": {
                "M": {
                    "elapsed": 35,
                    "used": 550
                }
            },
            "initial_elapsed": 35,
            "initial_used": 550,
            "min_usage_period": {
                "default": 0
            },
            "states": {},
            "type": 3
        },
        "39": {
            "capacities": [
                "1",
                "B"
            ],
            "code": "",
            "initial": {
                "M": {
                    "elapsed": 60,
                    "used": 1000
                }
            },
            "initial_elapsed": 60,
            "initial_used": 1000,
            "min_usage_period": {
                "default": 0
            },
            "states": {
                "2017-08": "M",
                "2017-09": "M",
                "2017-10": "M",
                "2017-11": "M",
                "2017-12": "M"
            },
            "type": 1
        },
        "4": {
            "capacities": [
                "0"
            ],
            "code": "",
            "initial": {
                "M": {
                    "elapsed": 52,
                    "used": 884
                }
            },
            "initial_elapsed": 52,
            "initial_used": 884,
            "min_usage_period": {
                "default": 0
            },
            "states": {},
            "type": 0
        },
        "40": {
            "capacities": [
                "0"
            ],
            "code": "",
            "initial": {
                "M": {
                    "elapsed": 35,
                    "used": 617
                }
            },
            "initial_elapsed": 35,
            "initial_used": 617,
            "min_usage_period": {
                "default": 0
            },
            "states": {},
            "type": 0
        },
        "41": {
            "capacities": [
                "3"
            ],
            "code": "",
            "initial": {
                "M": {
                    "elapsed": 54,
                    "used": 900
                }
            },
            "initial_elapsed": 54,
            "initial_used": 900,
            "min_usage_period": {
                "default": 0
            },
            "states": {
                "2017-11": "33",
                "2017-12": "33"
            },
            "type": 3
        },
        "42": {
            "capacities": [
                "2"
            ],
            "code": "",
            "initial": {
                "M": {
                    "elapsed": 18,
                    "used": 250
                }
            },
            "initial_elapsed": 18,
            "initial_used": 250,
            "min_usage_period": {
                "default": 0
            },
            "states": {},
            "type": 2
        },
        "43": {
            "capacities": [
                "0"
            ],
            "code": "",
            "initial": {
                "M": {
                    "elapsed": 60,
                    "used": 1000
                }
            },
            "initial_elapsed": 60,
            "initial_used": 1000,
            "min_usage_period": {
                "default": 0
            },
            "states": {
                "2017-11": "M",
                "2017-12": "M"
            },
            "type": 0
        },
        "44": {
            "capacities": [
                "1",
                "B"
            ],
            "code": "",
            "initial": {
                "M": {
                    "elapsed": 45,
                    "used": 717
                }
            },
            "initial_elapsed": 45,
            "initial_used": 717,
            "min_usage_period": {
                "default": 0
            },
            "states": {},
            "type": 1
        },
        "45": {
            "capacities": [
                "0"
            ],
            "code": "",
            "initial": {
                "M": {
                    "elapsed": 54,
                    "used": 917
                }
            },
            "initial_elapsed": 54,
            "initial_used": 917,
            "min_usage_period": {
                "default": 0
            },
            "states": {},
            "type": 0
        },
        "46": {
            "capacities": [
                "1",
                "A"
            ],
            "code": "",
            "initial": {
                "M": {
                    "elapsed": 45,
                    "used": 800
                }
            },
            "initial_elapsed": 45,
            "initial_used": 800,
            "min_usage_period": {
                "default": 0
            },
            "states": {},
            "type": 1
        },
        "47": {
            "capacities": [
                "2"
            ],
            "code": "",
            "initial": {
                "M": {
                    "elapsed": 45,
                    "used": 717
                }
            },
            "initial_elapsed": 45,
            "initial_used": 717,
            "min_usage_period": {
                "default": 0
            },
            "states": {},
            "type": 2
        },
        "48": {
            "capacities": [
                "C",
                "2",
                "D"
            ],
            "code": "",
            "initial": {
                "M": {
                    "elapsed": 51,
                    "used": 850
                }
            },
            "initial_elapsed": 51,
            "initial_used": 850,
            "min_usage_period": {
                "default": 0
            },
            "states": {},
            "type": 2
        },
        "49": {
            "capacities": [
                "3"
            ],
            "code": "",
            "initial": {
                "M": {
                    "elapsed": 49,
                    "used": 767
                }
            },
            "initial_elapsed": 49,
            "initial_used": 767,
            "min_usage_period": {
                "default": 0
            },
            "states": {},
            "type": 3
        },
        "5": {
            "capacities": [
                "0"
            ],
            "code": "",
            "initial": {
                "M": {
                    "elapsed": 6,
                    "used": 100
                }
            },
            "initial_elapsed": 6,
            "initial_used": 100,
            "min_usage_period": {
                "default": 0
            },
            "states": {},
            "type": 0
        },
        "50": {
            "capacities": [
                "3"
            ],
            "code": "",
            "initial": {
                "M": {
                    "elapsed": 14,
                    "used": 250
                }
            },
            "initial_elapsed": 14,
            "initial_used": 250,
            "min_usage_period": {
                "default": 0
            },
            "states": {},
            "type": 3
        },
        "51": {
            "capacities": [
                "1",
                "B"
            ],
            "code": "",
            "initial": {
                "M": {
                    "elapsed": 35,
                    "used": 534
                }
            },
            "initial_elapsed": 35,
            "initial_used": 534,
            "min_usage_period": {
                "default": 0
            },
            "states": {},
            "type": 1
        },
        "52": {
            "capacities": [
                "1",
                "A"
            ],
            "code": "",
            "initial": {
                "M": {
                    "elapsed": 57,
                    "used": 984
                }
            },
            "initial_elapsed": 57,
            "initial_used": 984,
            "min_usage_period": {
                "default": 0
            },
            "states": {},
            "type": 1
        },
        "53": {
            "capacities": [
                "3"
            ],
            "code": "",
            "initial": {
                "M": {
                    "elapsed": 58,
                    "used": 984
                }
            },
            "initial_elapsed": 58,
            "initial_used": 984,
            "min_usage_period": {
                "default": 0
            },
            "states": {},
            "type": 3
        },
        "54": {
            "capacities": [
                "2",
                "D"
            ],
            "code": "",
            "initial": {
                "M": {
                    "elapsed": 33,
                    "used": 584
                }
            },
            "initial_elapsed": 33,
            "initial_used": 584,
            "min_usage_period": {
                "default": 0
            },
            "states": {
                "2017-11": "23",
                "2017-12": "23"
            },
            "type": 2
        },
        "55": {
            "capacities": [
                "2"
            ],
            "code": "",
            "initial": {
                "M": {
                    "elapsed": 9,
                    "used": 167
                }
            },
            "initial_elapsed": 9,
            "initial_used": 167,
            "min_usage_period": {
                "default": 0
            },
            "states": {},
            "type": 2
        },
        "56": {
            "capacities": [
                "0"
            ],
            "code": "",
            "initial": {
                "M": {
                    "elapsed": 42,
                    "used": 700
                }
            },
            "initial_elapsed": 42,
            "initial_used": 700,
            "min_usage_period": {
                "default": 0
            },
            "states": {
                "2017-09": "0",
                "2017-10": "0",
                "2017-11": "0",
                "2017-12": "0"
            },
            "type": 0
        },
        "57": {
            "capacities": [
                "0"
            ],
            "code": "",
            "initial": {
                "M": {
                    "elapsed": 33,
                    "used": 567
                }
            },
            "initial_elapsed": 33,
            "initial_used": 567,
            "min_usage_period": {
                "default": 0
            },
            "states": {
                "2017-05": "0",
                "2017-06": "0",
                "2017-07": "0",
                "2017-08": "0",
                "2017-09": "0",
                "2017-10": "0",
                "2017-11": "0",
                "2017-12": "0"
            },
            "type": 0
        },
        "58": {
            "capacities": [
                "1"
            ],
            "code": "",
            "initial": {
                "M": {
                    "elapsed": 47,
                    "used": 817
                }
            },
            "initial_elapsed": 47,
            "initial_used": 817,
            "min_usage_period": {
                "default": 0
            },
            "states": {},
            "type": 1
        },
        "59": {
            "capacities": [
                "1",
                "A"
            ],
            "code": "",
            "initial": {
                "M": {
                    "elapsed": 40,
                    "used": 617
                }
            },
            "initial_elapsed": 40,
            "initial_used": 617,
            "min_usage_period": {
                "default": 0
            },
            "states": {},
            "type": 1
        },
        "6": {
            "capacities": [
                "1",
                "B",
                "A"
            ],
            "code": "",
            "initial": {
                "M": {
                    "elapsed": 39,
                    "used": 700
                }
            },
            "initial_elapsed": 39,
            "initial_used": 700,
            "min_usage_period": {
                "default": 0
            },
            "states": {},
            "type": 1
        },
        "7": {
            "capacities": [
                "1",
                "B"
            ],
            "code": "",
            "initial": {
                "M": {
                    "elapsed": 6,
                    "used": 150
                }
            },
            "initial_elapsed": 6,
            "initial_used": 150,
            "min_usage_period": {
                "default": 0
            },
            "states": {},
            "type": 1
        },
        "8": {
            "capacities": [
                "1",
                "B"
            ],
            "code": "",
            "initial": {
                "M": {
                    "elapsed": 20,
                    "used": 350
                }
            },
            "initial_elapsed": 20,
            "initial_used": 350,
            "min_usage_period": {
                "default": 0
            },
            "states": {},
            "type": 1
        },
        "9": {
            "capacities": [
                "1",
                "A"
            ],
            "code": "",
            "initial": {
                "M": {
                    "elapsed": 51,
                    "used": 800
                }
            },
            "initial_elapsed": 51,
            "initial_used": 800,
            "min_usage_period": {
                "default": 0
            },
            "states": {
                "2017-11": "11",
                "2017-12": "11"
            },
            "type": 1
        }
    },
    "tasks": {
        "0": {
            "capacities": [
                "0"
            ],
            "consumption": 40,
            "end": "2018-09",
            "matricule": "",
            "min_assign": 6,
            "num_resource": 4,
            "start": "2018-01",
            "type_resource": 0
        },
        "1": {
            "capacities": [
                "0"
            ],
            "consumption": 62,
            "end": "2019-09",
            "matricule": "",
            "min_assign": 6,
            "num_resource": 4,
            "start": "2018-10",
            "type_resource": 0
        },
        "10": {
            "capacities": [
                "0"
            ],
            "consumption": 56,
            "end": "2025-06",
            "matricule": "",
            "min_assign": 6,
            "num_resource": 4,
            "start": "2025-04",
            "type_resource": 0
        },
        "11": {
            "capacities": [
                "1"
            ],
            "consumption": 23,
            "end": "2018-07",
            "matricule": "",
            "min_assign": 3,
            "num_resource": 1,
            "start": "2018-01",
            "type_resource": 1
        },
        "12": {
            "capacities": [
                "1"
            ],
            "consumption": 47,
            "end": "2019-02",
            "matricule": "",
            "min_assign": 2,
            "num_resource": 5,
            "start": "2018-08",
            "type_resource": 1
        },
        "13": {
            "capacities": [
                "1",
                "A"
            ],
            "consumption": 72,
            "end": "2019-10",
            "matricule": "",
            "min_assign": 6,
            "num_resource": 5,
            "start": "2019-03",
            "type_resource": 1
        },
        "14": {
            "capacities": [
                "1"
            ],
            "consumption": 53,
            "end": "2020-04",
            "matricule": "",
            "min_assign": 3,
            "num_resource": 4,
            "start": "2019-11",
            "type_resource": 1
        },
        "15": {
            "capacities": [
                "1"
            ],
            "consumption": 31,
            "end": "2021-04",
            "matricule": "",
            "min_assign": 3,
            "num_resource": 1,
            "start": "2020-05",
            "type_resource": 1
        },
        "16": {
            "capacities": [
                "1"
            ],
            "consumption": 48,
            "end": "2021-10",
            "matricule": "",
            "min_assign": 3,
            "num_resource": 4,
            "start": "2021-05",
            "type_resource": 1
        },
        "17": {
            "capacities": [
                "1",
                "B"
            ],
            "consumption": 71,
            "end": "2022-07",
            "matricule": "",
            "min_assign": 2,
            "num_resource": 4,
            "start": "2021-11",
            "type_resource": 1
        },
        "18": {
            "capacities": [
                "1"
            ],
            "consumption": 45,
            "end": "2023-02",
            "matricule": "",
            "min_assign": 2,
            "num_resource": 2,
            "start": "2022-08",
            "type_resource": 1
        },
        "19": {
            "capacities": [
                "1"
            ],
            "consumption": 80,
            "end": "2023-10",
            "matricule": "",
            "min_assign": 6,
            "num_resource": 1,
            "start": "2023-03",
            "type_resource": 1
        },
        "2": {
            "capacities": [
                "0"
            ],
            "consumption": 61,
            "end": "2020-09",
            "matricule": "",
            "min_assign": 2,
            "num_resource": 6,
            "start": "2019-10",
            "type_resource": 0
        },
        "20": {
            "capacities": [
                "1"
            ],
            "consumption": 35,
            "end": "2024-06",
            "matricule": "",
            "min_assign": 6,
            "num_resource": 1,
            "start": "2023-11",
            "type_resource": 1
        },
        "21": {
            "capacities": [
                "1"
            ],
            "consumption": 19,
            "end": "2025-04",
            "matricule": "",
            "min_assign": 6,
            "num_resource": 6,
            "start": "2024-07",
            "type_resource": 1
        },
        "22": {
            "capacities": [
                "1"
            ],
            "consumption": 39,
            "end": "2025-06",
            "matricule": "",
            "min_assign": 6,
            "num_resource": 5,
            "start": "2025-05",
            "type_resource": 1
        },
        "23": {
            "capacities": [
                "2"
            ],
            "consumption": 64,
            "end": "2018-07",
            "matricule": "",
            "min_assign": 3,
            "num_resource": 1,
            "start": "2018-01",
            "type_resource": 2
        },
        "24": {
            "capacities": [
                "C",
                "2"
            ],
            "consumption": 41,
            "end": "2019-04",
            "matricule": "",
            "min_assign": 3,
            "num_resource": 1,
            "start": "2018-08",
            "type_resource": 2
        },
        "25": {
            "capacities": [
                "2",
                "D"
            ],
            "consumption": 55,
            "end": "2020-04",
            "matricule": "",
            "min_assign": 2,
            "num_resource": 4,
            "start": "2019-05",
            "type_resource": 2
        },
        "26": {
            "capacities": [
                "2"
            ],
            "consumption": 59,
            "end": "2021-03",
            "matricule": "",
            "min_assign": 2,
            "num_resource": 6,
            "start": "2020-05",
            "type_resource": 2
        },
        "27": {
            "capacities": [
                "2"
            ],
            "consumption": 37,
            "end": "2022-02",
            "matricule": "",
            "min_assign": 6,
            "num_resource": 5,
            "start": "2021-04",
            "type_resource": 2
        },
        "28": {
            "capacities": [
                "2"
            ],
            "consumption": 65,
            "end": "2022-09",
            "matricule": "",
            "min_assign": 6,
            "num_resource": 2,
            "start": "2022-03",
            "type_resource": 2
        },
        "29": {
            "capacities": [
                "2"
            ],
            "consumption": 45,
            "end": "2023-09",
            "matricule": "",
            "min_assign": 3,
            "num_resource": 4,
            "start": "2022-10",
            "type_resource": 2
        },
        "3": {
            "capacities": [
                "0"
            ],
            "consumption": 68,
            "end": "2021-06",
            "matricule": "",
            "min_assign": 3,
            "num_resource": 1,
            "start": "2020-10",
            "type_resource": 0
        },
        "30": {
            "capacities": [
                "2"
            ],
            "consumption": 44,
            "end": "2024-06",
            "matricule": "",
            "min_assign": 2,
            "num_resource": 6,
            "start": "2023-10",
            "type_resource": 2
        },
        "31": {
            "capacities": [
                "2"
            ],
            "consumption": 43,
            "end": "2025-01",
            "matricule": "",
            "min_assign": 6,
            "num_resource": 1,
            "start": "2024-07",
            "type_resource": 2
        },
        "32": {
            "capacities": [
                "2"
            ],
            "consumption": 88,
            "end": "2025-06",
            "matricule": "",
            "min_assign": 6,
            "num_resource": 3,
            "start": "2025-02",
            "type_resource": 2
        },
        "33": {
            "capacities": [
                "3"
            ],
            "consumption": 30,
            "end": "2018-12",
            "matricule": "",
            "min_assign": 3,
            "num_resource": 3,
            "start": "2018-01",
            "type_resource": 3
        },
        "34": {
            "capacities": [
                "3"
            ],
            "consumption": 44,
            "end": "2019-06",
            "matricule": "",
            "min_assign": 6,
            "num_resource": 2,
            "start": "2019-01",
            "type_resource": 3
        },
        "35": {
            "capacities": [
                "3"
            ],
            "consumption": 90,
            "end": "2019-12",
            "matricule": "",
            "min_assign": 2,
            "num_resource": 2,
            "start": "2019-07",
            "type_resource": 3
        },
        "36": {
            "capacities": [
                "3"
            ],
            "consumption": 96,
            "end": "2020-12",
            "matricule": "",
            "min_assign": 3,
            "num_resource": 6,
            "start": "2020-01",
            "type_resource": 3
        },
        "37": {
            "capacities": [
                "3"
            ],
            "consumption": 35,
            "end": "2021-09",
            "matricule": "",
            "min_assign": 6,
            "num_resource": 4,
            "start": "2021-01",
            "type_resource": 3
        },
        "38": {
            "capacities": [
                "3"
            ],
            "consumption": 32,
            "end": "2022-05",
            "matricule": "",
            "min_assign": 2,
            "num_resource": 2,
            "start": "2021-10",
            "type_resource": 3
        },
        "39": {
            "capacities": [
                "3"
            ],
            "consumption": 63,
            "end": "2023-02",
            "matricule": "",
            "min_assign": 6,
            "num_resource": 3,
            "start": "2022-06",
            "type_resource": 3
        },
        "4": {
            "capacities": [
                "0"
            ],
            "consumption": 72,
            "end": "2021-12",
            "matricule": "",
            "min_assign": 6,
            "num_resource": 1,
            "start": "2021-07",
            "type_resource": 0
        },
        "40": {
            "capacities": [
                "3"
            ],
            "consumption": 60,
            "end": "2023-12",
            "matricule": "",
            "min_assign": 3,
            "num_resource": 2,
            "start": "2023-03",
            "type_resource": 3
        },
        "41": {
            "capacities": [
                "3"
            ],
            "consumption": 58,
            "end": "2024-11",
            "matricule": "",
            "min_assign": 3,
            "num_resource": 6,
            "start": "2024-01",
            "type_resource": 3
        },
        "42": {
            "capacities": [
                "3"
            ],
            "consumption": 52,
            "end": "2025-06",
            "matricule": "",
            "min_assign": 6,
            "num_resource": 4,
            "start": "2024-12",
            "type_resource": 3
        },
        "5": {
            "capacities": [
                "0"
            ],
            "consumption": 45,
            "end": "2022-07",
            "matricule": "",
            "min_assign": 3,
            "num_resource": 6,
            "start": "2022-01",
            "type_resource": 0
        },
        "6": {
            "capacities": [
                "0"
            ],
            "consumption": 47,
            "end": "2023-04",
            "matricule": "",
            "min_assign": 2,
            "num_resource": 2,
            "start": "2022-08",
            "type_resource": 0
        },
        "7": {
            "capacities": [
                "0"
            ],
            "consumption": 66,
            "end": "2023-10",
            "matricule": "",
            "min_assign": 3,
            "num_resource": 4,
            "start": "2023-05",
            "type_resource": 0
        },
        "8": {
            "capacities": [
                "0"
            ],
            "consumption": 41,
            "end": "2024-04",
            "matricule": "",
            "min_assign": 6,
            "num_resource": 4,
            "start": "2023-11",
            "type_resource": 0
        },
        "9": {
            "capacities": [
                "0"
            ],
            "consumption": 42,
            "end": "2025-03",
            "matricule": "",
            "min_assign": 6,
            "num_resource": 1,
            "start": "2024-05",
            "type_resource": 0
        }
    }
}