{
    "available": {
        "6": {
            "2018-01": -1,
            "2018-02": -1,
            "2018-03": -1
        }
    },
    "hours": {
        "1": {
            "2022-12": -17.0,
            "2024-06": -16.0
        },
        "11": {
            "2020-08": -54.0,
            "2024-09": -10.0,
            "2024-10": -106.0,
            "2024-11": -202.0
        },
        "12": {
            "2019-10": -28.0,
            "2024-01": -88.0,
            "2025-05": -106.0,
            "2025-06": -281.0
        },
        "6": {
            "2020-12": -7.0,
            "2021-01": -7.0,
            "2021-02": -7.0,
            "2021-03": -7.0,
            "2021-04": -7.0,
            "2021-05": -7.0,
            "2021-06": -7.0,
            "2021-07": -7.0,
            "2021-08": -7.0,
            "2021-09": -7.0,
            "2021-10": -7.0,
            "2021-11": -7.0,
            "2021-12": -7.0,
            "2022-01": -7.0,
            "2022-02": -7.0,
            "2022-03": -7.0
        },
        "8": {
            "2021-04": -100.0,
            "2023-09": -160.0,
            "2023-11": -68.0
        },
        "9": {
            "2018-01": -271.0
        }
    },
    "resources": {
        "2": {
            "2019-08": 1,
            "2019-09": 1,
            "2019-10": 1,
            "2019-11": 1
        },
        "21": {
            "2018-01": 2,
            "2018-02": 2,
            "2018-03": 2,
            "2018-04": 2,
            "2018-05": 3,
            "2018-06": 3
        },
        "24": {
            "2020-10": 1,
            "2020-11": 1,
            "2020-12": 1
        },
        "31": {
            "2018-02": 1,
            "2018-03": 1,
            "2018-04": 1,
            "2018-05": 1,
            "2018-06": 1,
            "2018-07": 1,
            "2018-08": 2
        },
        "32": {
            "2018-09": 1,
            "2018-10": 1,
            "2018-11": 1
        },
        "34": {
            "2020-01": 1,
            "2020-09": 1
        },
        "35": {
            "2020-10": 3,
            "2020-11": 3,
            "2020-12": 3,
            "2021-01": 3,
            "2021-02": 2,
            "2021-03": 1,
            "2021-04": 1,
            "2021-05": 1
        },
        "36": {
            "2021-06": 4,
            "2021-07": 4,
            "2021-08": 3,
            "2021-09": 1,
            "2021-10": 1,
            "2021-11": 2,
            "2021-12": 2,
            "2022-03": 1,
            "2022-04": 1,
            "2022-05": 1
        },
        "38": {
            "2023-01": 4,
            "2023-02": 2,
            "2023-03": 2,
            "2023-04": 2,
            "2023-05": 2,
            "2023-10": 1,
            "2023-11": 2
        },
        "39": {
            "2023-12": 2,
            "2024-01": 2,
            "2024-02": 1
        },
        "4": {
            "2021-02": 2
        },
        "43": {
            "2018-08": 2,
            "2018-09": 2,
            "2018-10": 2,
            "2018-11": 2,
            "2018-12": 2,
            "2019-01": 2
        },
        "44": {
            "2019-02": 1,
            "2019-03": 1,
            "2019-04": 1,
            "2019-05": 1,
            "2019-06": 1,
            "2019-07": 1
        },
        "45": {
            "2019-08": 1
        },
        "47": {
            "2021-06": 1,
            "2021-07": 1,
            "2021-08": 1
        },
        "48": {
            "2021-09": 1,
            "2021-10": 1
        }
    }
}