{
    "elapsed": {
        "M": {
            "79": {
                "2025-06": 0
            }
        }
    },
    "hours": {
        "14": {
            "2024-01": -148.0,
            "2024-04": -363.0,
            "2024-05": -3.0
        },
        "3": {
            "2022-04": -63.0
        },
        "4": {
            "2023-11": -46.0,
            "2023-12": -93.0
        },
        "5": {
            "2023-12": -13.0
        }
    },
    "resources": {
        "11": {
            "2018-11": 5,
            "2018-12": 5,
            "2019-01": 4,
            "2019-02": 4,
            "2019-03": 4,
            "2019-04": 3,
            "2019-05": 3,
            "2019-06": 3
        },
        "13": {
            "2020-12": 1,
            "2021-01": 1,
            "2021-02": 1
        },
        "15": {
            "2021-10": 5,
            "2021-11": 4,
            "2021-12": 2,
            "2022-01": 1,
            "2022-02": 1
        },
        "20": {
            "2018-01": 1,
            "2018-02": 1,
            "2018-03": 1
        },
        "56": {
            "2020-03": 1,
            "2020-04": 1,
            "2020-05": 1
        },
        "57": {
            "2020-06": 2,
            "2020-07": 1,
            "2020-11": 1,
            "2020-12": 1,
            "2021-01": 2
        },
        "58": {
            "2021-02": 5,
            "2021-03": 5,
            "2021-04": 5,
            "2021-05": 5,
            "2021-06": 4,
            "2021-07": 4,
            "2021-08": 4,
            "2021-09": 4,
            "2021-10": 4
        },
        "60": {
            "2023-01": 1
        }
    }
}