{
    "hours": {
        "1": {
            "2020-11": -10.0,
            "2020-12": -78.0
        },
        "3": {
            "2019-08": -268.0
        },
        "6": {
            "2020-11": -15.0,
            "2020-12": -15.0,
            "2025-06": -22.0
        },
        "7": {
            "2019-10": -72.0
        }
    },
    "resources": {
        "1": {
            "2018-10": 2,
            "2018-11": 2,
            "2018-12": 2,
            "2019-01": 2,
            "2019-02": 1,
            "2019-07": 1,
            "2019-08": 1,
            "2019-09": 1
        },
        "13": {
            "2019-03": 1,
            "2019-09": 1,
            "2019-10": 1
        },
        "2": {
            "2019-10": 3,
            "2019-11": 1,
            "2019-12": 1,
            "2020-04": 1,
            "2020-05": 1,
            "2020-08": 1,
            "2020-09": 1
        },
        "25": {
            "2019-05": 2,
            "2019-06": 2,
            "2019-07": 1,
            "2019-08": 1,
            "2019-09": 1,
            "2019-10": 1,
            "2019-11": 2,
            "2019-12": 2,
            "2020-01": 2,
            "2020-02": 2,
            "2020-03": 2,
            "2020-04": 2
        },
        "3": {
            "2020-10": 1
        }
    }
}