{
    "state_m": {
        "0": {
            "2020-01": {
                "M": 1
            },
            "2020-02": {
                "M": 1
            },
            "2020-03": {
                "M": 1
            },
            "2020-04": {
                "M": 1
            },
            "2020-05": {
                "M": 1
            },
            "2020-06": {
                "M": 1
            },
            "2024-04": {
                "M": 1
            },
            "2024-05": {
                "M": 1
            },
            "2024-06": {
                "M": 1
            },
            "2024-07": {
                "M": 1
            },
            "2024-08": {
                "M": 1
            },
            "2024-09": {
                "M": 1
            }
        },
        "1": {
            "2021-02": {
                "M": 1
            },
            "2021-03": {
                "M": 1
            },
            "2021-04": {
                "M": 1
            },
            "2021-05": {
                "M": 1
            },
            "2021-06": {
                "M": 1
            },
            "2021-07": {
                "M": 1
            },
            "2025-05": {
                "M": 1
            },
            "2025-06": {
                "M": 1
            }
        },
        "10": {
            "2019-02": {
                "M": 1
            },
            "2019-03": {
                "M": 1
            },
            "2019-04": {
                "M": 1
            },
            "2019-05": {
                "M": 1
            },
            "2019-06": {
                "M": 1
            },
            "2019-07": {
                "M": 1
            },
            "2023-05": {
                "M": 1
            },
            "2023-06": {
                "M": 1
            },
            "2023-07": {
                "M": 1
            },
            "2023-08": {
                "M": 1
            },
            "2023-09": {
                "M": 1
            },
            "2023-10": {
                "M": 1
            }
        },
        "11": {
            "2018-01": {
                "M": 1
            },
            "2018-02": {
                "M": 1
            },
            "2018-03": {
                "M": 1
            },
            "2018-04": {
                "M": 1
            },
            "2022-11": {
                "M": 1
            },
            "2022-12": {
                "M": 1
            },
            "2023-01": {
                "M": 1
            },
            "2023-02": {
                "M": 1
            },
            "2023-03": {
                "M": 1
            },
            "2023-04": {
                "M": 1
            }
        },
        "12": {
            "2019-06": {
                "M": 1
            },
            "2019-07": {
                "M": 1
            },
            "2019-08": {
                "M": 1
            },
            "2019-09": {
                "M": 1
            },
            "2019-10": {
                "M": 1
            },
            "2019-11": {
                "M": 1
            },
            "2023-09": {
                "M": 1
            },
            "2023-10": {
                "M": 1
            },
            "2023-11": {
                "M": 1
            },
            "2023-12": {
                "M": 1
            },
            "2024-01": {
                "M": 1
            },
            "2024-02": {
                "M": 1
            }
        },
        "13": {
            "2022-04": {
                "M": 1
            },
            "2022-05": {
                "M": 1
            },
            "2022-06": {
                "M": 1
            },
            "2022-07": {
                "M": 1
            },
            "2022-08": {
                "M": 1
            },
            "2022-09": {
                "M": 1
            }
        },
        "14": {
            "2020-03": {
                "M": 1
            },
            "2020-04": {
                "M": 1
            },
            "2020-05": {
                "M": 1
            },
            "2020-06": {
                "M": 1
            },
            "2020-07": {
                "M": 1
            },
            "2020-08": {
                "M": 1
            },
            "2024-06": {
                "M": 1
            },
            "2024-07": {
                "M": 1
            },
            "2024-08": {
                "M": 1
            },
            "2024-09": {
                "M": 1
            },
            "2024-10": {
                "M": 1
            },
            "2024-11": {
                "M": 1
            }
        },
        "15": {
            "2020-06": {
                "M": 1
            },
            "2020-07": {
                "M": 1
            },
            "2020-08": {
                "M": 1
            },
            "2020-09": {
                "M": 1
            },
            "2020-10": {
                "M": 1
            },
            "2020-11": {
                "M": 1
            },
            "2024-09": {
                "M": 1
            },
            "2024-10": {
                "M": 1
            },
            "2024-11": {
                "M": 1
            },
            "2024-12": {
                "M": 1
            },
            "2025-01": {
                "M": 1
            },
            "2025-02": {
                "M": 1
            }
        },
        "16": {
            "2020-06": {
                "M": 1
            },
            "2020-07": {
                "M": 1
            },
            "2020-08": {
                "M": 1
            },
            "2020-09": {
                "M": 1
            },
            "2020-10": {
                "M": 1
            },
            "2020-11": {
                "M": 1
            },
            "2024-09": {
                "M": 1
            },
            "2024-10": {
                "M": 1
            },
            "2024-11": {
                "M": 1
            },
            "2024-12": {
                "M": 1
            },
            "2025-01": {
                "M": 1
            },
            "2025-02": {
                "M": 1
            }
        },
        "17": {
            "2019-02": {
                "M": 1
            },
            "2019-03": {
                "M": 1
            },
            "2019-04": {
                "M": 1
            },
            "2019-05": {
                "M": 1
            },
            "2019-06": {
                "M": 1
            },
            "2019-07": {
                "M": 1
            },
            "2023-05": {
                "M": 1
            },
            "2023-06": {
                "M": 1
            },
            "2023-07": {
                "M": 1
            },
            "2023-08": {
                "M": 1
            },
            "2023-09": {
                "M": 1
            },
            "2023-10": {
                "M": 1
            }
        },
        "18": {
            "2019-06": {
                "M": 1
            },
            "2019-07": {
                "M": 1
            },
            "2019-08": {
                "M": 1
            },
            "2019-09": {
                "M": 1
            },
            "2019-10": {
                "M": 1
            },
            "2019-11": {
                "M": 1
            },
            "2023-09": {
                "M": 1
            },
            "2023-10": {
                "M": 1
            },
            "2023-11": {
                "M": 1
            },
            "2023-12": {
                "M": 1
            },
            "2024-01": {
                "M": 1
            },
            "2024-02": {
                "M": 1
            }
        },
        "19": {
            "2020-10": {
                "M": 1
            },
            "2020-11": {
                "M": 1
            },
            "2020-12": {
                "M": 1
            },
            "2021-01": {
                "M": 1
            },
            "2021-02": {
                "M": 1
            },
            "2021-03": {
                "M": 1
            },
            "2025-02": {
                "M": 1
            },
            "2025-03": {
                "M": 1
            },
            "2025-04": {
                "M": 1
            },
            "2025-05": {
                "M": 1
            },
            "2025-06": {
                "M": 1
            }
        },
        "2": {
            "2021-04": {
                "M": 1
            },
            "2021-05": {
                "M": 1
            },
            "2021-06": {
                "M": 1
            },
            "2021-07": {
                "M": 1
            },
            "2021-08": {
                "M": 1
            },
            "2021-09": {
                "M": 1
            }
        },
        "20": {
            "2018-07": {
                "M": 1
            },
            "2018-08": {
                "M": 1
            },
            "2018-09": {
                "M": 1
            },
            "2018-10": {
                "M": 1
            },
            "2018-11": {
                "M": 1
            },
            "2018-12": {
                "M": 1
            },
            "2023-08": {
                "M": 1
            },
            "2023-09": {
                "M": 1
            },
            "2023-10": {
                "M": 1
            },
            "2023-11": {
                "M": 1
            },
            "2023-12": {
                "M": 1
            },
            "2024-01": {
                "M": 1
            }
        },
        "21": {
            "2020-02": {
                "M": 1
            },
            "2020-03": {
                "M": 1
            },
            "2020-04": {
                "M": 1
            },
            "2020-05": {
                "M": 1
            },
            "2020-06": {
                "M": 1
            },
            "2020-07": {
                "M": 1
            },
            "2024-07": {
                "M": 1
            },
            "2024-08": {
                "M": 1
            },
            "2024-09": {
                "M": 1
            },
            "2024-10": {
                "M": 1
            },
            "2024-11": {
                "M": 1
            },
            "2024-12": {
                "M": 1
            }
        },
        "22": {
            "2021-06": {
                "M": 1
            },
            "2021-07": {
                "M": 1
            },
            "2021-08": {
                "M": 1
            },
            "2021-09": {
                "M": 1
            },
            "2021-10": {
                "M": 1
            },
            "2021-11": {
                "M": 1
            }
        },
        "23": {
            "2022-09": {
                "M": 1
            },
            "2022-10": {
                "M": 1
            },
            "2022-11": {
                "M": 1
            },
            "2022-12": {
                "M": 1
            },
            "2023-01": {
                "M": 1
            },
            "2023-02": {
                "M": 1
            }
        },
        "24": {
            "2020-11": {
                "M": 1
            },
            "2020-12": {
                "M": 1
            },
            "2021-01": {
                "M": 1
            },
            "2021-02": {
                "M": 1
            },
            "2021-03": {
                "M": 1
            },
            "2021-04": {
                "M": 1
            },
            "2025-02": {
                "M": 1
            },
            "2025-03": {
                "M": 1
            },
            "2025-04": {
                "M": 1
            },
            "2025-05": {
                "M": 1
            },
            "2025-06": {
                "M": 1
            }
        },
        "25": {
            "2018-01": {
                "M": 1
            },
            "2021-11": {
                "M": 1
            },
            "2021-12": {
                "M": 1
            },
            "2022-01": {
                "M": 1
            },
            "2022-02": {
                "M": 1
            },
            "2022-03": {
                "M": 1
            },
            "2022-04": {
                "M": 1
            }
        },
        "26": {
            "2018-01": {
                "M": 1
            },
            "2018-02": {
                "M": 1
            },
            "2018-03": {
                "M": 1
            },
            "2022-08": {
                "M": 1
            },
            "2022-09": {
                "M": 1
            },
            "2022-10": {
                "M": 1
            },
            "2022-11": {
                "M": 1
            },
            "2022-12": {
                "M": 1
            },
            "2023-01": {
                "M": 1
            }
        },
        "27": {
            "2019-07": {
                "M": 1
            },
            "2019-08": {
                "M": 1
            },
            "2019-09": {
                "M": 1
            },
            "2019-10": {
                "M": 1
            },
            "2019-11": {
                "M": 1
            },
            "2019-12": {
                "M": 1
            },
            "2023-12": {
                "M": 1
            },
            "2024-01": {
                "M": 1
            },
            "2024-02": {
                "M": 1
            },
            "2024-03": {
                "M": 1
            },
            "2024-04": {
                "M": 1
            },
            "2024-05": {
                "M": 1
            }
        },
        "28": {
            "2022-03": {
                "M": 1
            },
            "2022-04": {
                "M": 1
            },
            "2022-05": {
                "M": 1
            },
            "2022-06": {
                "M": 1
            },
            "2022-07": {
                "M": 1
            },
            "2022-08": {
                "M": 1
            }
        },
        "29": {
            "2022-05": {
                "M": 1
            },
            "2022-06": {
                "M": 1
            },
            "2022-07": {
                "M": 1
            },
            "2022-08": {
                "M": 1
            },
            "2022-09": {
                "M": 1
            },
            "2022-10": {
                "M": 1
            }
        },
        "3": {
            "2021-10": {
                "M": 1
            },
            "2021-11": {
                "M": 1
            },
            "2021-12": {
                "M": 1
            },
            "2022-01": {
                "M": 1
            },
            "2022-02": {
                "M": 1
            },
            "2022-03": {
                "M": 1
            }
        },
        "30": {
            "2021-05": {
                "M": 1
            },
            "2021-06": {
                "M": 1
            },
            "2021-07": {
                "M": 1
            },
            "2021-08": {
                "M": 1
            },
            "2021-09": {
                "M": 1
            },
            "2021-10": {
                "M": 1
            }
        },
        "31": {
            "2019-04": {
                "M": 1
            },
            "2019-05": {
                "M": 1
            },
            "2019-06": {
                "M": 1
            },
            "2019-07": {
                "M": 1
            },
            "2019-08": {
                "M": 1
            },
            "2019-09": {
                "M": 1
            },
            "2023-07": {
                "M": 1
            },
            "2023-08": {
                "M": 1
            },
            "2023-09": {
                "M": 1
            },
            "2023-10": {
                "M": 1
            },
            "2023-11": {
                "M": 1
            },
            "2023-12": {
                "M": 1
            }
        },
        "32": {
            "2021-07": {
                "M": 1
            },
            "2021-08": {
                "M": 1
            },
            "2021-09": {
                "M": 1
            },
            "2021-10": {
                "M": 1
            },
            "2021-11": {
                "M": 1
            },
            "2021-12": {
                "M": 1
            }
        },
        "33": {
            "2021-02": {
                "M": 1
            },
            "2021-03": {
                "M": 1
            },
            "2021-04": {
                "M": 1
            },
            "2021-05": {
                "M": 1
            },
            "2021-06": {
                "M": 1
            },
            "2021-07": {
                "M": 1
            },
            "2025-06": {
                "M": 1
            }
        },
        "34": {
            "2021-03": {
                "M": 1
            },
            "2021-04": {
                "M": 1
            },
            "2021-05": {
                "M": 1
            },
            "2021-06": {
                "M": 1
            },
            "2021-07": {
                "M": 1
            },
            "2021-08": {
                "M": 1
            },
            "2025-06": {
                "M": 1
            }
        },
        "35": {
            "2021-04": {
                "M": 1
            },
            "2021-05": {
                "M": 1
            },
            "2021-06": {
                "M": 1
            },
            "2021-07": {
                "M": 1
            },
            "2021-08": {
                "M": 1
            },
            "2021-09": {
                "M": 1
            }
        },
        "36": {
            "2022-02": {
                "M": 1
            },
            "2022-03": {
                "M": 1
            },
            "2022-04": {
                "M": 1
            },
            "2022-05": {
                "M": 1
            },
            "2022-06": {
                "M": 1
            },
            "2022-07": {
                "M": 1
            }
        },
        "37": {
            "2020-03": {
                "M": 1
            },
            "2020-04": {
                "M": 1
            },
            "2020-05": {
                "M": 1
            },
            "2020-06": {
                "M": 1
            },
            "2020-07": {
                "M": 1
            },
            "2020-08": {
                "M": 1
            },
            "2024-06": {
                "M": 1
            },
            "2024-07": {
                "M": 1
            },
            "2024-08": {
                "M": 1
            },
            "2024-09": {
                "M": 1
            },
            "2024-10": {
                "M": 1
            },
            "2024-11": {
                "M": 1
            }
        },
        "38": {
            "2020-06": {
                "M": 1
            },
            "2020-07": {
                "M": 1
            },
            "2020-08": {
                "M": 1
            },
            "2020-09": {
                "M": 1
            },
            "2020-10": {
                "M": 1
            },
            "2020-11": {
                "M": 1
            },
            "2024-09": {
                "M": 1
            },
            "2024-10": {
                "M": 1
            },
            "2024-11": {
                "M": 1
            },
            "2024-12": {
                "M": 1
            },
            "2025-01": {
                "M": 1
            },
            "2025-02": {
                "M": 1
            }
        },
        "39": {
            "2018-06": {
                "M": 1
            },
            "2018-07": {
                "M": 1
            },
            "2018-08": {
                "M": 1
            },
            "2018-09": {
                "M": 1
            },
            "2018-10": {
                "M": 1
            },
            "2018-11": {
                "M": 1
            },
            "2023-11": {
                "M": 1
            },
            "2023-12": {
                "M": 1
            },
            "2024-01": {
                "M": 1
            },
            "2024-02": {
                "M": 1
            },
            "2024-03": {
                "M": 1
            },
            "2024-04": {
                "M": 1
            }
        },
        "4": {
            "2019-07": {
                "M": 1
            },
            "2019-08": {
                "M": 1
            },
            "2019-09": {
                "M": 1
            },
            "2019-10": {
                "M": 1
            },
            "2019-11": {
                "M": 1
            },
            "2019-12": {
                "M": 1
            },
            "2023-12": {
                "M": 1
            },
            "2024-01": {
                "M": 1
            },
            "2024-02": {
                "M": 1
            },
            "2024-03": {
                "M": 1
            },
            "2024-04": {
                "M": 1
            },
            "2024-05": {
                "M": 1
            }
        },
        "40": {
            "2018-09": {
                "M": 1
            },
            "2018-10": {
                "M": 1
            },
            "2018-11": {
                "M": 1
            },
            "2018-12": {
                "M": 1
            },
            "2019-01": {
                "M": 1
            },
            "2019-02": {
                "M": 1
            },
            "2022-12": {
                "M": 1
            },
            "2023-01": {
                "M": 1
            },
            "2023-02": {
                "M": 1
            },
            "2023-03": {
                "M": 1
            },
            "2023-04": {
                "M": 1
            },
            "2023-05": {
                "M": 1
            }
        },
        "41": {
            "2019-11": {
                "M": 1
            },
            "2019-12": {
                "M": 1
            },
            "2020-01": {
                "M": 1
            },
            "2020-02": {
                "M": 1
            },
            "2020-03": {
                "M": 1
            },
            "2020-04": {
                "M": 1
            },
            "2024-02": {
                "M": 1
            },
            "2024-03": {
                "M": 1
            },
            "2024-04": {
                "M": 1
            },
            "2024-05": {
                "M": 1
            },
            "2024-06": {
                "M": 1
            },
            "2024-07": {
                "M": 1
            }
        },
        "42": {
            "2021-11": {
                "M": 1
            },
            "2021-12": {
                "M": 1
            },
            "2022-01": {
                "M": 1
            },
            "2022-02": {
                "M": 1
            },
            "2022-03": {
                "M": 1
            },
            "2022-04": {
                "M": 1
            }
        },
        "43": {
            "2020-09": {
                "M": 1
            },
            "2020-10": {
                "M": 1
            },
            "2020-11": {
                "M": 1
            },
            "2020-12": {
                "M": 1
            },
            "2021-01": {
                "M": 1
            },
            "2021-02": {
                "M": 1
            }
        },
        "44": {
            "2021-06": {
                "M": 1
            },
            "2021-07": {
                "M": 1
            },
            "2021-08": {
                "M": 1
            },
            "2021-09": {
                "M": 1
            },
            "2021-10": {
                "M": 1
            },
            "2021-11": {
                "M": 1
            }
        },
        "45": {
            "2018-01": {
                "M": 1
            },
            "2018-02": {
                "M": 1
            },
            "2018-03": {
                "M": 1
            },
            "2018-04": {
                "M": 1
            },
            "2018-05": {
                "M": 1
            },
            "2018-06": {
                "M": 1
            },
            "2022-10": {
                "M": 1
            },
            "2022-11": {
                "M": 1
            },
            "2022-12": {
                "M": 1
            },
            "2023-01": {
                "M": 1
            },
            "2023-02": {
                "M": 1
            },
            "2023-03": {
                "M": 1
            }
        },
        "46": {
            "2020-03": {
                "M": 1
            },
            "2020-04": {
                "M": 1
            },
            "2020-05": {
                "M": 1
            },
            "2020-06": {
                "M": 1
            },
            "2020-07": {
                "M": 1
            },
            "2020-08": {
                "M": 1
            }
        },
        "47": {
            "2018-01": {
                "M": 1
            },
            "2018-02": {
                "M": 1
            },
            "2018-03": {
                "M": 1
            },
            "2018-04": {
                "M": 1
            },
            "2018-05": {
                "M": 1
            },
            "2018-06": {
                "M": 1
            },
            "2022-04": {
                "M": 1
            },
            "2022-05": {
                "M": 1
            },
            "2022-06": {
                "M": 1
            },
            "2022-07": {
                "M": 1
            },
            "2022-08": {
                "M": 1
            },
            "2022-09": {
                "M": 1
            }
        },
        "48": {
            "2018-10": {
                "M": 1
            },
            "2018-11": {
                "M": 1
            },
            "2018-12": {
                "M": 1
            },
            "2019-01": {
                "M": 1
            },
            "2019-02": {
                "M": 1
            },
            "2019-03": {
                "M": 1
            },
            "2024-03": {
                "M": 1
            },
            "2024-04": {
                "M": 1
            },
            "2024-05": {
                "M": 1
            },
            "2024-06": {
                "M": 1
            },
            "2024-07": {
                "M": 1
            },
            "2024-08": {
                "M": 1
            }
        },
        "49": {
            "2020-08": {
                "M": 1
            },
            "2020-09": {
                "M": 1
            },
            "2020-10": {
                "M": 1
            },
            "2020-11": {
                "M": 1
            },
            "2020-12": {
                "M": 1
            },
            "2021-01": {
                "M": 1
            },
            "2024-11": {
                "M": 1
            },
            "2024-12": {
                "M": 1
            },
            "2025-01": {
                "M": 1
            },
            "2025-02": {
                "M": 1
            },
            "2025-03": {
                "M": 1
            },
            "2025-04": {
                "M": 1
            }
        },
        "5": {
            "2018-01": {
                "M": 1
            },
            "2018-02": {
                "M": 1
            },
            "2018-03": {
                "M": 1
            },
            "2018-04": {
                "M": 1
            },
            "2018-05": {
                "M": 1
            },
            "2018-06": {
                "M": 1
            },
            "2023-02": {
                "M": 1
            },
            "2023-03": {
                "M": 1
            },
            "2023-04": {
                "M": 1
            },
            "2023-05": {
                "M": 1
            },
            "2023-06": {
                "M": 1
            },
            "2023-07": {
                "M": 1
            }
        },
        "50": {
            "2018-08": {
                "M": 1
            },
            "2018-09": {
                "M": 1
            },
            "2018-10": {
                "M": 1
            },
            "2018-11": {
                "M": 1
            },
            "2018-12": {
                "M": 1
            },
            "2019-01": {
                "M": 1
            },
            "2024-01": {
                "M": 1
            },
            "2024-02": {
                "M": 1
            },
            "2024-03": {
                "M": 1
            },
            "2024-04": {
                "M": 1
            },
            "2024-05": {
                "M": 1
            },
            "2024-06": {
                "M": 1
            }
        },
        "51": {
            "2021-11": {
                "M": 1
            },
            "2021-12": {
                "M": 1
            },
            "2022-01": {
                "M": 1
            },
            "2022-02": {
                "M": 1
            },
            "2022-03": {
                "M": 1
            },
            "2022-04": {
                "M": 1
            }
        },
        "52": {
            "2018-10": {
                "M": 1
            },
            "2018-11": {
                "M": 1
            },
            "2018-12": {
                "M": 1
            },
            "2019-01": {
                "M": 1
            },
            "2019-02": {
                "M": 1
            },
            "2019-03": {
                "M": 1
            },
            "2023-03": {
                "M": 1
            },
            "2023-04": {
                "M": 1
            },
            "2023-05": {
                "M": 1
            },
            "2023-06": {
                "M": 1
            },
            "2023-07": {
                "M": 1
            },
            "2023-08": {
                "M": 1
            }
        },
        "53": {
            "2018-01": {
                "M": 1
            },
            "2018-02": {
                "M": 1
            },
            "2018-03": {
                "M": 1
            },
            "2018-04": {
                "M": 1
            },
            "2018-05": {
                "M": 1
            },
            "2018-06": {
                "M": 1
            },
            "2022-06": {
                "M": 1
            },
            "2022-07": {
                "M": 1
            },
            "2022-08": {
                "M": 1
            },
            "2022-09": {
                "M": 1
            },
            "2022-10": {
                "M": 1
            },
            "2022-11": {
                "M": 1
            }
        },
        "54": {
            "2019-02": {
                "M": 1
            },
            "2019-03": {
                "M": 1
            },
            "2019-04": {
                "M": 1
            },
            "2019-05": {
                "M": 1
            },
            "2019-06": {
                "M": 1
            },
            "2019-07": {
                "M": 1
            },
            "2023-05": {
                "M": 1
            },
            "2023-06": {
                "M": 1
            },
            "2023-07": {
                "M": 1
            },
            "2023-08": {
                "M": 1
            },
            "2023-09": {
                "M": 1
            },
            "2023-10": {
                "M": 1
            }
        },
        "55": {
            "2018-01": {
                "M": 1
            },
            "2018-02": {
                "M": 1
            },
            "2018-03": {
                "M": 1
            },
            "2018-04": {
                "M": 1
            },
            "2018-05": {
                "M": 1
            },
            "2018-06": {
                "M": 1
            },
            "2023-06": {
                "M": 1
            },
            "2023-07": {
                "M": 1
            },
            "2023-08": {
                "M": 1
            },
            "2023-09": {
                "M": 1
            },
            "2023-10": {
                "M": 1
            },
            "2023-11": {
                "M": 1
            }
        },
        "56": {
            "2020-08": {
                "M": 1
            },
            "2020-09": {
                "M": 1
            },
            "2020-10": {
                "M": 1
            },
            "2020-11": {
                "M": 1
            },
            "2020-12": {
                "M": 1
            },
            "2021-01": {
                "M": 1
            },
            "2024-11": {
                "M": 1
            },
            "2024-12": {
                "M": 1
            },
            "2025-01": {
                "M": 1
            },
            "2025-02": {
                "M": 1
            },
            "2025-03": {
                "M": 1
            },
            "2025-04": {
                "M": 1
            }
        },
        "57": {
            "2018-05": {
                "M": 1
            },
            "2018-06": {
                "M": 1
            },
            "2018-07": {
                "M": 1
            },
            "2018-08": {
                "M": 1
            },
            "2018-09": {
                "M": 1
            },
            "2018-10": {
                "M": 1
            },
            "2022-11": {
                "M": 1
            },
            "2022-12": {
                "M": 1
            },
            "2023-01": {
                "M": 1
            },
            "2023-02": {
                "M": 1
            },
            "2023-03": {
                "M": 1
            },
            "2023-04": {
                "M": 1
            }
        },
        "58": {
            "2018-08": {
                "M": 1
            },
            "2018-09": {
                "M": 1
            },
            "2018-10": {
                "M": 1
            },
            "2018-11": {
                "M": 1
            },
            "2018-12": {
                "M": 1
            },
            "2019-01": {
                "M": 1
            },
            "2024-01": {
                "M": 1
            },
            "2024-02": {
                "M": 1
            },
            "2024-03": {
                "M": 1
            },
            "2024-04": {
                "M": 1
            },
            "2024-05": {
                "M": 1
            },
            "2024-06": {
                "M": 1
            }
        },
        "59": {
            "2020-07": {
                "M": 1
            },
            "2020-08": {
                "M": 1
            },
            "2020-09": {
                "M": 1
            },
            "2020-10": {
                "M": 1
            },
            "2020-11": {
                "M": 1
            },
            "2020-12": {
                "M": 1
            },
            "2024-10": {
                "M": 1
            },
            "2024-11": {
                "M": 1
            },
            "2024-12": {
                "M": 1
            },
            "2025-01": {
                "M": 1
            },
            "2025-02": {
                "M": 1
            },
            "2025-03": {
                "M": 1
            }
        },
        "6": {
            "2021-08": {
                "M": 1
            },
            "2021-09": {
                "M": 1
            },
            "2021-10": {
                "M": 1
            },
            "2021-11": {
                "M": 1
            },
            "2021-12": {
                "M": 1
            },
            "2022-01": {
                "M": 1
            }
        },
        "7": {
            "2018-06": {
                "M": 1
            },
            "2018-07": {
                "M": 1
            },
            "2018-08": {
                "M": 1
            },
            "2018-09": {
                "M": 1
            },
            "2018-10": {
                "M": 1
            },
            "2018-11": {
                "M": 1
            },
            "2023-11": {
                "M": 1
            },
            "2023-12": {
                "M": 1
            },
            "2024-01": {
                "M": 1
            },
            "2024-02": {
                "M": 1
            },
            "2024-03": {
                "M": 1
            },
            "2024-04": {
                "M": 1
            }
        },
        "8": {
            "2020-02": {
                "M": 1
            },
            "2020-03": {
                "M": 1
            },
            "2020-04": {
                "M": 1
            },
            "2020-05": {
                "M": 1
            },
            "2020-06": {
                "M": 1
            },
            "2020-07": {
                "M": 1
            },
            "2024-05": {
                "M": 1
            },
            "2024-06": {
                "M": 1
            },
            "2024-07": {
                "M": 1
            },
            "2024-08": {
                "M": 1
            },
            "2024-09": {
                "M": 1
            },
            "2024-10": {
                "M": 1
            }
        },
        "9": {
            "2018-04": {
                "M": 1
            },
            "2018-05": {
                "M": 1
            },
            "2018-06": {
                "M": 1
            },
            "2018-07": {
                "M": 1
            },
            "2018-08": {
                "M": 1
            },
            "2018-09": {
                "M": 1
            },
            "2022-11": {
                "M": 1
            },
            "2022-12": {
                "M": 1
            },
            "2023-01": {
                "M": 1
            },
            "2023-02": {
                "M": 1
            },
            "2023-03": {
                "M": 1
            },
            "2023-04": {
                "M": 1
            }
        }
    },
    "task": {
        "0": {
            "2021-04": "4",
            "2021-05": "4",
            "2021-06": "4",
            "2021-07": "4",
            "2021-08": "4",
            "2021-09": "4",
            "2022-02": "5",
            "2022-03": "5",
            "2022-04": "5",
            "2022-05": "5",
            "2022-06": "5",
            "2022-07": "5"
        },
        "1": {
            "2018-03": "0",
            "2018-04": "0",
            "2018-05": "0",
            "2018-06": "0",
            "2018-07": "0",
            "2018-08": "0",
            "2020-08": "3",
            "2020-09": "3",
            "2020-10": "3",
            "2020-11": "3",
            "2020-12": "3",
            "2021-01": "3",
            "2021-08": "4",
            "2021-09": "4",
            "2021-10": "4",
            "2021-11": "4",
            "2021-12": "4",
            "2022-01": "4",
            "2022-12": "6",
            "2023-01": "6",
            "2023-02": "6",
            "2023-03": "6",
            "2023-04": "6"
        },
        "10": {
            "2018-05": "10",
            "2018-06": "10",
            "2018-07": "10",
            "2018-08": "11",
            "2018-09": "11",
            "2018-10": "11",
            "2018-11": "11",
            "2018-12": "11",
            "2019-01": "11",
            "2020-05": "13",
            "2020-06": "13",
            "2020-07": "13",
            "2020-08": "13",
            "2020-09": "13",
            "2020-10": "13",
            "2021-11": "15",
            "2021-12": "15",
            "2022-01": "15",
            "2022-02": "15",
            "2022-03": "15",
            "2022-04": "15",
            "2022-05": "15",
            "2022-06": "15",
            "2022-07": "15",
            "2022-08": "15",
            "2022-09": "15",
            "2022-10": "15",
            "2024-01": "17",
            "2024-02": "17",
            "2024-03": "18",
            "2024-04": "18",
            "2024-05": "18",
            "2024-06": "18",
            "2024-07": "18",
            "2024-08": "18",
            "2024-09": "18",
            "2024-10": "18"
        },
        "11": {
            "2018-08": "11",
            "2018-09": "11",
            "2018-10": "11",
            "2018-11": "11",
            "2018-12": "11",
            "2019-01": "11",
            "2019-02": "11",
            "2021-11": "15",
            "2021-12": "15",
            "2022-01": "15",
            "2022-02": "15",
            "2022-03": "15",
            "2022-04": "15",
            "2022-05": "15",
            "2022-06": "15",
            "2022-07": "15",
            "2022-08": "15",
            "2022-09": "15",
            "2022-10": "15"
        },
        "12": {
            "2018-12": "21",
            "2019-01": "21",
            "2019-02": "21",
            "2019-03": "21",
            "2019-04": "21",
            "2019-05": "21",
            "2019-12": "22",
            "2020-01": "22",
            "2020-02": "22",
            "2021-01": "24",
            "2021-02": "24",
            "2021-03": "24",
            "2021-04": "24",
            "2021-05": "24",
            "2021-06": "24",
            "2021-07": "24",
            "2021-08": "24",
            "2021-09": "24",
            "2022-08": "26",
            "2022-09": "26",
            "2022-10": "26",
            "2022-11": "26",
            "2022-12": "26",
            "2023-01": "26",
            "2023-02": "26",
            "2024-04": "29",
            "2024-05": "29",
            "2024-06": "29",
            "2024-07": "29",
            "2024-08": "29",
            "2024-09": "29",
            "2024-10": "29",
            "2024-11": "29",
            "2024-12": "29",
            "2025-01": "29",
            "2025-02": "30",
            "2025-03": "30",
            "2025-04": "30",
            "2025-05": "30",
            "2025-06": "30"
        },
        "13": {
            "2020-06": "23",
            "2020-07": "23",
            "2020-08": "23",
            "2020-09": "23",
            "2020-10": "23",
            "2021-10": "25",
            "2021-11": "25",
            "2021-12": "25",
            "2022-01": "25",
            "2022-02": "25",
            "2022-03": "25",
            "2024-01": "28",
            "2024-02": "28",
            "2024-03": "28"
        },
        "14": {
            "2019-02": "21",
            "2019-03": "21",
            "2019-04": "21",
            "2019-05": "21",
            "2019-06": "21",
            "2019-07": "21",
            "2019-08": "22",
            "2019-09": "22",
            "2019-10": "22",
            "2019-11": "22",
            "2019-12": "22",
            "2020-01": "22",
            "2020-02": "22",
            "2021-01": "24",
            "2021-02": "24",
            "2021-03": "24",
            "2021-04": "24",
            "2021-05": "24",
            "2021-06": "24",
            "2021-07": "24",
            "2021-08": "24",
            "2021-09": "24",
            "2022-06": "26",
            "2022-07": "26",
            "2022-08": "26",
            "2022-09": "26",
            "2022-10": "26",
            "2022-11": "26",
            "2022-12": "26",
            "2023-01": "26",
            "2023-02": "26",
            "2025-02": "30",
            "2025-03": "30",
            "2025-04": "30",
            "2025-05": "30",
            "2025-06": "30"
        },
        "15": {
            "2019-06": "21",
            "2019-07": "21",
            "2019-08": "22",
            "2019-09": "22",
            "2019-10": "22",
            "2019-11": "22",
            "2019-12": "22",
            "2020-01": "22",
            "2020-02": "22",
            "2020-03": "23",
            "2020-04": "23",
            "2020-05": "23",
            "2022-08": "26",
            "2022-09": "26",
            "2022-10": "26",
            "2022-11": "26",
            "2022-12": "26",
            "2023-01": "26",
            "2023-02": "26",
            "2023-03": "27",
            "2023-04": "27",
            "2023-05": "27",
            "2023-06": "27",
            "2023-07": "27",
            "2023-08": "27"
        },
        "16": {
            "2019-08": "22",
            "2019-09": "22",
            "2019-10": "22",
            "2019-11": "22",
            "2020-03": "23",
            "2020-04": "23",
            "2020-05": "23",
            "2022-03": "25",
            "2022-04": "25",
            "2022-06": "26",
            "2022-07": "26",
            "2022-08": "26",
            "2022-09": "26",
            "2023-03": "27",
            "2023-04": "27",
            "2023-05": "27",
            "2023-06": "27",
            "2023-07": "27",
            "2023-08": "27"
        },
        "17": {
            "2018-03": "20",
            "2018-04": "20",
            "2018-05": "20",
            "2018-12": "21",
            "2019-01": "21",
            "2019-08": "22",
            "2019-09": "22",
            "2019-10": "22",
            "2019-11": "22",
            "2019-12": "22",
            "2020-01": "22",
            "2020-02": "22",
            "2022-05": "26",
            "2022-06": "26",
            "2022-07": "26",
            "2022-08": "26",
            "2022-09": "26",
            "2022-10": "26",
            "2022-11": "26",
            "2022-12": "26",
            "2023-01": "26",
            "2023-02": "26"
        },
        "18": {
            "2018-03": "31",
            "2018-04": "31",
            "2018-05": "31",
            "2018-06": "31",
            "2018-07": "31",
            "2018-08": "31",
            "2018-09": "32",
            "2018-10": "32",
            "2018-11": "32",
            "2018-12": "32",
            "2019-01": "32",
            "2019-02": "32",
            "2019-03": "32",
            "2019-04": "32",
            "2019-05": "32",
            "2020-01": "33",
            "2020-02": "33",
            "2020-03": "33",
            "2020-04": "33",
            "2020-12": "35",
            "2021-01": "35",
            "2021-02": "35",
            "2021-03": "35",
            "2021-04": "35",
            "2021-05": "35",
            "2021-06": "35",
            "2021-07": "35",
            "2021-08": "35",
            "2021-09": "35",
            "2021-10": "35",
            "2021-11": "35",
            "2021-12": "36",
            "2022-01": "36",
            "2022-02": "36",
            "2024-03": "38",
            "2024-04": "38",
            "2024-05": "38",
            "2024-06": "38",
            "2024-07": "39",
            "2024-08": "39",
            "2024-09": "39",
            "2024-10": "39",
            "2024-11": "39",
            "2024-12": "39",
            "2025-01": "39",
            "2025-02": "40",
            "2025-03": "40",
            "2025-04": "40",
            "2025-05": "40",
            "2025-06": "40"
        },
        "19": {
            "2018-09": "32",
            "2018-10": "32",
            "2018-11": "32",
            "2018-12": "32",
            "2019-01": "32",
            "2019-02": "32",
            "2019-03": "32",
            "2019-04": "32",
            "2019-05": "32",
            "2019-06": "32",
            "2019-07": "33",
            "2019-08": "33",
            "2019-09": "33",
            "2019-10": "33",
            "2019-11": "33",
            "2019-12": "33",
            "2020-01": "33",
            "2020-02": "33",
            "2020-03": "33",
            "2020-04": "33",
            "2020-06": "34",
            "2020-07": "34",
            "2020-08": "34",
            "2020-09": "34",
            "2021-05": "35",
            "2021-06": "35",
            "2021-07": "35",
            "2021-08": "35",
            "2021-09": "35",
            "2021-10": "35",
            "2021-11": "35",
            "2023-11": "38",
            "2023-12": "38",
            "2024-01": "38",
            "2024-02": "38",
            "2024-03": "38",
            "2024-04": "38",
            "2024-05": "38",
            "2024-06": "38",
            "2024-09": "39",
            "2024-10": "39",
            "2024-11": "39",
            "2024-12": "39",
            "2025-01": "39"
        },
        "2": {
            "2020-10": "3",
            "2020-11": "3",
            "2020-12": "3",
            "2021-01": "3",
            "2021-02": "3",
            "2021-03": "3"
        },
        "21": {
            "2018-01": "31",
            "2018-09": "32",
            "2018-10": "32",
            "2018-11": "32",
            "2018-12": "32",
            "2019-01": "32",
            "2019-02": "32",
            "2019-03": "32",
            "2019-04": "32",
            "2019-05": "32",
            "2019-06": "32",
            "2019-07": "33",
            "2019-08": "33",
            "2019-09": "33",
            "2019-10": "33",
            "2019-11": "33",
            "2019-12": "33",
            "2020-01": "33",
            "2020-12": "35",
            "2021-01": "35",
            "2021-02": "35",
            "2023-11": "38",
            "2023-12": "38",
            "2024-01": "38",
            "2024-02": "38",
            "2024-03": "38",
            "2024-04": "38",
            "2024-05": "38",
            "2024-06": "38"
        },
        "22": {
            "2020-03": "33",
            "2020-04": "33",
            "2020-07": "34",
            "2020-08": "34",
            "2020-09": "34",
            "2020-10": "34",
            "2020-11": "34",
            "2024-02": "38",
            "2024-03": "38",
            "2024-04": "38"
        },
        "24": {
            "2020-03": "23",
            "2020-04": "23",
            "2020-05": "23",
            "2020-06": "23",
            "2020-07": "23",
            "2020-08": "23",
            "2020-09": "23",
            "2020-10": "23",
            "2024-01": "28",
            "2024-02": "28",
            "2024-03": "28"
        },
        "25": {
            "2020-11": "14",
            "2020-12": "14",
            "2021-01": "14",
            "2021-02": "14",
            "2021-03": "14",
            "2021-04": "14",
            "2021-05": "14",
            "2021-06": "14",
            "2021-07": "14",
            "2021-08": "14"
        },
        "26": {
            "2020-08": "23",
            "2020-09": "23",
            "2020-10": "23",
            "2021-11": "25",
            "2021-12": "25",
            "2022-01": "25",
            "2022-02": "25",
            "2022-03": "25",
            "2022-04": "25",
            "2022-05": "26",
            "2022-06": "26",
            "2022-07": "26"
        },
        "27": {
            "2018-01": "0",
            "2018-02": "0",
            "2018-03": "0",
            "2018-04": "0",
            "2018-05": "0",
            "2018-06": "0",
            "2018-07": "0",
            "2018-08": "0",
            "2018-09": "0",
            "2018-10": "0",
            "2018-11": "1",
            "2018-12": "1",
            "2019-01": "1",
            "2021-08": "4",
            "2021-09": "4",
            "2021-10": "4",
            "2021-11": "4",
            "2021-12": "4",
            "2022-01": "4",
            "2023-01": "6",
            "2023-02": "6",
            "2023-03": "6",
            "2023-04": "6",
            "2023-05": "6",
            "2023-06": "6",
            "2023-07": "6",
            "2023-08": "6",
            "2023-09": "7",
            "2023-10": "7",
            "2023-11": "7",
            "2024-06": "8",
            "2024-07": "8",
            "2024-08": "8",
            "2024-09": "8",
            "2024-10": "8",
            "2024-11": "8",
            "2024-12": "8",
            "2025-01": "8",
            "2025-02": "8",
            "2025-03": "8",
            "2025-04": "8",
            "2025-05": "8"
        },
        "29": {
            "2020-08": "23",
            "2020-09": "23",
            "2020-10": "23",
            "2021-10": "25",
            "2021-11": "25",
            "2021-12": "25",
            "2022-01": "25",
            "2022-02": "25",
            "2022-03": "25",
            "2022-04": "25"
        },
        "3": {
            "2018-05": "0",
            "2018-06": "0",
            "2018-07": "0",
            "2018-08": "0",
            "2018-09": "0",
            "2018-10": "0",
            "2021-04": "4",
            "2021-05": "4",
            "2021-06": "4",
            "2021-07": "4",
            "2021-08": "4",
            "2021-09": "4",
            "2022-04": "5",
            "2022-05": "5",
            "2022-06": "5",
            "2022-07": "5",
            "2022-08": "5",
            "2022-09": "5",
            "2022-10": "5",
            "2022-11": "5",
            "2023-01": "6",
            "2023-02": "6",
            "2023-03": "6",
            "2023-04": "6",
            "2023-05": "6",
            "2023-06": "6",
            "2023-07": "6",
            "2023-08": "6",
            "2024-06": "8",
            "2024-07": "8",
            "2024-08": "8",
            "2024-09": "8",
            "2024-10": "8",
            "2024-11": "8",
            "2024-12": "8",
            "2025-01": "8",
            "2025-02": "8",
            "2025-03": "8",
            "2025-04": "8",
            "2025-05": "8",
            "2025-06": "9"
        },
        "30": {
            "2018-03": "10",
            "2018-04": "10",
            "2018-05": "10",
            "2018-06": "10",
            "2018-07": "10",
            "2020-01": "13",
            "2020-02": "13",
            "2020-03": "13",
            "2020-04": "13",
            "2020-05": "13",
            "2020-06": "13",
            "2020-07": "13",
            "2020-08": "13",
            "2020-09": "13",
            "2020-10": "13",
            "2024-07": "18",
            "2024-08": "18"
        },
        "31": {
            "2018-01": "10",
            "2018-02": "10",
            "2018-03": "10",
            "2018-04": "10",
            "2019-12": "13",
            "2020-01": "13",
            "2020-02": "13",
            "2020-11": "14",
            "2020-12": "14",
            "2021-01": "14",
            "2021-02": "14",
            "2021-03": "14",
            "2021-04": "14",
            "2022-05": "15",
            "2022-06": "15",
            "2022-07": "15",
            "2022-08": "15",
            "2022-09": "15",
            "2022-10": "15"
        },
        "32": {
            "2019-11": "33",
            "2019-12": "33",
            "2020-01": "33",
            "2020-02": "33",
            "2020-03": "33",
            "2020-04": "33",
            "2020-05": "34",
            "2020-06": "34",
            "2020-07": "34",
            "2020-08": "34",
            "2020-09": "34",
            "2020-10": "34",
            "2020-11": "34",
            "2023-11": "38",
            "2023-12": "38",
            "2024-01": "38",
            "2024-02": "38",
            "2024-03": "38",
            "2024-04": "38",
            "2024-05": "38",
            "2024-06": "38",
            "2025-06": "40"
        },
        "33": {
            "2018-05": "0",
            "2018-06": "0",
            "2018-07": "0",
            "2018-08": "0",
            "2018-09": "0",
            "2018-10": "0",
            "2018-12": "1",
            "2019-01": "1",
            "2019-02": "1",
            "2019-03": "1",
            "2019-04": "1",
            "2019-05": "1",
            "2019-06": "1",
            "2019-07": "1",
            "2019-08": "1",
            "2019-09": "1",
            "2019-10": "1",
            "2022-02": "5",
            "2022-03": "5",
            "2022-04": "5",
            "2022-05": "5",
            "2022-06": "5",
            "2022-07": "5",
            "2022-08": "5",
            "2022-09": "5",
            "2022-10": "5",
            "2022-11": "5",
            "2022-12": "6",
            "2023-01": "6",
            "2023-02": "6",
            "2023-03": "6",
            "2023-04": "6",
            "2023-05": "6",
            "2023-06": "6",
            "2023-07": "6",
            "2023-08": "6",
            "2024-06": "8",
            "2024-07": "8",
            "2024-08": "8",
            "2024-09": "8",
            "2024-10": "8",
            "2024-11": "8",
            "2024-12": "8",
            "2025-01": "8",
            "2025-02": "8",
            "2025-03": "8",
            "2025-04": "8",
            "2025-05": "8"
        },
        "34": {
            "2018-10": "20",
            "2018-11": "20",
            "2020-03": "23",
            "2020-04": "23",
            "2020-05": "23",
            "2020-06": "23",
            "2020-07": "23",
            "2020-08": "23",
            "2020-09": "23",
            "2020-10": "23",
            "2022-03": "25",
            "2022-04": "25",
            "2022-06": "26",
            "2022-07": "26",
            "2023-09": "28",
            "2023-10": "28",
            "2023-11": "28",
            "2023-12": "28",
            "2024-01": "28",
            "2024-02": "28",
            "2024-03": "28"
        },
        "35": {
            "2018-05": "10",
            "2018-06": "10",
            "2018-07": "10",
            "2018-08": "11",
            "2018-09": "11",
            "2018-10": "11",
            "2018-11": "11",
            "2020-01": "13",
            "2020-02": "13",
            "2020-03": "13",
            "2020-04": "13",
            "2020-05": "13",
            "2020-06": "13",
            "2020-07": "13",
            "2020-08": "13",
            "2020-09": "13",
            "2020-10": "13",
            "2024-09": "18",
            "2024-10": "18"
        },
        "36": {
            "2018-01": "0",
            "2018-02": "0",
            "2021-04": "4",
            "2021-05": "4",
            "2021-06": "4",
            "2021-07": "4",
            "2021-08": "4",
            "2021-09": "4",
            "2021-10": "4",
            "2021-11": "4",
            "2021-12": "4",
            "2022-01": "4",
            "2022-08": "5",
            "2022-09": "5",
            "2022-10": "5",
            "2022-11": "5"
        },
        "37": {
            "2021-04": "4",
            "2021-05": "4",
            "2021-06": "4",
            "2021-07": "4",
            "2021-08": "4",
            "2021-09": "4",
            "2022-02": "5",
            "2022-03": "5",
            "2022-04": "5",
            "2022-05": "5",
            "2022-06": "5",
            "2022-07": "5",
            "2022-12": "6",
            "2023-01": "6"
        },
        "38": {
            "2018-09": "32",
            "2018-10": "32",
            "2018-11": "32",
            "2018-12": "32",
            "2019-01": "32",
            "2019-02": "32",
            "2019-03": "32",
            "2019-04": "32",
            "2019-05": "32",
            "2019-06": "32",
            "2019-07": "33",
            "2019-08": "33",
            "2019-09": "33",
            "2019-10": "33",
            "2019-11": "33",
            "2019-12": "33",
            "2020-01": "33",
            "2020-02": "33",
            "2020-03": "33",
            "2020-04": "33",
            "2021-02": "35",
            "2021-03": "35",
            "2021-04": "35",
            "2021-05": "35",
            "2021-06": "35",
            "2021-07": "35",
            "2021-08": "35",
            "2021-09": "35",
            "2021-10": "35",
            "2021-11": "35",
            "2023-11": "38",
            "2023-12": "38",
            "2024-01": "38",
            "2024-02": "38",
            "2024-03": "38",
            "2024-04": "38",
            "2024-05": "38",
            "2024-06": "38",
            "2024-07": "39",
            "2024-08": "39",
            "2025-03": "40",
            "2025-04": "40",
            "2025-05": "40",
            "2025-06": "40"
        },
        "4": {
            "2018-01": "0",
            "2018-02": "0",
            "2018-03": "0",
            "2018-04": "0",
            "2018-05": "0",
            "2018-06": "0",
            "2020-06": "2",
            "2020-07": "2",
            "2022-02": "5",
            "2022-03": "5",
            "2022-04": "5",
            "2022-05": "5",
            "2022-06": "5",
            "2022-07": "5",
            "2022-08": "5",
            "2022-09": "5",
            "2022-10": "5",
            "2022-11": "5",
            "2023-01": "6",
            "2023-02": "6",
            "2023-03": "6",
            "2023-04": "6",
            "2023-05": "6",
            "2023-06": "6",
            "2023-07": "6",
            "2023-08": "6",
            "2023-09": "7",
            "2023-10": "7",
            "2023-11": "7",
            "2024-06": "8",
            "2024-07": "8",
            "2024-08": "8",
            "2024-09": "8",
            "2024-10": "8",
            "2024-11": "8",
            "2024-12": "8",
            "2025-01": "8",
            "2025-02": "8",
            "2025-03": "8",
            "2025-04": "8",
            "2025-05": "8"
        },
        "40": {
            "2018-01": "31",
            "2018-02": "31",
            "2018-03": "31",
            "2018-04": "31",
            "2018-05": "31",
            "2018-06": "31",
            "2018-07": "31",
            "2018-08": "31",
            "2019-04": "32",
            "2019-05": "32",
            "2019-06": "32",
            "2020-05": "34",
            "2020-06": "34",
            "2020-07": "34",
            "2020-08": "34",
            "2020-09": "34",
            "2020-10": "34",
            "2020-11": "34"
        },
        "41": {
            "2018-09": "32",
            "2018-10": "32",
            "2018-11": "32",
            "2018-12": "32",
            "2019-01": "32",
            "2019-02": "32",
            "2019-03": "32",
            "2019-04": "32",
            "2019-05": "32",
            "2019-06": "32",
            "2019-07": "33",
            "2019-08": "33",
            "2019-09": "33",
            "2019-10": "33",
            "2022-02": "36",
            "2022-03": "36",
            "2022-04": "36",
            "2022-05": "36",
            "2022-06": "36",
            "2022-07": "36",
            "2022-08": "36",
            "2022-09": "36",
            "2022-10": "36",
            "2022-11": "36",
            "2022-12": "37",
            "2023-01": "37",
            "2023-02": "37",
            "2023-03": "37",
            "2023-04": "37",
            "2023-05": "37",
            "2023-06": "37",
            "2023-07": "37",
            "2023-08": "37",
            "2023-09": "37",
            "2023-10": "37",
            "2023-11": "38",
            "2023-12": "38",
            "2024-01": "38",
            "2024-08": "39",
            "2024-09": "39",
            "2024-10": "39",
            "2024-11": "39",
            "2024-12": "39",
            "2025-01": "39",
            "2025-02": "40",
            "2025-03": "40",
            "2025-04": "40",
            "2025-05": "40",
            "2025-06": "40"
        },
        "42": {
            "2018-01": "0",
            "2018-02": "0",
            "2018-03": "0",
            "2018-04": "0",
            "2018-05": "0",
            "2018-06": "0",
            "2018-07": "0",
            "2018-08": "0",
            "2018-09": "0",
            "2018-10": "0",
            "2021-04": "4",
            "2021-05": "4",
            "2021-06": "4",
            "2021-07": "4",
            "2021-08": "4",
            "2021-09": "4",
            "2021-10": "4",
            "2023-04": "6",
            "2023-05": "6",
            "2023-06": "6",
            "2023-07": "6",
            "2023-08": "6",
            "2023-10": "7",
            "2023-11": "7",
            "2023-12": "7",
            "2024-01": "7",
            "2024-02": "7",
            "2024-03": "7",
            "2024-04": "7",
            "2024-05": "7",
            "2024-06": "8",
            "2024-07": "8",
            "2024-08": "8",
            "2024-09": "8",
            "2024-10": "8",
            "2024-11": "8",
            "2024-12": "8",
            "2025-01": "8",
            "2025-02": "8",
            "2025-03": "8",
            "2025-04": "8",
            "2025-05": "8"
        },
        "44": {
            "2018-12": "21",
            "2019-01": "21",
            "2019-02": "21",
            "2019-03": "21",
            "2019-04": "21",
            "2019-05": "21",
            "2019-06": "21",
            "2019-07": "21",
            "2019-08": "22",
            "2019-09": "22",
            "2019-10": "22",
            "2019-11": "22",
            "2019-12": "22",
            "2020-01": "22",
            "2020-02": "22",
            "2022-10": "26",
            "2022-11": "26",
            "2022-12": "26",
            "2023-01": "26",
            "2023-02": "26",
            "2024-04": "29",
            "2024-05": "29",
            "2024-06": "29",
            "2024-07": "29",
            "2024-08": "29",
            "2024-09": "29",
            "2024-10": "29",
            "2024-11": "29",
            "2024-12": "29",
            "2025-01": "29"
        },
        "45": {
            "2021-01": "14",
            "2021-02": "14",
            "2021-03": "14",
            "2021-04": "14",
            "2021-05": "14",
            "2021-06": "14",
            "2021-07": "14",
            "2021-08": "14",
            "2021-09": "14",
            "2021-10": "14",
            "2021-11": "15",
            "2021-12": "15",
            "2022-01": "15",
            "2022-02": "15",
            "2022-03": "15",
            "2022-04": "15",
            "2022-05": "15",
            "2022-06": "15",
            "2022-07": "15",
            "2022-08": "15",
            "2022-09": "15",
            "2023-12": "17",
            "2024-01": "17",
            "2024-02": "17",
            "2024-03": "18",
            "2024-04": "18",
            "2024-05": "18",
            "2024-06": "18",
            "2024-07": "18",
            "2024-08": "18",
            "2024-09": "18",
            "2024-10": "18",
            "2024-12": "19",
            "2025-01": "19",
            "2025-02": "19",
            "2025-03": "19",
            "2025-04": "19",
            "2025-05": "19",
            "2025-06": "19"
        },
        "46": {
            "2018-09": "32",
            "2018-10": "32",
            "2018-11": "32",
            "2018-12": "32",
            "2019-01": "32",
            "2019-02": "32",
            "2019-03": "32",
            "2019-04": "32",
            "2019-05": "32",
            "2019-06": "32",
            "2019-07": "33",
            "2019-08": "33",
            "2019-09": "33",
            "2019-10": "33",
            "2019-11": "33",
            "2019-12": "33",
            "2020-01": "33",
            "2020-02": "33",
            "2020-12": "35",
            "2021-01": "35",
            "2021-02": "35",
            "2021-03": "35",
            "2021-04": "35",
            "2023-11": "38",
            "2023-12": "38",
            "2024-01": "38",
            "2024-02": "38",
            "2024-03": "38",
            "2024-04": "38",
            "2024-05": "38",
            "2024-06": "38",
            "2024-07": "39",
            "2024-08": "39",
            "2025-02": "40",
            "2025-03": "40",
            "2025-04": "40",
            "2025-05": "40",
            "2025-06": "40"
        },
        "47": {
            "2018-12": "11",
            "2019-01": "11",
            "2019-02": "11",
            "2019-03": "12",
            "2019-04": "12",
            "2019-05": "12",
            "2019-06": "12",
            "2019-12": "13",
            "2020-01": "13",
            "2020-02": "13",
            "2020-11": "14",
            "2020-12": "14",
            "2021-01": "14",
            "2021-02": "14",
            "2021-03": "14",
            "2021-04": "14",
            "2022-11": "16",
            "2022-12": "16",
            "2023-01": "16",
            "2023-02": "16",
            "2023-03": "16",
            "2023-04": "16",
            "2023-09": "17",
            "2023-10": "17"
        },
        "49": {
            "2018-01": "20",
            "2018-02": "20",
            "2020-03": "23",
            "2020-04": "23",
            "2020-05": "23",
            "2020-06": "23",
            "2020-07": "23",
            "2021-12": "25",
            "2022-01": "25",
            "2022-02": "25",
            "2023-09": "28",
            "2023-10": "28",
            "2023-11": "28",
            "2023-12": "28",
            "2024-01": "28",
            "2024-02": "28",
            "2024-03": "28"
        },
        "5": {
            "2021-05": "4",
            "2021-06": "4",
            "2021-07": "4",
            "2021-08": "4",
            "2021-09": "4",
            "2021-10": "4",
            "2021-11": "4",
            "2021-12": "4",
            "2022-01": "4",
            "2022-02": "5",
            "2022-03": "5",
            "2022-04": "5",
            "2022-05": "5",
            "2022-06": "5",
            "2022-07": "5",
            "2022-08": "5",
            "2022-09": "5",
            "2022-10": "5",
            "2022-11": "5",
            "2022-12": "6",
            "2023-01": "6",
            "2023-09": "7",
            "2023-10": "7",
            "2023-11": "7"
        },
        "51": {
            "2018-08": "11",
            "2018-09": "11",
            "2018-10": "11",
            "2018-11": "11",
            "2018-12": "11",
            "2019-01": "11",
            "2019-02": "11",
            "2020-11": "14",
            "2020-12": "14",
            "2021-01": "14",
            "2021-02": "14",
            "2021-03": "14",
            "2021-04": "14",
            "2021-05": "14",
            "2021-06": "14",
            "2021-07": "14",
            "2021-08": "14",
            "2021-09": "14",
            "2021-10": "14",
            "2023-10": "17",
            "2023-11": "17",
            "2023-12": "17",
            "2024-01": "17",
            "2024-02": "17",
            "2024-03": "18",
            "2024-04": "18",
            "2024-05": "18",
            "2024-06": "18",
            "2024-07": "18",
            "2024-08": "18",
            "2024-09": "18",
            "2024-10": "18"
        },
        "52": {
            "2018-06": "20",
            "2018-07": "20",
            "2018-08": "20",
            "2018-09": "20",
            "2019-08": "22",
            "2019-09": "22",
            "2019-10": "22",
            "2019-11": "22",
            "2019-12": "22",
            "2020-01": "22",
            "2020-02": "22",
            "2022-05": "26",
            "2022-06": "26",
            "2022-07": "26",
            "2022-08": "26",
            "2022-09": "26",
            "2022-10": "26",
            "2022-11": "26",
            "2022-12": "26",
            "2023-01": "26",
            "2023-02": "26",
            "2024-04": "29",
            "2024-05": "29",
            "2024-06": "29",
            "2024-07": "29",
            "2024-08": "29",
            "2024-09": "29",
            "2024-10": "29",
            "2024-11": "29",
            "2024-12": "29",
            "2025-01": "29",
            "2025-06": "30"
        },
        "53": {
            "2018-12": "11",
            "2019-01": "11",
            "2019-02": "11",
            "2020-12": "14",
            "2021-01": "14",
            "2021-02": "14",
            "2021-03": "14",
            "2021-04": "14",
            "2021-05": "14",
            "2021-06": "14",
            "2021-07": "14",
            "2021-08": "14",
            "2021-09": "14",
            "2021-10": "14",
            "2021-11": "15",
            "2021-12": "15",
            "2022-01": "15",
            "2022-02": "15",
            "2022-03": "15",
            "2022-04": "15",
            "2022-05": "15",
            "2022-12": "16",
            "2023-01": "16",
            "2023-02": "16",
            "2023-03": "16",
            "2023-04": "16",
            "2023-05": "16",
            "2023-06": "16",
            "2023-07": "16",
            "2023-08": "16",
            "2023-09": "17",
            "2023-10": "17",
            "2023-11": "17",
            "2023-12": "17",
            "2024-01": "17",
            "2024-02": "17",
            "2024-03": "18",
            "2024-04": "18",
            "2024-05": "18",
            "2024-06": "18",
            "2024-07": "18",
            "2024-08": "18",
            "2024-09": "18",
            "2024-10": "18"
        },
        "54": {
            "2021-04": "4",
            "2021-05": "4",
            "2021-06": "4",
            "2021-07": "4",
            "2021-08": "4",
            "2021-09": "4",
            "2021-10": "4",
            "2021-11": "4",
            "2021-12": "4",
            "2022-01": "4",
            "2022-12": "6",
            "2023-01": "6",
            "2023-02": "6",
            "2023-03": "6",
            "2023-04": "6"
        },
        "56": {
            "2019-11": "2",
            "2019-12": "2",
            "2020-01": "2",
            "2020-02": "2",
            "2020-03": "2",
            "2020-04": "2",
            "2020-05": "2",
            "2020-06": "2",
            "2020-07": "2",
            "2021-08": "4",
            "2021-09": "4",
            "2021-10": "4",
            "2021-11": "4",
            "2021-12": "4",
            "2022-01": "4",
            "2023-04": "6",
            "2023-05": "6",
            "2023-06": "6",
            "2023-07": "6",
            "2023-08": "6",
            "2023-12": "7",
            "2024-01": "7",
            "2024-02": "7",
            "2024-03": "7",
            "2024-04": "7",
            "2024-05": "7"
        },
        "57": {
            "2018-01": "10",
            "2018-02": "10",
            "2018-03": "10",
            "2018-04": "10",
            "2019-07": "12",
            "2019-08": "12",
            "2019-09": "12",
            "2019-10": "12",
            "2019-11": "12",
            "2019-12": "13",
            "2020-01": "13",
            "2020-02": "13",
            "2020-03": "13",
            "2020-04": "13",
            "2022-05": "15",
            "2022-06": "15",
            "2022-07": "15",
            "2022-08": "15",
            "2022-09": "15",
            "2022-10": "15",
            "2023-09": "17",
            "2023-10": "17",
            "2023-11": "17",
            "2023-12": "17",
            "2024-11": "19",
            "2024-12": "19",
            "2025-01": "19",
            "2025-02": "19",
            "2025-03": "19",
            "2025-04": "19"
        },
        "58": {
            "2018-02": "31",
            "2018-03": "31",
            "2018-04": "31",
            "2018-05": "31",
            "2018-06": "31",
            "2018-07": "31"
        },
        "59": {
            "2019-11": "2",
            "2019-12": "2",
            "2020-01": "2",
            "2020-02": "2",
            "2020-03": "2",
            "2020-04": "2",
            "2020-05": "2",
            "2022-02": "5",
            "2022-03": "5",
            "2022-04": "5",
            "2022-05": "5",
            "2022-06": "5",
            "2022-07": "5",
            "2022-08": "5",
            "2022-09": "5",
            "2022-10": "5",
            "2022-11": "5",
            "2022-12": "6",
            "2023-01": "6",
            "2023-02": "6",
            "2023-03": "6",
            "2023-04": "6",
            "2023-12": "7",
            "2024-01": "7",
            "2024-02": "7",
            "2024-03": "7",
            "2024-04": "7",
            "2024-05": "7"
        },
        "6": {
            "2018-01": "10",
            "2018-02": "10",
            "2018-03": "10",
            "2018-04": "10",
            "2018-05": "10",
            "2018-06": "10",
            "2018-07": "10",
            "2019-12": "13",
            "2020-01": "13",
            "2020-02": "13",
            "2020-03": "13",
            "2020-04": "13",
            "2023-09": "17",
            "2023-10": "17",
            "2023-11": "17"
        },
        "7": {
            "2018-01": "10",
            "2018-02": "10",
            "2018-03": "10",
            "2018-04": "10",
            "2018-05": "10",
            "2019-03": "12",
            "2019-04": "12",
            "2019-05": "12",
            "2019-06": "12",
            "2019-07": "12",
            "2019-08": "12",
            "2019-09": "12",
            "2019-10": "12",
            "2019-11": "12",
            "2022-11": "16",
            "2022-12": "16",
            "2023-01": "16",
            "2023-02": "16",
            "2023-03": "16",
            "2023-04": "16",
            "2023-09": "17",
            "2023-10": "17"
        },
        "8": {
            "2018-03": "10",
            "2018-04": "10",
            "2018-05": "10",
            "2018-06": "10",
            "2018-07": "10",
            "2018-08": "11",
            "2018-09": "11",
            "2018-10": "11",
            "2018-11": "11",
            "2018-12": "11",
            "2019-01": "11",
            "2019-02": "11",
            "2021-01": "14",
            "2021-02": "14",
            "2021-03": "14",
            "2021-04": "14",
            "2021-05": "14",
            "2021-06": "14",
            "2021-07": "14",
            "2021-08": "14",
            "2021-09": "14",
            "2021-10": "14",
            "2022-12": "16",
            "2023-01": "16",
            "2023-02": "16",
            "2023-03": "16",
            "2023-04": "16",
            "2023-05": "16",
            "2023-06": "16",
            "2023-07": "16",
            "2023-08": "16",
            "2023-11": "17",
            "2023-12": "17",
            "2024-01": "17",
            "2024-02": "17",
            "2024-03": "18",
            "2024-04": "18",
            "2024-11": "19",
            "2024-12": "19",
            "2025-01": "19",
            "2025-02": "19",
            "2025-03": "19",
            "2025-04": "19",
            "2025-05": "19",
            "2025-06": "19"
        },
        "9": {
            "2018-01": "10",
            "2018-02": "10",
            "2018-03": "10",
            "2020-05": "13",
            "2020-06": "13",
            "2020-07": "13",
            "2020-08": "13",
            "2020-09": "13",
            "2020-10": "13",
            "2021-11": "15",
            "2021-12": "15",
            "2022-01": "15",
            "2022-02": "15",
            "2022-03": "15",
            "2022-04": "15",
            "2022-05": "15",
            "2022-06": "15",
            "2022-07": "15",
            "2022-08": "15",
            "2022-09": "15",
            "2022-10": "15",
            "2023-09": "17",
            "2023-10": "17",
            "2023-11": "17",
            "2023-12": "17",
            "2024-01": "17",
            "2024-02": "17",
            "2024-05": "18",
            "2024-06": "18"
        }
    }
}