{
    "hours": {
        "5": {
            "2020-07": -58.0,
            "2020-10": -84.0,
            "2024-09": -4.0,
            "2024-10": -132.0
        }
    },
    "resources": {
        "23": {
            "2020-06": 1,
            "2020-07": 1
        },
        "24": {
            "2020-11": 2,
            "2020-12": 2
        },
        "25": {
            "2021-10": 2,
            "2021-11": 1
        },
        "26": {
            "2022-05": 3
        },
        "28": {
            "2023-09": 2,
            "2023-10": 2,
            "2023-11": 2,
            "2023-12": 2
        },
        "34": {
            "2020-05": 1
        }
    }
}