{
    "elapsed": {
        "M": {
            "32": {
                "2025-06": 0
            },
            "46": {
                "2025-06": 0
            }
        }
    },
    "hours": {
        "1": {
            "2022-08": -18.0,
            "2022-10": -120.0,
            "2023-05": -18.0,
            "2023-06": -114.0
        },
        "2": {
            "2018-03": -71.0,
            "2022-03": -73.0
        },
        "4": {
            "2022-09": -44.0,
            "2022-10": -105.0
        },
        "5": {
            "2020-07": -56.0
        },
        "6": {
            "2021-11": -9.0
        }
    },
    "resources": {
        "0": {
            "2018-03": 1,
            "2018-04": 1
        },
        "10": {
            "2018-06": 1,
            "2018-07": 1,
            "2018-08": 1,
            "2018-09": 1,
            "2018-10": 1,
            "2018-11": 1
        },
        "11": {
            "2018-12": 1,
            "2019-07": 1
        },
        "20": {
            "2018-01": 2,
            "2018-03": 1,
            "2018-04": 2,
            "2018-05": 1,
            "2018-06": 2,
            "2018-07": 2
        },
        "21": {
            "2018-08": 2,
            "2018-09": 2
        },
        "3": {
            "2020-08": 1
        },
        "5": {
            "2021-11": 3,
            "2021-12": 2,
            "2022-01": 2,
            "2022-02": 2,
            "2022-03": 2,
            "2022-04": 2
        }
    }
}