{
    "hours": {
        "12": {
            "2024-09": -128.0
        },
        "17": {
            "2019-01": -204.0,
            "2019-04": -162.0
        },
        "3": {
            "2024-12": -28.0,
            "2025-01": -68.0
        },
        "6": {
            "2019-04": -30.0,
            "2019-05": -282.0,
            "2019-06": -534.0
        },
        "8": {
            "2018-01": -97.0,
            "2018-02": -161.0,
            "2025-06": -59.0
        }
    },
    "resources": {
        "11": {
            "2019-03": 1
        },
        "13": {
            "2020-06": 1,
            "2020-07": 1,
            "2020-12": 1,
            "2021-01": 1,
            "2021-02": 1
        },
        "14": {
            "2021-03": 3,
            "2021-04": 3,
            "2021-05": 2
        },
        "15": {
            "2021-10": 4,
            "2021-11": 4,
            "2021-12": 4,
            "2022-01": 4,
            "2022-02": 4,
            "2022-03": 4,
            "2022-04": 4
        },
        "26": {
            "2022-01": 1,
            "2022-02": 1,
            "2022-03": 1,
            "2022-04": 1,
            "2022-05": 1
        },
        "64": {
            "2018-08": 2
        }
    }
}