{
    "available": {
        "6": {
            "2021-09": -1,
            "2021-10": -1,
            "2021-11": -1
        }
    },
    "elapsed": {
        "M": {
            "57": {
                "2025-06": 0
            }
        }
    },
    "hours": {
        "1": {
            "2020-11": -62.0,
            "2020-12": -130.0
        },
        "4": {
            "2022-07": -18.0
        },
        "7": {
            "2019-11": -46.0,
            "2020-04": -6.0,
            "2020-05": -6.0,
            "2020-06": -6.0,
            "2020-07": -6.0,
            "2020-08": -6.0
        }
    },
    "resources": {
        "1": {
            "2018-10": 3,
            "2018-11": 2,
            "2019-05": 1,
            "2019-06": 1,
            "2019-07": 2,
            "2019-08": 2,
            "2019-09": 2
        },
        "13": {
            "2019-09": 1,
            "2019-10": 1
        },
        "2": {
            "2019-10": 1,
            "2020-02": 1,
            "2020-05": 1
        },
        "25": {
            "2019-05": 2,
            "2019-06": 1,
            "2019-07": 1,
            "2019-08": 1,
            "2019-09": 1,
            "2019-10": 1,
            "2019-11": 1,
            "2019-12": 1,
            "2020-01": 1,
            "2020-02": 1,
            "2020-03": 1,
            "2020-04": 1
        },
        "3": {
            "2020-10": 1
        }
    }
}