{
    "elapsed": {
        "M": {
            "45": {
                "2025-06": 0
            }
        }
    },
    "hours": {
        "5": {
            "2023-09": -10.0,
            "2025-05": -96.0,
            "2025-06": -498.0
        },
        "7": {
            "2019-10": -5.0,
            "2019-11": -31.0,
            "2019-12": -57.0
        },
        "8": {
            "2024-06": -7.0
        }
    },
    "resources": {
        "10": {
            "2018-02": 1,
            "2018-03": 1,
            "2018-11": 1,
            "2018-12": 1
        },
        "20": {
            "2018-01": 3,
            "2018-02": 3,
            "2018-03": 3,
            "2018-04": 3,
            "2018-05": 3,
            "2018-06": 3,
            "2018-07": 3,
            "2018-08": 3,
            "2018-09": 3,
            "2018-10": 3
        }
    }
}