{
    "available": {
        "15": {
            "2018-01": -1,
            "2018-02": -1,
            "2018-03": -1,
            "2018-04": -1
        },
        "3": {
            "2018-03": -1
        }
    },
    "hours": {
        "10": {
            "2020-03": -88.0
        },
        "16": {
            "2024-04": -161.0
        },
        "2": {
            "2019-09": -85.0
        },
        "22": {
            "2018-09": -125.0,
            "2019-01": -2.0
        },
        "23": {
            "2018-01": -430.0,
            "2018-02": -430.0,
            "2018-03": -430.0,
            "2018-04": -430.0,
            "2018-05": -430.0,
            "2018-06": -430.0,
            "2018-07": -430.0,
            "2018-08": -430.0,
            "2018-09": -430.0
        },
        "30": {
            "2020-02": -59.0
        }
    },
    "resources": {
        "1": {
            "2018-11": 5,
            "2018-12": 5,
            "2019-01": 4,
            "2019-02": 4,
            "2019-03": 4,
            "2019-04": 2,
            "2019-05": 1,
            "2019-06": 1,
            "2019-07": 2,
            "2019-08": 1,
            "2019-09": 1,
            "2019-10": 2
        },
        "123": {
            "2018-09": 3,
            "2018-10": 2,
            "2019-05": 1,
            "2019-06": 1
        },
        "143": {
            "2018-11": 1
        },
        "144": {
            "2019-08": 1
        },
        "145": {
            "2019-09": 6,
            "2019-10": 5,
            "2019-11": 4,
            "2019-12": 3,
            "2020-01": 2,
            "2020-02": 1
        },
        "146": {
            "2020-08": 1
        },
        "27": {
            "2024-07": 1,
            "2024-08": 1,
            "2024-09": 1
        },
        "71": {
            "2019-08": 1
        },
        "77": {
            "2023-11": 1
        }
    }
}