{
    "elapsed": {
        "M": {
            "139": {
                "2025-06": 0
            },
            "35": {
                "2025-06": 0
            },
            "99": {
                "2025-06": 0
            }
        }
    },
    "hours": {
        "14": {
            "2021-03": -37.0
        },
        "19": {
            "2018-03": -10.0
        },
        "21": {
            "2019-09": -40.0
        }
    },
    "resources": {
        "112": {
            "2018-01": 3,
            "2018-02": 2,
            "2018-03": 2,
            "2018-04": 1,
            "2018-05": 2,
            "2018-06": 3,
            "2018-07": 3,
            "2018-08": 3,
            "2018-09": 4
        },
        "114": {
            "2019-08": 3,
            "2019-09": 2
        },
        "38": {
            "2023-07": 1
        },
        "76": {
            "2021-06": 1,
            "2021-07": 1
        }
    }
}