{
    "elapsed": {
        "M": {
            "67": {
                "2025-06": 0
            }
        }
    },
    "hours": {
        "14": {
            "2025-04": -40.0,
            "2025-05": -40.0,
            "2025-06": -40.0
        },
        "15": {
            "2025-06": -24.0
        }
    },
    "resources": {
        "0": {
            "2018-04": 1,
            "2018-05": 1,
            "2018-06": 1
        },
        "47": {
            "2022-04": 1,
            "2022-10": 1,
            "2022-11": 1,
            "2022-12": 1
        },
        "49": {
            "2024-02": 1
        }
    }
}