{
    "available": {
        "20": {
            "2019-09": -1,
            "2019-10": -1,
            "2024-04": -1,
            "2024-05": -1
        }
    },
    "hours": {
        "1": {
            "2018-05": -9.0,
            "2018-06": -9.0,
            "2018-07": -9.0,
            "2018-08": -9.0,
            "2018-09": -9.0,
            "2018-10": -9.0,
            "2018-11": -9.0,
            "2018-12": -9.0,
            "2019-01": -9.0,
            "2019-02": -9.0,
            "2019-03": -9.0,
            "2019-04": -9.0
        },
        "10": {
            "2018-08": -73.0,
            "2020-01": -42.0,
            "2020-02": -87.0
        },
        "11": {
            "2018-09": -32.0,
            "2018-10": -408.0,
            "2018-11": -784.0
        },
        "13": {
            "2022-09": -1.0,
            "2022-11": -62.0
        },
        "14": {
            "2025-05": -40.0,
            "2025-06": -90.0
        },
        "15": {
            "2018-01": -55.0,
            "2019-05": -20.0
        },
        "17": {
            "2021-10": -64.0
        },
        "18": {
            "2023-06": -10.0
        },
        "22": {
            "2022-01": -81.0
        },
        "5": {
            "2020-10": -88.0
        },
        "8": {
            "2018-06": -112.0,
            "2020-04": -8.0,
            "2020-05": -8.0
        },
        "9": {
            "2019-08": -12.0
        }
    },
    "resources": {
        "0": {
            "2018-01": 1,
            "2018-02": 1,
            "2018-03": 1,
            "2018-04": 1,
            "2018-05": 2,
            "2018-06": 3,
            "2018-07": 3
        },
        "108": {
            "2018-02": 1,
            "2018-03": 1,
            "2018-04": 1,
            "2018-05": 1,
            "2018-06": 1,
            "2018-07": 1,
            "2018-08": 1,
            "2018-09": 1,
            "2018-10": 1,
            "2018-11": 1,
            "2018-12": 1
        },
        "122": {
            "2021-03": 2
        },
        "124": {
            "2022-09": 1
        },
        "41": {
            "2018-01": 1
        },
        "43": {
            "2019-04": 1
        },
        "46": {
            "2021-05": 1,
            "2021-06": 1,
            "2021-07": 1,
            "2021-08": 1
        },
        "53": {
            "2018-07": 1
        },
        "75": {
            "2018-01": 5,
            "2018-02": 5,
            "2018-03": 2,
            "2018-04": 1,
            "2018-06": 1,
            "2018-07": 1
        },
        "86": {
            "2018-01": 3,
            "2018-02": 4,
            "2018-03": 4,
            "2018-04": 4,
            "2018-05": 4,
            "2018-06": 4,
            "2018-07": 3,
            "2018-11": 1,
            "2018-12": 1
        },
        "88": {
            "2019-09": 1,
            "2019-12": 1,
            "2020-01": 1,
            "2020-02": 1
        },
        "90": {
            "2020-12": 2,
            "2021-01": 1
        },
        "92": {
            "2022-05": 4,
            "2022-06": 4,
            "2022-07": 2,
            "2022-08": 2,
            "2022-09": 2,
            "2022-10": 2,
            "2022-11": 2
        }
    }
}