{
    "state_m": {
        "0": {
            "2020-09": {
                "M": 1
            },
            "2020-10": {
                "M": 1
            },
            "2020-11": {
                "M": 1
            },
            "2020-12": {
                "M": 1
            },
            "2021-01": {
                "M": 1
            },
            "2021-02": {
                "M": 1
            }
        },
        "1": {
            "2022-03": {
                "M": 1
            },
            "2022-04": {
                "M": 1
            },
            "2022-05": {
                "M": 1
            },
            "2022-06": {
                "M": 1
            },
            "2022-07": {
                "M": 1
            },
            "2022-08": {
                "M": 1
            }
        },
        "10": {
            "2022-05": {
                "M": 1
            },
            "2022-06": {
                "M": 1
            },
            "2022-07": {
                "M": 1
            },
            "2022-08": {
                "M": 1
            },
            "2022-09": {
                "M": 1
            },
            "2022-10": {
                "M": 1
            }
        },
        "11": {
            "2022-12": {
                "M": 1
            },
            "2023-01": {
                "M": 1
            },
            "2023-02": {
                "M": 1
            },
            "2023-03": {
                "M": 1
            },
            "2023-04": {
                "M": 1
            },
            "2023-05": {
                "M": 1
            }
        },
        "12": {
            "2021-06": {
                "M": 1
            },
            "2021-07": {
                "M": 1
            },
            "2021-08": {
                "M": 1
            },
            "2021-09": {
                "M": 1
            },
            "2021-10": {
                "M": 1
            },
            "2021-11": {
                "M": 1
            }
        },
        "13": {
            "2019-09": {
                "M": 1
            },
            "2019-10": {
                "M": 1
            },
            "2019-11": {
                "M": 1
            },
            "2019-12": {
                "M": 1
            },
            "2020-01": {
                "M": 1
            },
            "2020-02": {
                "M": 1
            },
            "2025-02": {
                "M": 1
            },
            "2025-03": {
                "M": 1
            },
            "2025-04": {
                "M": 1
            },
            "2025-05": {
                "M": 1
            },
            "2025-06": {
                "M": 1
            }
        },
        "14": {
            "2022-12": {
                "M": 1
            },
            "2023-01": {
                "M": 1
            },
            "2023-02": {
                "M": 1
            },
            "2023-03": {
                "M": 1
            },
            "2023-04": {
                "M": 1
            },
            "2023-05": {
                "M": 1
            }
        },
        "15": {
            "2021-05": {
                "M": 1
            },
            "2021-06": {
                "M": 1
            },
            "2021-07": {
                "M": 1
            },
            "2021-08": {
                "M": 1
            },
            "2021-09": {
                "M": 1
            },
            "2021-10": {
                "M": 1
            }
        },
        "16": {
            "2019-12": {
                "M": 1
            },
            "2020-01": {
                "M": 1
            },
            "2020-02": {
                "M": 1
            },
            "2020-03": {
                "M": 1
            },
            "2020-04": {
                "M": 1
            },
            "2020-05": {
                "M": 1
            },
            "2025-05": {
                "M": 1
            },
            "2025-06": {
                "M": 1
            }
        },
        "17": {
            "2022-05": {
                "M": 1
            },
            "2022-06": {
                "M": 1
            },
            "2022-07": {
                "M": 1
            },
            "2022-08": {
                "M": 1
            },
            "2022-09": {
                "M": 1
            },
            "2022-10": {
                "M": 1
            }
        },
        "18": {
            "2019-03": {
                "M": 1
            },
            "2019-04": {
                "M": 1
            },
            "2019-05": {
                "M": 1
            },
            "2019-06": {
                "M": 1
            },
            "2019-07": {
                "M": 1
            },
            "2019-08": {
                "M": 1
            },
            "2024-08": {
                "M": 1
            },
            "2024-09": {
                "M": 1
            },
            "2024-10": {
                "M": 1
            },
            "2024-11": {
                "M": 1
            },
            "2024-12": {
                "M": 1
            },
            "2025-01": {
                "M": 1
            }
        },
        "19": {
            "2020-06": {
                "M": 1
            },
            "2020-07": {
                "M": 1
            },
            "2020-08": {
                "M": 1
            },
            "2020-09": {
                "M": 1
            },
            "2020-10": {
                "M": 1
            },
            "2020-11": {
                "M": 1
            }
        },
        "2": {
            "2022-04": {
                "M": 1
            },
            "2022-05": {
                "M": 1
            },
            "2022-06": {
                "M": 1
            },
            "2022-07": {
                "M": 1
            },
            "2022-08": {
                "M": 1
            },
            "2022-09": {
                "M": 1
            }
        },
        "20": {
            "2022-06": {
                "M": 1
            },
            "2022-07": {
                "M": 1
            },
            "2022-08": {
                "M": 1
            },
            "2022-09": {
                "M": 1
            },
            "2022-10": {
                "M": 1
            },
            "2022-11": {
                "M": 1
            }
        },
        "21": {
            "2020-03": {
                "M": 1
            },
            "2020-04": {
                "M": 1
            },
            "2020-05": {
                "M": 1
            },
            "2020-06": {
                "M": 1
            },
            "2020-07": {
                "M": 1
            },
            "2020-08": {
                "M": 1
            }
        },
        "22": {
            "2022-10": {
                "M": 1
            },
            "2022-11": {
                "M": 1
            },
            "2022-12": {
                "M": 1
            },
            "2023-01": {
                "M": 1
            },
            "2023-02": {
                "M": 1
            },
            "2023-03": {
                "M": 1
            }
        },
        "23": {
            "2022-03": {
                "M": 1
            },
            "2022-04": {
                "M": 1
            },
            "2022-05": {
                "M": 1
            },
            "2022-06": {
                "M": 1
            },
            "2022-07": {
                "M": 1
            },
            "2022-08": {
                "M": 1
            }
        },
        "24": {
            "2018-03": {
                "M": 1
            },
            "2018-04": {
                "M": 1
            },
            "2018-05": {
                "M": 1
            },
            "2018-06": {
                "M": 1
            },
            "2018-07": {
                "M": 1
            },
            "2018-08": {
                "M": 1
            },
            "2023-08": {
                "M": 1
            },
            "2023-09": {
                "M": 1
            },
            "2023-10": {
                "M": 1
            },
            "2023-11": {
                "M": 1
            },
            "2023-12": {
                "M": 1
            },
            "2024-01": {
                "M": 1
            }
        },
        "25": {
            "2019-04": {
                "M": 1
            },
            "2019-05": {
                "M": 1
            },
            "2019-06": {
                "M": 1
            },
            "2019-07": {
                "M": 1
            },
            "2019-08": {
                "M": 1
            },
            "2019-09": {
                "M": 1
            },
            "2024-09": {
                "M": 1
            },
            "2024-10": {
                "M": 1
            },
            "2024-11": {
                "M": 1
            },
            "2024-12": {
                "M": 1
            },
            "2025-01": {
                "M": 1
            },
            "2025-02": {
                "M": 1
            }
        },
        "26": {
            "2020-10": {
                "M": 1
            },
            "2020-11": {
                "M": 1
            },
            "2020-12": {
                "M": 1
            },
            "2021-01": {
                "M": 1
            },
            "2021-02": {
                "M": 1
            },
            "2021-03": {
                "M": 1
            }
        },
        "27": {
            "2018-09": {
                "M": 1
            },
            "2018-10": {
                "M": 1
            },
            "2018-11": {
                "M": 1
            },
            "2018-12": {
                "M": 1
            },
            "2019-01": {
                "M": 1
            },
            "2019-02": {
                "M": 1
            },
            "2024-02": {
                "M": 1
            },
            "2024-03": {
                "M": 1
            },
            "2024-04": {
                "M": 1
            },
            "2024-05": {
                "M": 1
            },
            "2024-06": {
                "M": 1
            },
            "2024-07": {
                "M": 1
            }
        },
        "28": {
            "2021-11": {
                "M": 1
            },
            "2021-12": {
                "M": 1
            },
            "2022-01": {
                "M": 1
            },
            "2022-02": {
                "M": 1
            },
            "2022-03": {
                "M": 1
            },
            "2022-04": {
                "M": 1
            }
        },
        "29": {
            "2020-07": {
                "M": 1
            },
            "2020-08": {
                "M": 1
            },
            "2020-09": {
                "M": 1
            },
            "2020-10": {
                "M": 1
            },
            "2020-11": {
                "M": 1
            },
            "2020-12": {
                "M": 1
            }
        },
        "3": {
            "2020-01": {
                "M": 1
            },
            "2020-02": {
                "M": 1
            },
            "2020-03": {
                "M": 1
            },
            "2020-04": {
                "M": 1
            },
            "2020-05": {
                "M": 1
            },
            "2020-06": {
                "M": 1
            }
        },
        "30": {
            "2022-02": {
                "M": 1
            },
            "2022-03": {
                "M": 1
            },
            "2022-04": {
                "M": 1
            },
            "2022-05": {
                "M": 1
            },
            "2022-06": {
                "M": 1
            },
            "2022-07": {
                "M": 1
            }
        },
        "31": {
            "2022-09": {
                "M": 1
            },
            "2022-10": {
                "M": 1
            },
            "2022-11": {
                "M": 1
            },
            "2022-12": {
                "M": 1
            },
            "2023-01": {
                "M": 1
            },
            "2023-02": {
                "M": 1
            }
        },
        "32": {
            "2019-02": {
                "M": 1
            },
            "2019-03": {
                "M": 1
            },
            "2019-04": {
                "M": 1
            },
            "2019-05": {
                "M": 1
            },
            "2019-06": {
                "M": 1
            },
            "2019-07": {
                "M": 1
            },
            "2024-07": {
                "M": 1
            },
            "2024-08": {
                "M": 1
            },
            "2024-09": {
                "M": 1
            },
            "2024-10": {
                "M": 1
            },
            "2024-11": {
                "M": 1
            },
            "2024-12": {
                "M": 1
            }
        },
        "33": {
            "2018-05": {
                "M": 1
            },
            "2018-06": {
                "M": 1
            },
            "2018-07": {
                "M": 1
            },
            "2018-08": {
                "M": 1
            },
            "2018-09": {
                "M": 1
            },
            "2018-10": {
                "M": 1
            },
            "2023-10": {
                "M": 1
            },
            "2023-11": {
                "M": 1
            },
            "2023-12": {
                "M": 1
            },
            "2024-01": {
                "M": 1
            },
            "2024-02": {
                "M": 1
            },
            "2024-03": {
                "M": 1
            }
        },
        "34": {
            "2020-09": {
                "M": 1
            },
            "2020-10": {
                "M": 1
            },
            "2020-11": {
                "M": 1
            },
            "2020-12": {
                "M": 1
            },
            "2021-01": {
                "M": 1
            },
            "2021-02": {
                "M": 1
            }
        },
        "35": {
            "2020-11": {
                "M": 1
            },
            "2020-12": {
                "M": 1
            },
            "2021-01": {
                "M": 1
            },
            "2021-02": {
                "M": 1
            },
            "2021-03": {
                "M": 1
            },
            "2021-04": {
                "M": 1
            }
        },
        "36": {
            "2019-03": {
                "M": 1
            },
            "2019-04": {
                "M": 1
            },
            "2019-05": {
                "M": 1
            },
            "2019-06": {
                "M": 1
            },
            "2019-07": {
                "M": 1
            },
            "2019-08": {
                "M": 1
            },
            "2024-08": {
                "M": 1
            },
            "2024-09": {
                "M": 1
            },
            "2024-10": {
                "M": 1
            },
            "2024-11": {
                "M": 1
            },
            "2024-12": {
                "M": 1
            },
            "2025-01": {
                "M": 1
            }
        },
        "37": {
            "2021-08": {
                "M": 1
            },
            "2021-09": {
                "M": 1
            },
            "2021-10": {
                "M": 1
            },
            "2021-11": {
                "M": 1
            },
            "2021-12": {
                "M": 1
            },
            "2022-01": {
                "M": 1
            }
        },
        "38": {
            "2020-11": {
                "M": 1
            },
            "2020-12": {
                "M": 1
            },
            "2021-01": {
                "M": 1
            },
            "2021-02": {
                "M": 1
            },
            "2021-03": {
                "M": 1
            },
            "2021-04": {
                "M": 1
            }
        },
        "39": {
            "2018-01": {
                "M": 1
            },
            "2023-01": {
                "M": 1
            },
            "2023-02": {
                "M": 1
            },
            "2023-03": {
                "M": 1
            },
            "2023-04": {
                "M": 1
            },
            "2023-05": {
                "M": 1
            },
            "2023-06": {
                "M": 1
            }
        },
        "4": {
            "2022-04": {
                "M": 1
            },
            "2022-05": {
                "M": 1
            },
            "2022-06": {
                "M": 1
            },
            "2022-07": {
                "M": 1
            },
            "2022-08": {
                "M": 1
            },
            "2022-09": {
                "M": 1
            }
        },
        "40": {
            "2020-11": {
                "M": 1
            },
            "2020-12": {
                "M": 1
            },
            "2021-01": {
                "M": 1
            },
            "2021-02": {
                "M": 1
            },
            "2021-03": {
                "M": 1
            },
            "2021-04": {
                "M": 1
            }
        },
        "41": {
            "2022-06": {
                "M": 1
            },
            "2022-07": {
                "M": 1
            },
            "2022-08": {
                "M": 1
            },
            "2022-09": {
                "M": 1
            },
            "2022-10": {
                "M": 1
            },
            "2022-11": {
                "M": 1
            }
        },
        "42": {
            "2019-06": {
                "M": 1
            },
            "2019-07": {
                "M": 1
            },
            "2019-08": {
                "M": 1
            },
            "2019-09": {
                "M": 1
            },
            "2019-10": {
                "M": 1
            },
            "2019-11": {
                "M": 1
            },
            "2024-11": {
                "M": 1
            },
            "2024-12": {
                "M": 1
            },
            "2025-01": {
                "M": 1
            },
            "2025-02": {
                "M": 1
            },
            "2025-03": {
                "M": 1
            },
            "2025-04": {
                "M": 1
            }
        },
        "43": {
            "2018-01": {
                "M": 1
            },
            "2018-02": {
                "M": 1
            },
            "2018-03": {
                "M": 1
            },
            "2018-04": {
                "M": 1
            },
            "2023-04": {
                "M": 1
            },
            "2023-05": {
                "M": 1
            },
            "2023-06": {
                "M": 1
            },
            "2023-07": {
                "M": 1
            },
            "2023-08": {
                "M": 1
            },
            "2023-09": {
                "M": 1
            }
        },
        "44": {
            "2021-09": {
                "M": 1
            },
            "2021-10": {
                "M": 1
            },
            "2021-11": {
                "M": 1
            },
            "2021-12": {
                "M": 1
            },
            "2022-01": {
                "M": 1
            },
            "2022-02": {
                "M": 1
            }
        },
        "45": {
            "2022-06": {
                "M": 1
            },
            "2022-07": {
                "M": 1
            },
            "2022-08": {
                "M": 1
            },
            "2022-09": {
                "M": 1
            },
            "2022-10": {
                "M": 1
            },
            "2022-11": {
                "M": 1
            }
        },
        "46": {
            "2021-09": {
                "M": 1
            },
            "2021-10": {
                "M": 1
            },
            "2021-11": {
                "M": 1
            },
            "2021-12": {
                "M": 1
            },
            "2022-01": {
                "M": 1
            },
            "2022-02": {
                "M": 1
            }
        },
        "47": {
            "2021-09": {
                "M": 1
            },
            "2021-10": {
                "M": 1
            },
            "2021-11": {
                "M": 1
            },
            "2021-12": {
                "M": 1
            },
            "2022-01": {
                "M": 1
            },
            "2022-02": {
                "M": 1
            }
        },
        "48": {
            "2022-03": {
                "M": 1
            },
            "2022-04": {
                "M": 1
            },
            "2022-05": {
                "M": 1
            },
            "2022-06": {
                "M": 1
            },
            "2022-07": {
                "M": 1
            },
            "2022-08": {
                "M": 1
            }
        },
        "49": {
            "2022-01": {
                "M": 1
            },
            "2022-02": {
                "M": 1
            },
            "2022-03": {
                "M": 1
            },
            "2022-04": {
                "M": 1
            },
            "2022-05": {
                "M": 1
            },
            "2022-06": {
                "M": 1
            }
        },
        "5": {
            "2018-06": {
                "M": 1
            },
            "2018-07": {
                "M": 1
            },
            "2018-08": {
                "M": 1
            },
            "2018-09": {
                "M": 1
            },
            "2018-10": {
                "M": 1
            },
            "2018-11": {
                "M": 1
            },
            "2023-11": {
                "M": 1
            },
            "2023-12": {
                "M": 1
            },
            "2024-01": {
                "M": 1
            },
            "2024-02": {
                "M": 1
            },
            "2024-03": {
                "M": 1
            },
            "2024-04": {
                "M": 1
            }
        },
        "50": {
            "2019-02": {
                "M": 1
            },
            "2019-03": {
                "M": 1
            },
            "2019-04": {
                "M": 1
            },
            "2019-05": {
                "M": 1
            },
            "2019-06": {
                "M": 1
            },
            "2019-07": {
                "M": 1
            },
            "2024-07": {
                "M": 1
            },
            "2024-08": {
                "M": 1
            },
            "2024-09": {
                "M": 1
            },
            "2024-10": {
                "M": 1
            },
            "2024-11": {
                "M": 1
            },
            "2024-12": {
                "M": 1
            }
        },
        "51": {
            "2020-11": {
                "M": 1
            },
            "2020-12": {
                "M": 1
            },
            "2021-01": {
                "M": 1
            },
            "2021-02": {
                "M": 1
            },
            "2021-03": {
                "M": 1
            },
            "2021-04": {
                "M": 1
            }
        },
        "52": {
            "2022-09": {
                "M": 1
            },
            "2022-10": {
                "M": 1
            },
            "2022-11": {
                "M": 1
            },
            "2022-12": {
                "M": 1
            },
            "2023-01": {
                "M": 1
            },
            "2023-02": {
                "M": 1
            }
        },
        "53": {
            "2022-10": {
                "M": 1
            },
            "2022-11": {
                "M": 1
            },
            "2022-12": {
                "M": 1
            },
            "2023-01": {
                "M": 1
            },
            "2023-02": {
                "M": 1
            },
            "2023-03": {
                "M": 1
            }
        },
        "54": {
            "2020-09": {
                "M": 1
            },
            "2020-10": {
                "M": 1
            },
            "2020-11": {
                "M": 1
            },
            "2020-12": {
                "M": 1
            },
            "2021-01": {
                "M": 1
            },
            "2021-02": {
                "M": 1
            }
        },
        "55": {
            "2018-09": {
                "M": 1
            },
            "2018-10": {
                "M": 1
            },
            "2018-11": {
                "M": 1
            },
            "2018-12": {
                "M": 1
            },
            "2019-01": {
                "M": 1
            },
            "2019-02": {
                "M": 1
            },
            "2024-02": {
                "M": 1
            },
            "2024-03": {
                "M": 1
            },
            "2024-04": {
                "M": 1
            },
            "2024-05": {
                "M": 1
            },
            "2024-06": {
                "M": 1
            },
            "2024-07": {
                "M": 1
            }
        },
        "56": {
            "2021-06": {
                "M": 1
            },
            "2021-07": {
                "M": 1
            },
            "2021-08": {
                "M": 1
            },
            "2021-09": {
                "M": 1
            },
            "2021-10": {
                "M": 1
            },
            "2021-11": {
                "M": 1
            }
        },
        "57": {
            "2020-09": {
                "M": 1
            },
            "2020-10": {
                "M": 1
            },
            "2020-11": {
                "M": 1
            },
            "2020-12": {
                "M": 1
            },
            "2021-01": {
                "M": 1
            },
            "2021-02": {
                "M": 1
            }
        },
        "58": {
            "2021-11": {
                "M": 1
            },
            "2021-12": {
                "M": 1
            },
            "2022-01": {
                "M": 1
            },
            "2022-02": {
                "M": 1
            },
            "2022-03": {
                "M": 1
            },
            "2022-04": {
                "M": 1
            }
        },
        "59": {
            "2021-04": {
                "M": 1
            },
            "2021-05": {
                "M": 1
            },
            "2021-06": {
                "M": 1
            },
            "2021-07": {
                "M": 1
            },
            "2021-08": {
                "M": 1
            },
            "2021-09": {
                "M": 1
            }
        },
        "6": {
            "2021-03": {
                "M": 1
            },
            "2021-04": {
                "M": 1
            },
            "2021-05": {
                "M": 1
            },
            "2021-06": {
                "M": 1
            },
            "2021-07": {
                "M": 1
            },
            "2021-08": {
                "M": 1
            }
        },
        "7": {
            "2018-06": {
                "M": 1
            },
            "2018-07": {
                "M": 1
            },
            "2018-08": {
                "M": 1
            },
            "2018-09": {
                "M": 1
            },
            "2018-10": {
                "M": 1
            },
            "2018-11": {
                "M": 1
            },
            "2023-11": {
                "M": 1
            },
            "2023-12": {
                "M": 1
            },
            "2024-01": {
                "M": 1
            },
            "2024-02": {
                "M": 1
            },
            "2024-03": {
                "M": 1
            },
            "2024-04": {
                "M": 1
            }
        },
        "8": {
            "2019-08": {
                "M": 1
            },
            "2019-09": {
                "M": 1
            },
            "2019-10": {
                "M": 1
            },
            "2019-11": {
                "M": 1
            },
            "2019-12": {
                "M": 1
            },
            "2020-01": {
                "M": 1
            },
            "2024-09": {
                "M": 1
            },
            "2024-10": {
                "M": 1
            },
            "2024-11": {
                "M": 1
            },
            "2024-12": {
                "M": 1
            },
            "2025-01": {
                "M": 1
            },
            "2025-02": {
                "M": 1
            }
        },
        "9": {
            "2021-11": {
                "M": 1
            },
            "2021-12": {
                "M": 1
            },
            "2022-01": {
                "M": 1
            },
            "2022-02": {
                "M": 1
            },
            "2022-03": {
                "M": 1
            },
            "2022-04": {
                "M": 1
            }
        }
    },
    "task": {
        "1": {
            "2024-08": "9",
            "2024-09": "9",
            "2024-10": "9",
            "2024-11": "9",
            "2024-12": "9",
            "2025-01": "9"
        },
        "10": {
            "2024-07": "21",
            "2024-08": "21",
            "2024-09": "21",
            "2024-10": "21",
            "2024-11": "21",
            "2024-12": "21",
            "2025-01": "21",
            "2025-02": "21",
            "2025-03": "21",
            "2025-04": "21",
            "2025-05": "22",
            "2025-06": "22"
        },
        "11": {
            "2021-05": "16",
            "2021-06": "16",
            "2021-07": "16",
            "2021-08": "16",
            "2021-09": "16",
            "2024-07": "21",
            "2024-08": "21",
            "2024-09": "21",
            "2024-10": "21",
            "2024-11": "21",
            "2024-12": "21",
            "2025-01": "21",
            "2025-02": "21",
            "2025-03": "21",
            "2025-04": "21",
            "2025-05": "22",
            "2025-06": "22"
        },
        "12": {
            "2025-04": "32",
            "2025-05": "32",
            "2025-06": "32"
        },
        "13": {
            "2018-03": "23",
            "2018-04": "23",
            "2018-05": "23",
            "2018-06": "23",
            "2018-07": "23"
        },
        "14": {
            "2024-07": "31",
            "2024-08": "31",
            "2024-09": "31",
            "2024-10": "31",
            "2024-11": "31",
            "2024-12": "31",
            "2025-01": "31",
            "2025-02": "32",
            "2025-03": "32",
            "2025-04": "32",
            "2025-05": "32",
            "2025-06": "32"
        },
        "15": {
            "2025-04": "32",
            "2025-05": "32",
            "2025-06": "32"
        },
        "16": {
            "2018-05": "23",
            "2018-06": "23",
            "2018-07": "23"
        },
        "18": {
            "2025-02": "42",
            "2025-03": "42",
            "2025-04": "42",
            "2025-05": "42",
            "2025-06": "42"
        },
        "19": {
            "2018-01": "33",
            "2025-04": "42",
            "2025-05": "42",
            "2025-06": "42"
        },
        "2": {
            "2024-08": "9",
            "2024-09": "9",
            "2024-10": "9",
            "2024-11": "9",
            "2024-12": "9",
            "2025-01": "9",
            "2025-02": "9",
            "2025-03": "9"
        },
        "20": {
            "2024-09": "41",
            "2024-10": "41",
            "2024-11": "41",
            "2024-12": "42",
            "2025-01": "42",
            "2025-02": "42",
            "2025-03": "42",
            "2025-04": "42",
            "2025-05": "42",
            "2025-06": "42"
        },
        "21": {
            "2025-04": "42",
            "2025-05": "42",
            "2025-06": "42"
        },
        "22": {
            "2018-01": "33",
            "2018-02": "33",
            "2018-03": "33",
            "2018-04": "33",
            "2018-05": "33",
            "2018-06": "33",
            "2018-07": "33",
            "2018-08": "33",
            "2018-09": "33",
            "2018-10": "33",
            "2018-11": "33",
            "2018-12": "33",
            "2024-09": "41",
            "2024-10": "41",
            "2024-11": "41",
            "2024-12": "42",
            "2025-01": "42",
            "2025-02": "42",
            "2025-03": "42",
            "2025-04": "42",
            "2025-05": "42"
        },
        "23": {
            "2024-09": "41",
            "2024-10": "41",
            "2024-11": "41",
            "2024-12": "42",
            "2025-01": "42",
            "2025-02": "42",
            "2025-03": "42",
            "2025-04": "42",
            "2025-05": "42",
            "2025-06": "42"
        },
        "24": {
            "2024-12": "42",
            "2025-01": "42",
            "2025-02": "42",
            "2025-03": "42",
            "2025-04": "42",
            "2025-05": "42",
            "2025-06": "42"
        },
        "25": {
            "2025-05": "22",
            "2025-06": "22"
        },
        "26": {
            "2025-06": "42"
        },
        "27": {
            "2025-02": "32",
            "2025-03": "32",
            "2025-04": "32",
            "2025-05": "32",
            "2025-06": "32"
        },
        "29": {
            "2025-06": "42"
        },
        "3": {
            "2025-06": "10"
        },
        "31": {
            "2024-09": "41",
            "2024-10": "41",
            "2024-11": "41",
            "2024-12": "42",
            "2025-01": "42",
            "2025-02": "42",
            "2025-03": "42",
            "2025-04": "42",
            "2025-05": "42"
        },
        "32": {
            "2025-01": "42",
            "2025-02": "42",
            "2025-03": "42",
            "2025-04": "42",
            "2025-05": "42",
            "2025-06": "42"
        },
        "33": {
            "2025-02": "32",
            "2025-03": "32",
            "2025-04": "32",
            "2025-05": "32",
            "2025-06": "32"
        },
        "34": {
            "2025-06": "22"
        },
        "35": {
            "2025-06": "22"
        },
        "36": {
            "2025-02": "42",
            "2025-03": "42",
            "2025-04": "42",
            "2025-05": "42",
            "2025-06": "42"
        },
        "37": {
            "2025-05": "22",
            "2025-06": "22"
        },
        "38": {
            "2025-06": "42"
        },
        "39": {
            "2024-07": "21",
            "2024-08": "21",
            "2024-09": "21",
            "2024-10": "21",
            "2024-11": "21",
            "2024-12": "21",
            "2025-01": "21",
            "2025-02": "21",
            "2025-03": "21",
            "2025-04": "21"
        },
        "4": {
            "2024-09": "9",
            "2024-10": "9",
            "2024-11": "9",
            "2024-12": "9",
            "2025-01": "9",
            "2025-02": "9",
            "2025-03": "9"
        },
        "41": {
            "2018-01": "33",
            "2018-02": "33",
            "2018-03": "33",
            "2018-04": "33",
            "2018-05": "33",
            "2018-06": "33",
            "2018-07": "33",
            "2018-08": "33",
            "2018-09": "33",
            "2018-10": "33",
            "2018-11": "33",
            "2018-12": "33",
            "2024-09": "41",
            "2024-10": "41",
            "2024-11": "41",
            "2024-12": "42",
            "2025-01": "42",
            "2025-02": "42",
            "2025-03": "42",
            "2025-04": "42",
            "2025-05": "42"
        },
        "43": {
            "2024-08": "9",
            "2024-09": "9",
            "2024-10": "9",
            "2024-11": "9",
            "2024-12": "9",
            "2025-01": "9",
            "2025-02": "9",
            "2025-03": "9"
        },
        "45": {
            "2024-09": "9",
            "2024-10": "9",
            "2024-11": "9",
            "2024-12": "9",
            "2025-01": "9",
            "2025-02": "9",
            "2025-03": "9"
        },
        "47": {
            "2025-06": "32"
        },
        "49": {
            "2024-09": "41",
            "2024-10": "41",
            "2024-11": "41",
            "2025-06": "42"
        },
        "5": {
            "2024-08": "9",
            "2024-09": "9",
            "2024-10": "9",
            "2024-11": "9",
            "2024-12": "9",
            "2025-01": "9",
            "2025-02": "9",
            "2025-03": "9"
        },
        "50": {
            "2025-01": "42",
            "2025-02": "42",
            "2025-03": "42",
            "2025-04": "42",
            "2025-05": "42",
            "2025-06": "42"
        },
        "52": {
            "2024-07": "21",
            "2024-08": "21",
            "2024-09": "21",
            "2024-10": "21",
            "2024-11": "21",
            "2024-12": "21",
            "2025-01": "21",
            "2025-02": "21",
            "2025-03": "21",
            "2025-04": "21"
        },
        "53": {
            "2024-12": "42",
            "2025-01": "42",
            "2025-02": "42",
            "2025-03": "42",
            "2025-04": "42",
            "2025-05": "42"
        },
        "54": {
            "2018-01": "23",
            "2018-02": "23",
            "2018-03": "23",
            "2018-04": "23",
            "2018-05": "23",
            "2018-06": "23",
            "2018-07": "23"
        },
        "55": {
            "2025-02": "32",
            "2025-03": "32",
            "2025-04": "32",
            "2025-05": "32",
            "2025-06": "32"
        },
        "56": {
            "2018-01": "0",
            "2018-02": "0",
            "2018-03": "0",
            "2018-04": "0",
            "2018-05": "0",
            "2018-06": "0",
            "2018-07": "0",
            "2018-08": "0",
            "2018-09": "0"
        },
        "58": {
            "2024-08": "21",
            "2024-09": "21",
            "2024-10": "21",
            "2024-11": "21",
            "2024-12": "21",
            "2025-01": "21",
            "2025-05": "22",
            "2025-06": "22"
        },
        "7": {
            "2024-09": "21",
            "2024-10": "21",
            "2024-11": "21",
            "2024-12": "21",
            "2025-01": "21",
            "2025-02": "21",
            "2025-03": "21",
            "2025-04": "21"
        },
        "9": {
            "2018-01": "11",
            "2018-02": "11",
            "2018-03": "11",
            "2018-04": "11",
            "2018-05": "11",
            "2018-06": "11",
            "2018-07": "11",
            "2024-07": "21",
            "2024-08": "21",
            "2024-09": "21",
            "2024-10": "21",
            "2024-11": "21",
            "2024-12": "21",
            "2025-01": "21",
            "2025-02": "21",
            "2025-03": "21",
            "2025-04": "21"
        }
    }
}