{
    "elapsed": {
        "M": {
            "40": {
                "2025-06": 0
            },
            "54": {
                "2025-06": 0
            }
        }
    },
    "hours": {
        "1": {
            "2024-11": -31.0,
            "2024-12": -73.0,
            "2025-01": -115.0
        },
        "3": {
            "2019-10": -347.0,
            "2019-11": -347.0
        },
        "7": {
            "2019-12": -211.0
        }
    },
    "resources": {
        "1": {
            "2018-10": 3,
            "2018-11": 3,
            "2018-12": 3,
            "2019-01": 3,
            "2019-02": 3,
            "2019-03": 1,
            "2019-04": 1,
            "2019-05": 1,
            "2019-06": 1,
            "2019-07": 1,
            "2019-08": 2,
            "2019-09": 3
        },
        "13": {
            "2019-03": 4,
            "2019-04": 3
        },
        "2": {
            "2019-10": 1,
            "2019-11": 1
        },
        "22": {
            "2025-05": 5,
            "2025-06": 5
        },
        "24": {
            "2018-11": 1
        },
        "25": {
            "2019-05": 2,
            "2019-06": 2,
            "2019-07": 1,
            "2019-08": 1,
            "2019-09": 1,
            "2019-10": 1,
            "2019-11": 1,
            "2020-01": 1,
            "2020-02": 1,
            "2020-03": 1,
            "2020-04": 1
        },
        "3": {
            "2021-06": 1
        }
    }
}