{
    "available": {
        "11": {
            "2018-01": -1,
            "2018-02": -1
        }
    },
    "elapsed": {
        "M": {
            "51": {
                "2025-06": 0
            }
        }
    },
    "hours": {
        "5": {
            "2021-12": -51.0
        },
        "7": {
            "2025-02": -47.0
        },
        "8": {
            "2025-06": -116.0
        },
        "9": {
            "2024-11": -108.0
        }
    },
    "resources": {
        "15": {
            "2021-05": 1
        },
        "26": {
            "2021-12": 1,
            "2022-01": 1,
            "2022-02": 1,
            "2022-03": 1,
            "2022-04": 1,
            "2022-05": 1,
            "2022-06": 2
        },
        "29": {
            "2024-01": 2,
            "2024-12": 1
        }
    }
}