{
    "state_m": {
        "0": {
            "2020-07": {
                "M": 1
            },
            "2020-08": {
                "M": 1
            },
            "2020-09": {
                "M": 1
            },
            "2020-10": {
                "M": 1
            },
            "2020-11": {
                "M": 1
            },
            "2020-12": {
                "M": 1
            },
            "2024-10": {
                "M": 1
            },
            "2024-11": {
                "M": 1
            },
            "2024-12": {
                "M": 1
            },
            "2025-01": {
                "M": 1
            },
            "2025-02": {
                "M": 1
            },
            "2025-03": {
                "M": 1
            }
        },
        "1": {
            "2019-08": {
                "M": 1
            },
            "2019-09": {
                "M": 1
            },
            "2019-10": {
                "M": 1
            },
            "2019-11": {
                "M": 1
            },
            "2019-12": {
                "M": 1
            },
            "2020-01": {
                "M": 1
            },
            "2023-12": {
                "M": 1
            },
            "2024-01": {
                "M": 1
            },
            "2024-02": {
                "M": 1
            },
            "2024-03": {
                "M": 1
            },
            "2024-04": {
                "M": 1
            },
            "2024-05": {
                "M": 1
            }
        },
        "10": {
            "2021-09": {
                "M": 1
            },
            "2021-10": {
                "M": 1
            },
            "2021-11": {
                "M": 1
            },
            "2021-12": {
                "M": 1
            },
            "2022-01": {
                "M": 1
            },
            "2022-02": {
                "M": 1
            }
        },
        "11": {
            "2020-06": {
                "M": 1
            },
            "2020-07": {
                "M": 1
            },
            "2020-08": {
                "M": 1
            },
            "2020-09": {
                "M": 1
            },
            "2020-10": {
                "M": 1
            },
            "2020-11": {
                "M": 1
            },
            "2024-09": {
                "M": 1
            },
            "2024-10": {
                "M": 1
            },
            "2024-11": {
                "M": 1
            },
            "2024-12": {
                "M": 1
            },
            "2025-01": {
                "M": 1
            },
            "2025-02": {
                "M": 1
            }
        },
        "12": {
            "2022-03": {
                "M": 1
            },
            "2022-04": {
                "M": 1
            },
            "2022-05": {
                "M": 1
            },
            "2022-06": {
                "M": 1
            },
            "2022-07": {
                "M": 1
            },
            "2022-08": {
                "M": 1
            }
        },
        "13": {
            "2018-01": {
                "M": 1
            },
            "2018-02": {
                "M": 1
            },
            "2018-03": {
                "M": 1
            },
            "2018-04": {
                "M": 1
            },
            "2018-05": {
                "M": 1
            },
            "2018-06": {
                "M": 1
            },
            "2022-09": {
                "M": 1
            },
            "2022-10": {
                "M": 1
            },
            "2022-11": {
                "M": 1
            },
            "2022-12": {
                "M": 1
            },
            "2023-01": {
                "M": 1
            },
            "2023-02": {
                "M": 1
            }
        },
        "14": {
            "2019-03": {
                "M": 1
            },
            "2019-04": {
                "M": 1
            },
            "2019-05": {
                "M": 1
            },
            "2019-06": {
                "M": 1
            },
            "2019-07": {
                "M": 1
            },
            "2019-08": {
                "M": 1
            },
            "2023-06": {
                "M": 1
            },
            "2023-07": {
                "M": 1
            },
            "2023-08": {
                "M": 1
            },
            "2023-09": {
                "M": 1
            },
            "2023-10": {
                "M": 1
            },
            "2023-11": {
                "M": 1
            }
        },
        "15": {
            "2022-02": {
                "M": 1
            },
            "2022-03": {
                "M": 1
            },
            "2022-04": {
                "M": 1
            },
            "2022-05": {
                "M": 1
            },
            "2022-06": {
                "M": 1
            },
            "2022-07": {
                "M": 1
            }
        },
        "16": {
            "2020-06": {
                "M": 1
            },
            "2020-07": {
                "M": 1
            },
            "2020-08": {
                "M": 1
            },
            "2020-09": {
                "M": 1
            },
            "2020-10": {
                "M": 1
            },
            "2020-11": {
                "M": 1
            },
            "2024-09": {
                "M": 1
            },
            "2024-10": {
                "M": 1
            },
            "2024-11": {
                "M": 1
            },
            "2024-12": {
                "M": 1
            },
            "2025-01": {
                "M": 1
            },
            "2025-02": {
                "M": 1
            }
        },
        "17": {
            "2019-04": {
                "M": 1
            },
            "2019-05": {
                "M": 1
            },
            "2019-06": {
                "M": 1
            },
            "2019-07": {
                "M": 1
            },
            "2019-08": {
                "M": 1
            },
            "2019-09": {
                "M": 1
            },
            "2023-07": {
                "M": 1
            },
            "2023-08": {
                "M": 1
            },
            "2023-09": {
                "M": 1
            },
            "2023-10": {
                "M": 1
            },
            "2023-11": {
                "M": 1
            },
            "2023-12": {
                "M": 1
            }
        },
        "18": {
            "2020-10": {
                "M": 1
            },
            "2020-11": {
                "M": 1
            },
            "2020-12": {
                "M": 1
            },
            "2021-01": {
                "M": 1
            },
            "2021-02": {
                "M": 1
            },
            "2021-03": {
                "M": 1
            },
            "2025-01": {
                "M": 1
            },
            "2025-02": {
                "M": 1
            },
            "2025-03": {
                "M": 1
            },
            "2025-04": {
                "M": 1
            },
            "2025-05": {
                "M": 1
            },
            "2025-06": {
                "M": 1
            }
        },
        "19": {
            "2021-06": {
                "M": 1
            },
            "2021-07": {
                "M": 1
            },
            "2021-08": {
                "M": 1
            },
            "2021-09": {
                "M": 1
            },
            "2021-10": {
                "M": 1
            },
            "2021-11": {
                "M": 1
            }
        },
        "2": {
            "2021-05": {
                "M": 1
            },
            "2021-06": {
                "M": 1
            },
            "2021-07": {
                "M": 1
            },
            "2021-08": {
                "M": 1
            },
            "2021-09": {
                "M": 1
            },
            "2021-10": {
                "M": 1
            }
        },
        "20": {
            "2019-06": {
                "M": 1
            },
            "2019-07": {
                "M": 1
            },
            "2019-08": {
                "M": 1
            },
            "2019-09": {
                "M": 1
            },
            "2019-10": {
                "M": 1
            },
            "2019-11": {
                "M": 1
            },
            "2024-07": {
                "M": 1
            },
            "2024-08": {
                "M": 1
            },
            "2024-09": {
                "M": 1
            },
            "2024-10": {
                "M": 1
            },
            "2024-11": {
                "M": 1
            },
            "2024-12": {
                "M": 1
            }
        },
        "21": {
            "2018-03": {
                "M": 1
            },
            "2018-04": {
                "M": 1
            },
            "2018-05": {
                "M": 1
            },
            "2018-06": {
                "M": 1
            },
            "2018-07": {
                "M": 1
            },
            "2018-08": {
                "M": 1
            },
            "2022-08": {
                "M": 1
            },
            "2022-09": {
                "M": 1
            },
            "2022-10": {
                "M": 1
            },
            "2022-11": {
                "M": 1
            },
            "2022-12": {
                "M": 1
            },
            "2023-01": {
                "M": 1
            }
        },
        "22": {
            "2021-02": {
                "M": 1
            },
            "2021-03": {
                "M": 1
            },
            "2021-04": {
                "M": 1
            },
            "2021-05": {
                "M": 1
            },
            "2021-06": {
                "M": 1
            },
            "2021-07": {
                "M": 1
            },
            "2025-05": {
                "M": 1
            },
            "2025-06": {
                "M": 1
            }
        },
        "23": {
            "2020-02": {
                "M": 1
            },
            "2020-03": {
                "M": 1
            },
            "2020-04": {
                "M": 1
            },
            "2020-05": {
                "M": 1
            },
            "2020-06": {
                "M": 1
            },
            "2020-07": {
                "M": 1
            },
            "2024-11": {
                "M": 1
            },
            "2024-12": {
                "M": 1
            },
            "2025-01": {
                "M": 1
            },
            "2025-02": {
                "M": 1
            },
            "2025-03": {
                "M": 1
            },
            "2025-04": {
                "M": 1
            }
        },
        "24": {
            "2019-12": {
                "M": 1
            },
            "2020-01": {
                "M": 1
            },
            "2020-02": {
                "M": 1
            },
            "2020-03": {
                "M": 1
            },
            "2020-04": {
                "M": 1
            },
            "2020-05": {
                "M": 1
            },
            "2024-03": {
                "M": 1
            },
            "2024-04": {
                "M": 1
            },
            "2024-05": {
                "M": 1
            },
            "2024-06": {
                "M": 1
            },
            "2024-07": {
                "M": 1
            },
            "2024-08": {
                "M": 1
            }
        },
        "25": {
            "2020-01": {
                "M": 1
            },
            "2020-02": {
                "M": 1
            },
            "2020-03": {
                "M": 1
            },
            "2020-04": {
                "M": 1
            },
            "2020-05": {
                "M": 1
            },
            "2020-06": {
                "M": 1
            },
            "2024-04": {
                "M": 1
            },
            "2024-05": {
                "M": 1
            },
            "2024-06": {
                "M": 1
            },
            "2024-07": {
                "M": 1
            },
            "2024-08": {
                "M": 1
            },
            "2024-09": {
                "M": 1
            }
        },
        "26": {
            "2018-01": {
                "M": 1
            },
            "2018-02": {
                "M": 1
            },
            "2018-03": {
                "M": 1
            },
            "2023-02": {
                "M": 1
            },
            "2023-03": {
                "M": 1
            },
            "2023-04": {
                "M": 1
            },
            "2023-05": {
                "M": 1
            },
            "2023-06": {
                "M": 1
            },
            "2023-07": {
                "M": 1
            }
        },
        "27": {
            "2018-08": {
                "M": 1
            },
            "2018-09": {
                "M": 1
            },
            "2018-10": {
                "M": 1
            },
            "2018-11": {
                "M": 1
            },
            "2018-12": {
                "M": 1
            },
            "2019-01": {
                "M": 1
            },
            "2023-09": {
                "M": 1
            },
            "2023-10": {
                "M": 1
            },
            "2023-11": {
                "M": 1
            },
            "2023-12": {
                "M": 1
            },
            "2024-01": {
                "M": 1
            },
            "2024-02": {
                "M": 1
            }
        },
        "28": {
            "2020-11": {
                "M": 1
            },
            "2020-12": {
                "M": 1
            },
            "2021-01": {
                "M": 1
            },
            "2021-02": {
                "M": 1
            },
            "2021-03": {
                "M": 1
            },
            "2021-04": {
                "M": 1
            },
            "2025-02": {
                "M": 1
            },
            "2025-03": {
                "M": 1
            },
            "2025-04": {
                "M": 1
            },
            "2025-05": {
                "M": 1
            },
            "2025-06": {
                "M": 1
            }
        },
        "29": {
            "2020-07": {
                "M": 1
            },
            "2020-08": {
                "M": 1
            },
            "2020-09": {
                "M": 1
            },
            "2020-10": {
                "M": 1
            },
            "2020-11": {
                "M": 1
            },
            "2020-12": {
                "M": 1
            },
            "2024-10": {
                "M": 1
            },
            "2024-11": {
                "M": 1
            },
            "2024-12": {
                "M": 1
            },
            "2025-01": {
                "M": 1
            },
            "2025-02": {
                "M": 1
            },
            "2025-03": {
                "M": 1
            }
        },
        "3": {
            "2019-09": {
                "M": 1
            },
            "2019-10": {
                "M": 1
            },
            "2019-11": {
                "M": 1
            },
            "2019-12": {
                "M": 1
            },
            "2020-01": {
                "M": 1
            },
            "2020-02": {
                "M": 1
            },
            "2024-06": {
                "M": 1
            },
            "2024-07": {
                "M": 1
            },
            "2024-08": {
                "M": 1
            },
            "2024-09": {
                "M": 1
            },
            "2024-10": {
                "M": 1
            },
            "2024-11": {
                "M": 1
            }
        },
        "30": {
            "2018-01": {
                "M": 1
            },
            "2018-02": {
                "M": 1
            },
            "2018-03": {
                "M": 1
            },
            "2018-04": {
                "M": 1
            },
            "2018-05": {
                "M": 1
            },
            "2018-06": {
                "M": 1
            },
            "2023-06": {
                "M": 1
            },
            "2023-07": {
                "M": 1
            },
            "2023-08": {
                "M": 1
            },
            "2023-09": {
                "M": 1
            },
            "2023-10": {
                "M": 1
            },
            "2023-11": {
                "M": 1
            }
        },
        "31": {
            "2022-01": {
                "M": 1
            },
            "2022-02": {
                "M": 1
            },
            "2022-03": {
                "M": 1
            },
            "2022-04": {
                "M": 1
            },
            "2022-05": {
                "M": 1
            },
            "2022-06": {
                "M": 1
            }
        },
        "32": {
            "2021-09": {
                "M": 1
            },
            "2021-10": {
                "M": 1
            },
            "2021-11": {
                "M": 1
            },
            "2021-12": {
                "M": 1
            },
            "2022-01": {
                "M": 1
            },
            "2022-02": {
                "M": 1
            }
        },
        "33": {
            "2020-04": {
                "M": 1
            },
            "2020-05": {
                "M": 1
            },
            "2020-06": {
                "M": 1
            },
            "2020-07": {
                "M": 1
            },
            "2020-08": {
                "M": 1
            },
            "2020-09": {
                "M": 1
            },
            "2024-08": {
                "M": 1
            },
            "2024-09": {
                "M": 1
            },
            "2024-10": {
                "M": 1
            },
            "2024-11": {
                "M": 1
            },
            "2024-12": {
                "M": 1
            },
            "2025-01": {
                "M": 1
            }
        },
        "34": {
            "2018-01": {
                "M": 1
            },
            "2018-02": {
                "M": 1
            },
            "2018-03": {
                "M": 1
            },
            "2018-04": {
                "M": 1
            },
            "2018-05": {
                "M": 1
            },
            "2018-06": {
                "M": 1
            },
            "2023-02": {
                "M": 1
            },
            "2023-03": {
                "M": 1
            },
            "2023-04": {
                "M": 1
            },
            "2023-05": {
                "M": 1
            },
            "2023-06": {
                "M": 1
            },
            "2023-07": {
                "M": 1
            }
        },
        "35": {
            "2020-09": {
                "M": 1
            },
            "2020-10": {
                "M": 1
            },
            "2020-11": {
                "M": 1
            },
            "2020-12": {
                "M": 1
            },
            "2021-01": {
                "M": 1
            },
            "2021-02": {
                "M": 1
            },
            "2024-12": {
                "M": 1
            },
            "2025-01": {
                "M": 1
            },
            "2025-02": {
                "M": 1
            },
            "2025-03": {
                "M": 1
            },
            "2025-04": {
                "M": 1
            },
            "2025-05": {
                "M": 1
            }
        },
        "36": {
            "2019-11": {
                "M": 1
            },
            "2019-12": {
                "M": 1
            },
            "2020-01": {
                "M": 1
            },
            "2020-02": {
                "M": 1
            },
            "2020-03": {
                "M": 1
            },
            "2020-04": {
                "M": 1
            },
            "2024-02": {
                "M": 1
            },
            "2024-03": {
                "M": 1
            },
            "2024-04": {
                "M": 1
            },
            "2024-05": {
                "M": 1
            },
            "2024-06": {
                "M": 1
            },
            "2024-07": {
                "M": 1
            }
        },
        "37": {
            "2019-10": {
                "M": 1
            },
            "2019-11": {
                "M": 1
            },
            "2019-12": {
                "M": 1
            },
            "2020-01": {
                "M": 1
            },
            "2020-02": {
                "M": 1
            },
            "2020-03": {
                "M": 1
            },
            "2024-01": {
                "M": 1
            },
            "2024-02": {
                "M": 1
            },
            "2024-03": {
                "M": 1
            },
            "2024-04": {
                "M": 1
            },
            "2024-05": {
                "M": 1
            },
            "2024-06": {
                "M": 1
            }
        },
        "38": {
            "2022-06": {
                "M": 1
            },
            "2022-07": {
                "M": 1
            },
            "2022-08": {
                "M": 1
            },
            "2022-09": {
                "M": 1
            },
            "2022-10": {
                "M": 1
            },
            "2022-11": {
                "M": 1
            }
        },
        "39": {
            "2019-07": {
                "M": 1
            },
            "2019-08": {
                "M": 1
            },
            "2019-09": {
                "M": 1
            },
            "2019-10": {
                "M": 1
            },
            "2019-11": {
                "M": 1
            },
            "2019-12": {
                "M": 1
            },
            "2024-02": {
                "M": 1
            },
            "2024-03": {
                "M": 1
            },
            "2024-04": {
                "M": 1
            },
            "2024-05": {
                "M": 1
            },
            "2024-06": {
                "M": 1
            },
            "2024-07": {
                "M": 1
            }
        },
        "4": {
            "2022-03": {
                "M": 1
            },
            "2022-04": {
                "M": 1
            },
            "2022-05": {
                "M": 1
            },
            "2022-06": {
                "M": 1
            },
            "2022-07": {
                "M": 1
            },
            "2022-08": {
                "M": 1
            }
        },
        "40": {
            "2021-06": {
                "M": 1
            },
            "2021-07": {
                "M": 1
            },
            "2021-08": {
                "M": 1
            },
            "2021-09": {
                "M": 1
            },
            "2021-10": {
                "M": 1
            },
            "2021-11": {
                "M": 1
            }
        },
        "41": {
            "2019-10": {
                "M": 1
            },
            "2019-11": {
                "M": 1
            },
            "2019-12": {
                "M": 1
            },
            "2020-01": {
                "M": 1
            },
            "2020-02": {
                "M": 1
            },
            "2020-03": {
                "M": 1
            },
            "2024-01": {
                "M": 1
            },
            "2024-02": {
                "M": 1
            },
            "2024-03": {
                "M": 1
            },
            "2024-04": {
                "M": 1
            },
            "2024-05": {
                "M": 1
            },
            "2024-06": {
                "M": 1
            }
        },
        "42": {
            "2020-12": {
                "M": 1
            },
            "2021-01": {
                "M": 1
            },
            "2021-02": {
                "M": 1
            },
            "2021-03": {
                "M": 1
            },
            "2021-04": {
                "M": 1
            },
            "2021-05": {
                "M": 1
            }
        },
        "43": {
            "2019-02": {
                "M": 1
            },
            "2019-03": {
                "M": 1
            },
            "2019-04": {
                "M": 1
            },
            "2019-05": {
                "M": 1
            },
            "2019-06": {
                "M": 1
            },
            "2019-07": {
                "M": 1
            },
            "2023-05": {
                "M": 1
            },
            "2023-06": {
                "M": 1
            },
            "2023-07": {
                "M": 1
            },
            "2023-08": {
                "M": 1
            },
            "2023-09": {
                "M": 1
            },
            "2023-10": {
                "M": 1
            }
        },
        "44": {
            "2022-03": {
                "M": 1
            },
            "2022-04": {
                "M": 1
            },
            "2022-05": {
                "M": 1
            },
            "2022-06": {
                "M": 1
            },
            "2022-07": {
                "M": 1
            },
            "2022-08": {
                "M": 1
            }
        },
        "45": {
            "2018-07": {
                "M": 1
            },
            "2018-08": {
                "M": 1
            },
            "2018-09": {
                "M": 1
            },
            "2018-10": {
                "M": 1
            },
            "2018-11": {
                "M": 1
            },
            "2018-12": {
                "M": 1
            },
            "2023-11": {
                "M": 1
            },
            "2023-12": {
                "M": 1
            },
            "2024-01": {
                "M": 1
            },
            "2024-02": {
                "M": 1
            },
            "2024-03": {
                "M": 1
            },
            "2024-04": {
                "M": 1
            }
        },
        "46": {
            "2020-02": {
                "M": 1
            },
            "2020-03": {
                "M": 1
            },
            "2020-04": {
                "M": 1
            },
            "2020-05": {
                "M": 1
            },
            "2020-06": {
                "M": 1
            },
            "2020-07": {
                "M": 1
            },
            "2024-05": {
                "M": 1
            },
            "2024-06": {
                "M": 1
            },
            "2024-07": {
                "M": 1
            },
            "2024-08": {
                "M": 1
            },
            "2024-09": {
                "M": 1
            },
            "2024-10": {
                "M": 1
            }
        },
        "47": {
            "2018-11": {
                "M": 1
            },
            "2018-12": {
                "M": 1
            },
            "2019-01": {
                "M": 1
            },
            "2019-02": {
                "M": 1
            },
            "2019-03": {
                "M": 1
            },
            "2019-04": {
                "M": 1
            },
            "2023-07": {
                "M": 1
            },
            "2023-08": {
                "M": 1
            },
            "2023-09": {
                "M": 1
            },
            "2023-10": {
                "M": 1
            },
            "2023-11": {
                "M": 1
            },
            "2023-12": {
                "M": 1
            }
        },
        "48": {
            "2018-01": {
                "M": 1
            },
            "2018-02": {
                "M": 1
            },
            "2018-03": {
                "M": 1
            },
            "2018-04": {
                "M": 1
            },
            "2018-05": {
                "M": 1
            },
            "2018-06": {
                "M": 1
            },
            "2022-04": {
                "M": 1
            },
            "2022-05": {
                "M": 1
            },
            "2022-06": {
                "M": 1
            },
            "2022-07": {
                "M": 1
            },
            "2022-08": {
                "M": 1
            },
            "2022-09": {
                "M": 1
            }
        },
        "49": {
            "2019-09": {
                "M": 1
            },
            "2019-10": {
                "M": 1
            },
            "2019-11": {
                "M": 1
            },
            "2019-12": {
                "M": 1
            },
            "2020-01": {
                "M": 1
            },
            "2020-02": {
                "M": 1
            },
            "2024-01": {
                "M": 1
            },
            "2024-02": {
                "M": 1
            },
            "2024-03": {
                "M": 1
            },
            "2024-04": {
                "M": 1
            },
            "2024-05": {
                "M": 1
            },
            "2024-06": {
                "M": 1
            }
        },
        "5": {
            "2021-09": {
                "M": 1
            },
            "2021-10": {
                "M": 1
            },
            "2021-11": {
                "M": 1
            },
            "2021-12": {
                "M": 1
            },
            "2022-01": {
                "M": 1
            },
            "2022-02": {
                "M": 1
            }
        },
        "50": {
            "2018-11": {
                "M": 1
            },
            "2018-12": {
                "M": 1
            },
            "2019-01": {
                "M": 1
            },
            "2019-02": {
                "M": 1
            },
            "2019-03": {
                "M": 1
            },
            "2019-04": {
                "M": 1
            },
            "2023-02": {
                "M": 1
            },
            "2023-03": {
                "M": 1
            },
            "2023-04": {
                "M": 1
            },
            "2023-05": {
                "M": 1
            },
            "2023-06": {
                "M": 1
            },
            "2023-07": {
                "M": 1
            }
        },
        "51": {
            "2018-10": {
                "M": 1
            },
            "2018-11": {
                "M": 1
            },
            "2018-12": {
                "M": 1
            },
            "2019-01": {
                "M": 1
            },
            "2019-02": {
                "M": 1
            },
            "2019-03": {
                "M": 1
            },
            "2023-08": {
                "M": 1
            },
            "2023-09": {
                "M": 1
            },
            "2023-10": {
                "M": 1
            },
            "2023-11": {
                "M": 1
            },
            "2023-12": {
                "M": 1
            },
            "2024-01": {
                "M": 1
            }
        },
        "52": {
            "2020-12": {
                "M": 1
            },
            "2021-01": {
                "M": 1
            },
            "2021-02": {
                "M": 1
            },
            "2021-03": {
                "M": 1
            },
            "2021-04": {
                "M": 1
            },
            "2021-05": {
                "M": 1
            },
            "2025-03": {
                "M": 1
            },
            "2025-04": {
                "M": 1
            },
            "2025-05": {
                "M": 1
            },
            "2025-06": {
                "M": 1
            }
        },
        "53": {
            "2018-10": {
                "M": 1
            },
            "2018-11": {
                "M": 1
            },
            "2018-12": {
                "M": 1
            },
            "2019-01": {
                "M": 1
            },
            "2019-02": {
                "M": 1
            },
            "2019-03": {
                "M": 1
            },
            "2023-04": {
                "M": 1
            },
            "2023-05": {
                "M": 1
            },
            "2023-06": {
                "M": 1
            },
            "2023-07": {
                "M": 1
            },
            "2023-08": {
                "M": 1
            },
            "2023-09": {
                "M": 1
            }
        },
        "54": {
            "2022-07": {
                "M": 1
            },
            "2022-08": {
                "M": 1
            },
            "2022-09": {
                "M": 1
            },
            "2022-10": {
                "M": 1
            },
            "2022-11": {
                "M": 1
            },
            "2022-12": {
                "M": 1
            }
        },
        "55": {
            "2022-03": {
                "M": 1
            },
            "2022-04": {
                "M": 1
            },
            "2022-05": {
                "M": 1
            },
            "2022-06": {
                "M": 1
            },
            "2022-07": {
                "M": 1
            },
            "2022-08": {
                "M": 1
            }
        },
        "56": {
            "2022-07": {
                "M": 1
            },
            "2022-08": {
                "M": 1
            },
            "2022-09": {
                "M": 1
            },
            "2022-10": {
                "M": 1
            },
            "2022-11": {
                "M": 1
            },
            "2022-12": {
                "M": 1
            }
        },
        "57": {
            "2020-12": {
                "M": 1
            },
            "2021-01": {
                "M": 1
            },
            "2021-02": {
                "M": 1
            },
            "2021-03": {
                "M": 1
            },
            "2021-04": {
                "M": 1
            },
            "2021-05": {
                "M": 1
            },
            "2025-03": {
                "M": 1
            },
            "2025-04": {
                "M": 1
            },
            "2025-05": {
                "M": 1
            },
            "2025-06": {
                "M": 1
            }
        },
        "58": {
            "2018-12": {
                "M": 1
            },
            "2019-01": {
                "M": 1
            },
            "2019-02": {
                "M": 1
            },
            "2019-03": {
                "M": 1
            },
            "2019-04": {
                "M": 1
            },
            "2019-05": {
                "M": 1
            },
            "2023-12": {
                "M": 1
            },
            "2024-01": {
                "M": 1
            },
            "2024-02": {
                "M": 1
            },
            "2024-03": {
                "M": 1
            },
            "2024-04": {
                "M": 1
            },
            "2024-05": {
                "M": 1
            }
        },
        "59": {
            "2020-10": {
                "M": 1
            },
            "2020-11": {
                "M": 1
            },
            "2020-12": {
                "M": 1
            },
            "2021-01": {
                "M": 1
            },
            "2021-02": {
                "M": 1
            },
            "2021-03": {
                "M": 1
            },
            "2025-01": {
                "M": 1
            },
            "2025-02": {
                "M": 1
            },
            "2025-03": {
                "M": 1
            },
            "2025-04": {
                "M": 1
            },
            "2025-05": {
                "M": 1
            },
            "2025-06": {
                "M": 1
            }
        },
        "6": {
            "2021-07": {
                "M": 1
            },
            "2021-08": {
                "M": 1
            },
            "2021-09": {
                "M": 1
            },
            "2021-10": {
                "M": 1
            },
            "2021-11": {
                "M": 1
            },
            "2021-12": {
                "M": 1
            }
        },
        "60": {
            "2019-07": {
                "M": 1
            },
            "2019-08": {
                "M": 1
            },
            "2019-09": {
                "M": 1
            },
            "2019-10": {
                "M": 1
            },
            "2019-11": {
                "M": 1
            },
            "2019-12": {
                "M": 1
            },
            "2023-10": {
                "M": 1
            },
            "2023-11": {
                "M": 1
            },
            "2023-12": {
                "M": 1
            },
            "2024-01": {
                "M": 1
            },
            "2024-02": {
                "M": 1
            },
            "2024-03": {
                "M": 1
            }
        },
        "61": {
            "2019-11": {
                "M": 1
            },
            "2019-12": {
                "M": 1
            },
            "2020-01": {
                "M": 1
            },
            "2020-02": {
                "M": 1
            },
            "2020-03": {
                "M": 1
            },
            "2020-04": {
                "M": 1
            },
            "2024-02": {
                "M": 1
            },
            "2024-03": {
                "M": 1
            },
            "2024-04": {
                "M": 1
            },
            "2024-05": {
                "M": 1
            },
            "2024-06": {
                "M": 1
            },
            "2024-07": {
                "M": 1
            }
        },
        "62": {
            "2020-03": {
                "M": 1
            },
            "2020-04": {
                "M": 1
            },
            "2020-05": {
                "M": 1
            },
            "2020-06": {
                "M": 1
            },
            "2020-07": {
                "M": 1
            },
            "2020-08": {
                "M": 1
            },
            "2024-06": {
                "M": 1
            },
            "2024-07": {
                "M": 1
            },
            "2024-08": {
                "M": 1
            },
            "2024-09": {
                "M": 1
            },
            "2024-10": {
                "M": 1
            },
            "2024-11": {
                "M": 1
            }
        },
        "63": {
            "2020-04": {
                "M": 1
            },
            "2020-05": {
                "M": 1
            },
            "2020-06": {
                "M": 1
            },
            "2020-07": {
                "M": 1
            },
            "2020-08": {
                "M": 1
            },
            "2020-09": {
                "M": 1
            },
            "2024-12": {
                "M": 1
            },
            "2025-01": {
                "M": 1
            },
            "2025-02": {
                "M": 1
            },
            "2025-03": {
                "M": 1
            },
            "2025-04": {
                "M": 1
            },
            "2025-05": {
                "M": 1
            }
        },
        "64": {
            "2022-02": {
                "M": 1
            },
            "2022-03": {
                "M": 1
            },
            "2022-04": {
                "M": 1
            },
            "2022-05": {
                "M": 1
            },
            "2022-06": {
                "M": 1
            },
            "2022-07": {
                "M": 1
            }
        },
        "65": {
            "2021-08": {
                "M": 1
            },
            "2021-09": {
                "M": 1
            },
            "2021-10": {
                "M": 1
            },
            "2021-11": {
                "M": 1
            },
            "2021-12": {
                "M": 1
            },
            "2022-01": {
                "M": 1
            }
        },
        "66": {
            "2018-01": {
                "M": 1
            },
            "2018-02": {
                "M": 1
            },
            "2018-03": {
                "M": 1
            },
            "2018-04": {
                "M": 1
            },
            "2022-02": {
                "M": 1
            },
            "2022-03": {
                "M": 1
            },
            "2022-04": {
                "M": 1
            },
            "2022-05": {
                "M": 1
            },
            "2022-06": {
                "M": 1
            },
            "2022-07": {
                "M": 1
            }
        },
        "67": {
            "2018-06": {
                "M": 1
            },
            "2018-07": {
                "M": 1
            },
            "2018-08": {
                "M": 1
            },
            "2018-09": {
                "M": 1
            },
            "2018-10": {
                "M": 1
            },
            "2018-11": {
                "M": 1
            },
            "2022-09": {
                "M": 1
            },
            "2022-10": {
                "M": 1
            },
            "2022-11": {
                "M": 1
            },
            "2022-12": {
                "M": 1
            },
            "2023-01": {
                "M": 1
            },
            "2023-02": {
                "M": 1
            }
        },
        "68": {
            "2020-06": {
                "M": 1
            },
            "2020-07": {
                "M": 1
            },
            "2020-08": {
                "M": 1
            },
            "2020-09": {
                "M": 1
            },
            "2020-10": {
                "M": 1
            },
            "2020-11": {
                "M": 1
            },
            "2024-09": {
                "M": 1
            },
            "2024-10": {
                "M": 1
            },
            "2024-11": {
                "M": 1
            },
            "2024-12": {
                "M": 1
            },
            "2025-01": {
                "M": 1
            },
            "2025-02": {
                "M": 1
            }
        },
        "69": {
            "2020-01": {
                "M": 1
            },
            "2020-02": {
                "M": 1
            },
            "2020-03": {
                "M": 1
            },
            "2020-04": {
                "M": 1
            },
            "2020-05": {
                "M": 1
            },
            "2020-06": {
                "M": 1
            },
            "2024-05": {
                "M": 1
            },
            "2024-06": {
                "M": 1
            },
            "2024-07": {
                "M": 1
            },
            "2024-08": {
                "M": 1
            },
            "2024-09": {
                "M": 1
            },
            "2024-10": {
                "M": 1
            }
        },
        "7": {
            "2020-02": {
                "M": 1
            },
            "2020-03": {
                "M": 1
            },
            "2020-04": {
                "M": 1
            },
            "2020-05": {
                "M": 1
            },
            "2020-06": {
                "M": 1
            },
            "2020-07": {
                "M": 1
            },
            "2024-11": {
                "M": 1
            },
            "2024-12": {
                "M": 1
            },
            "2025-01": {
                "M": 1
            },
            "2025-02": {
                "M": 1
            },
            "2025-03": {
                "M": 1
            },
            "2025-04": {
                "M": 1
            }
        },
        "70": {
            "2018-05": {
                "M": 1
            },
            "2018-06": {
                "M": 1
            },
            "2018-07": {
                "M": 1
            },
            "2018-08": {
                "M": 1
            },
            "2018-09": {
                "M": 1
            },
            "2018-10": {
                "M": 1
            },
            "2022-08": {
                "M": 1
            },
            "2022-09": {
                "M": 1
            },
            "2022-10": {
                "M": 1
            },
            "2022-11": {
                "M": 1
            },
            "2022-12": {
                "M": 1
            },
            "2023-01": {
                "M": 1
            }
        },
        "71": {
            "2019-06": {
                "M": 1
            },
            "2019-07": {
                "M": 1
            },
            "2019-08": {
                "M": 1
            },
            "2019-09": {
                "M": 1
            },
            "2019-10": {
                "M": 1
            },
            "2019-11": {
                "M": 1
            },
            "2024-07": {
                "M": 1
            },
            "2024-08": {
                "M": 1
            },
            "2024-09": {
                "M": 1
            },
            "2024-10": {
                "M": 1
            },
            "2024-11": {
                "M": 1
            },
            "2024-12": {
                "M": 1
            }
        },
        "72": {
            "2018-01": {
                "M": 1
            },
            "2018-02": {
                "M": 1
            },
            "2022-08": {
                "M": 1
            },
            "2022-09": {
                "M": 1
            },
            "2022-10": {
                "M": 1
            },
            "2022-11": {
                "M": 1
            },
            "2022-12": {
                "M": 1
            },
            "2023-01": {
                "M": 1
            }
        },
        "73": {
            "2018-01": {
                "M": 1
            },
            "2018-02": {
                "M": 1
            },
            "2018-03": {
                "M": 1
            },
            "2018-04": {
                "M": 1
            },
            "2018-05": {
                "M": 1
            },
            "2018-06": {
                "M": 1
            },
            "2022-04": {
                "M": 1
            },
            "2022-05": {
                "M": 1
            },
            "2022-06": {
                "M": 1
            },
            "2022-07": {
                "M": 1
            },
            "2022-08": {
                "M": 1
            },
            "2022-09": {
                "M": 1
            }
        },
        "74": {
            "2021-03": {
                "M": 1
            },
            "2021-04": {
                "M": 1
            },
            "2021-05": {
                "M": 1
            },
            "2021-06": {
                "M": 1
            },
            "2021-07": {
                "M": 1
            },
            "2021-08": {
                "M": 1
            }
        },
        "8": {
            "2019-08": {
                "M": 1
            },
            "2019-09": {
                "M": 1
            },
            "2019-10": {
                "M": 1
            },
            "2019-11": {
                "M": 1
            },
            "2019-12": {
                "M": 1
            },
            "2020-01": {
                "M": 1
            },
            "2023-11": {
                "M": 1
            },
            "2023-12": {
                "M": 1
            },
            "2024-01": {
                "M": 1
            },
            "2024-02": {
                "M": 1
            },
            "2024-03": {
                "M": 1
            },
            "2024-04": {
                "M": 1
            }
        },
        "9": {
            "2020-12": {
                "M": 1
            },
            "2021-01": {
                "M": 1
            },
            "2021-02": {
                "M": 1
            },
            "2021-03": {
                "M": 1
            },
            "2021-04": {
                "M": 1
            },
            "2021-05": {
                "M": 1
            }
        }
    },
    "task": {
        "0": {
            "2019-11": "2",
            "2019-12": "2",
            "2020-01": "2",
            "2020-02": "2",
            "2020-03": "2",
            "2020-04": "2",
            "2020-05": "2",
            "2020-06": "2",
            "2021-09": "4",
            "2021-10": "4",
            "2021-11": "4",
            "2021-12": "4",
            "2022-01": "4",
            "2022-02": "4",
            "2022-03": "4",
            "2022-04": "4",
            "2022-05": "4",
            "2022-06": "4",
            "2022-07": "4"
        },
        "1": {
            "2018-12": "1",
            "2019-01": "1",
            "2019-02": "1",
            "2019-03": "1",
            "2019-04": "1"
        },
        "10": {
            "2018-12": "10",
            "2019-01": "10",
            "2019-02": "10",
            "2019-03": "10",
            "2019-04": "10",
            "2019-05": "10",
            "2019-06": "10",
            "2019-07": "10",
            "2019-08": "10",
            "2019-09": "10",
            "2019-10": "10",
            "2019-11": "10"
        },
        "11": {
            "2018-01": "9",
            "2018-02": "9",
            "2018-12": "10",
            "2019-01": "10",
            "2019-02": "10",
            "2019-03": "10",
            "2019-04": "10",
            "2019-05": "10",
            "2021-09": "13",
            "2021-10": "13",
            "2021-11": "13",
            "2021-12": "13",
            "2022-01": "13",
            "2022-02": "13",
            "2022-03": "13",
            "2022-04": "13",
            "2022-05": "13",
            "2023-10": "15",
            "2023-11": "15"
        },
        "12": {
            "2018-03": "18",
            "2018-04": "18",
            "2018-05": "18",
            "2018-06": "18",
            "2018-07": "18",
            "2018-08": "18",
            "2018-09": "18",
            "2018-10": "18",
            "2018-11": "18",
            "2018-12": "18",
            "2021-04": "23",
            "2021-05": "23",
            "2021-06": "23",
            "2021-07": "23",
            "2021-08": "23",
            "2021-09": "23",
            "2021-10": "23",
            "2021-11": "23",
            "2021-12": "23",
            "2022-01": "23",
            "2022-02": "23",
            "2023-08": "26",
            "2023-09": "26",
            "2023-10": "26",
            "2023-11": "26",
            "2023-12": "26",
            "2024-01": "26",
            "2024-02": "26",
            "2024-03": "26",
            "2024-04": "26",
            "2024-05": "26",
            "2024-06": "26"
        },
        "13": {
            "2019-09": "20",
            "2019-10": "20",
            "2019-11": "20",
            "2019-12": "20",
            "2020-01": "20",
            "2020-02": "20",
            "2021-04": "23",
            "2021-05": "23",
            "2021-06": "23",
            "2021-07": "23",
            "2021-08": "23",
            "2021-09": "23",
            "2021-10": "23",
            "2021-11": "23",
            "2021-12": "23",
            "2022-01": "23",
            "2022-02": "23",
            "2022-03": "24",
            "2022-04": "24",
            "2022-05": "24",
            "2023-03": "25",
            "2023-04": "25",
            "2023-05": "25",
            "2023-06": "25",
            "2023-07": "25",
            "2023-08": "26",
            "2023-09": "26",
            "2023-10": "26",
            "2023-11": "26",
            "2023-12": "26",
            "2024-01": "26",
            "2024-02": "26",
            "2024-03": "26",
            "2024-04": "26",
            "2024-05": "26",
            "2024-06": "26"
        },
        "14": {
            "2018-01": "18",
            "2018-02": "18",
            "2018-03": "18",
            "2018-04": "18",
            "2018-05": "18",
            "2018-06": "18",
            "2018-07": "18",
            "2018-08": "18",
            "2018-09": "18",
            "2018-10": "18",
            "2018-11": "18",
            "2018-12": "18",
            "2020-09": "22",
            "2020-10": "22",
            "2020-11": "22",
            "2020-12": "22",
            "2021-01": "22",
            "2021-02": "22",
            "2021-03": "22",
            "2022-03": "24",
            "2022-04": "24",
            "2022-05": "24",
            "2022-06": "24",
            "2022-07": "24",
            "2022-08": "24",
            "2022-09": "25",
            "2022-10": "25",
            "2022-11": "25",
            "2022-12": "25",
            "2023-01": "25",
            "2023-02": "25",
            "2024-07": "27",
            "2024-08": "27",
            "2024-09": "27",
            "2024-10": "27",
            "2024-11": "27",
            "2024-12": "27"
        },
        "15": {
            "2019-09": "20",
            "2019-10": "20",
            "2019-11": "20",
            "2019-12": "20",
            "2020-01": "20",
            "2020-02": "20",
            "2020-03": "21",
            "2020-04": "21",
            "2020-05": "21",
            "2020-06": "21",
            "2020-07": "21",
            "2020-08": "21",
            "2021-08": "23",
            "2021-09": "23",
            "2021-10": "23",
            "2024-07": "27",
            "2024-08": "27",
            "2024-09": "27",
            "2024-10": "27",
            "2024-11": "27",
            "2024-12": "27",
            "2025-01": "28",
            "2025-02": "28",
            "2025-03": "28",
            "2025-04": "28",
            "2025-05": "28",
            "2025-06": "28"
        },
        "16": {
            "2018-01": "18",
            "2018-02": "18",
            "2018-05": "18",
            "2018-06": "18",
            "2018-07": "18",
            "2018-08": "18",
            "2018-09": "18",
            "2018-10": "18",
            "2018-11": "18",
            "2018-12": "18",
            "2019-09": "20",
            "2019-10": "20",
            "2019-11": "20",
            "2019-12": "20",
            "2020-01": "20",
            "2020-02": "20",
            "2023-02": "25",
            "2023-03": "25",
            "2023-04": "25",
            "2023-05": "25",
            "2023-06": "25",
            "2023-07": "25",
            "2023-08": "26",
            "2023-09": "26",
            "2023-10": "26",
            "2023-11": "26",
            "2023-12": "26",
            "2024-01": "26",
            "2024-02": "26",
            "2024-03": "26",
            "2024-04": "26",
            "2024-05": "26",
            "2024-06": "26"
        },
        "17": {
            "2018-01": "18",
            "2018-02": "18",
            "2018-03": "18",
            "2018-04": "18",
            "2018-08": "18",
            "2018-09": "18",
            "2018-10": "18",
            "2018-11": "18",
            "2018-12": "18",
            "2021-04": "23",
            "2021-05": "23",
            "2021-06": "23",
            "2021-07": "23",
            "2021-08": "23",
            "2021-09": "23",
            "2021-10": "23",
            "2021-11": "23",
            "2021-12": "23",
            "2022-01": "23",
            "2022-02": "23",
            "2022-03": "24",
            "2022-04": "24",
            "2022-05": "24",
            "2022-06": "24",
            "2022-07": "24",
            "2022-08": "24",
            "2024-01": "26",
            "2024-02": "26",
            "2024-03": "26",
            "2024-04": "26",
            "2024-05": "26",
            "2024-06": "26",
            "2024-07": "27",
            "2024-08": "27",
            "2024-09": "27",
            "2024-10": "27",
            "2024-11": "27",
            "2024-12": "27"
        },
        "18": {
            "2019-09": "31",
            "2019-10": "31",
            "2019-11": "31",
            "2019-12": "31",
            "2020-01": "31",
            "2020-02": "31",
            "2020-03": "31",
            "2020-04": "32",
            "2020-05": "32",
            "2020-06": "32",
            "2020-07": "32",
            "2020-08": "32",
            "2020-09": "32",
            "2021-08": "34",
            "2021-09": "34",
            "2021-10": "34",
            "2021-11": "34",
            "2021-12": "34",
            "2022-01": "34",
            "2022-02": "34",
            "2022-03": "34",
            "2022-04": "34",
            "2022-05": "34",
            "2022-06": "34",
            "2022-07": "34"
        },
        "19": {
            "2019-01": "30",
            "2019-02": "30",
            "2019-03": "30",
            "2019-04": "30",
            "2019-05": "30",
            "2019-06": "30",
            "2019-07": "30",
            "2019-08": "30",
            "2025-02": "37",
            "2025-03": "37",
            "2025-04": "37",
            "2025-05": "38",
            "2025-06": "38"
        },
        "2": {
            "2020-11": "3",
            "2020-12": "3",
            "2021-01": "3",
            "2021-02": "3",
            "2021-03": "3",
            "2021-04": "3",
            "2022-08": "5",
            "2022-09": "5",
            "2022-10": "5",
            "2022-11": "5",
            "2022-12": "5",
            "2023-01": "5",
            "2023-02": "5",
            "2023-03": "5",
            "2023-04": "6",
            "2023-05": "6",
            "2023-06": "6",
            "2023-07": "6",
            "2023-08": "6",
            "2023-09": "6",
            "2023-10": "6"
        },
        "20": {
            "2023-07": "36",
            "2023-08": "36",
            "2023-09": "36",
            "2023-10": "36",
            "2023-11": "36",
            "2023-12": "36",
            "2024-01": "36",
            "2024-02": "36",
            "2024-03": "36",
            "2024-04": "36",
            "2024-05": "36",
            "2024-06": "36"
        },
        "21": {
            "2021-08": "34",
            "2021-09": "34",
            "2021-10": "34",
            "2021-11": "34",
            "2021-12": "34",
            "2022-01": "34",
            "2022-02": "34",
            "2022-03": "34",
            "2022-04": "34",
            "2022-05": "34",
            "2022-06": "34",
            "2022-07": "34",
            "2024-07": "37",
            "2024-08": "37",
            "2024-09": "37"
        },
        "22": {
            "2018-01": "29",
            "2018-02": "29",
            "2018-03": "29",
            "2018-04": "29",
            "2018-05": "29",
            "2018-06": "29",
            "2018-07": "29",
            "2018-08": "29",
            "2018-09": "29",
            "2018-10": "29",
            "2018-11": "29",
            "2018-12": "29",
            "2020-04": "32",
            "2020-05": "32",
            "2020-06": "32",
            "2020-07": "32",
            "2020-08": "32",
            "2020-09": "32",
            "2024-07": "37",
            "2024-08": "37",
            "2024-09": "37",
            "2024-10": "37",
            "2024-11": "37",
            "2024-12": "37",
            "2025-01": "37",
            "2025-02": "37",
            "2025-03": "37",
            "2025-04": "37"
        },
        "23": {
            "2023-07": "36",
            "2023-08": "36",
            "2023-09": "36",
            "2023-10": "36",
            "2023-11": "36",
            "2023-12": "36",
            "2024-01": "36",
            "2024-02": "36",
            "2024-03": "36",
            "2024-04": "36",
            "2024-05": "36",
            "2024-06": "36"
        },
        "24": {
            "2018-01": "39",
            "2018-02": "39",
            "2018-03": "39",
            "2018-04": "39",
            "2018-05": "39",
            "2018-07": "39",
            "2018-08": "39",
            "2018-09": "39",
            "2018-10": "39",
            "2018-11": "39",
            "2018-12": "39",
            "2023-02": "44",
            "2023-03": "44",
            "2023-04": "44",
            "2023-05": "44",
            "2023-06": "45",
            "2023-07": "45",
            "2023-08": "45",
            "2023-09": "45",
            "2023-10": "45",
            "2023-11": "45",
            "2023-12": "45",
            "2024-01": "45",
            "2024-02": "45"
        },
        "25": {
            "2018-05": "39",
            "2018-06": "39",
            "2018-07": "39",
            "2018-08": "39",
            "2018-09": "39",
            "2018-10": "39",
            "2018-11": "39",
            "2018-12": "39",
            "2022-07": "44",
            "2022-08": "44",
            "2022-09": "44",
            "2022-10": "44",
            "2022-11": "44",
            "2022-12": "44",
            "2023-01": "44",
            "2023-02": "44",
            "2023-03": "44",
            "2023-04": "44",
            "2023-05": "44",
            "2025-05": "47",
            "2025-06": "47"
        },
        "26": {
            "2019-12": "41",
            "2020-01": "41",
            "2020-02": "41",
            "2020-03": "41",
            "2020-04": "41",
            "2020-05": "41",
            "2020-06": "41",
            "2020-07": "41",
            "2020-08": "41",
            "2022-07": "44",
            "2022-08": "44",
            "2022-09": "44",
            "2022-10": "44",
            "2022-11": "44",
            "2022-12": "44",
            "2023-01": "44",
            "2023-09": "45",
            "2023-10": "45",
            "2023-11": "45",
            "2023-12": "45",
            "2024-01": "45",
            "2024-02": "45",
            "2024-03": "45",
            "2024-04": "45",
            "2024-05": "45",
            "2024-06": "46",
            "2024-07": "46",
            "2024-08": "46"
        },
        "27": {
            "2022-07": "44",
            "2022-08": "44",
            "2022-09": "44",
            "2022-10": "44",
            "2022-11": "44",
            "2022-12": "44",
            "2023-01": "44",
            "2023-02": "44",
            "2023-03": "44",
            "2023-04": "44",
            "2023-05": "44",
            "2023-06": "45",
            "2023-07": "45",
            "2023-08": "45",
            "2025-02": "46",
            "2025-03": "46",
            "2025-04": "46",
            "2025-05": "47",
            "2025-06": "47"
        },
        "28": {
            "2018-01": "39",
            "2018-02": "39",
            "2018-03": "39",
            "2018-04": "39",
            "2018-05": "39",
            "2018-06": "39",
            "2018-07": "39",
            "2018-08": "39",
            "2018-09": "39",
            "2018-10": "39",
            "2018-11": "39",
            "2018-12": "39",
            "2023-06": "45",
            "2023-07": "45",
            "2023-08": "45",
            "2023-09": "45",
            "2023-10": "45",
            "2023-11": "45",
            "2023-12": "45",
            "2024-01": "45",
            "2024-02": "45",
            "2024-03": "45",
            "2024-04": "45",
            "2024-05": "45"
        },
        "29": {
            "2018-01": "39",
            "2018-02": "39",
            "2018-03": "39",
            "2018-04": "39",
            "2019-03": "40",
            "2019-04": "40",
            "2019-05": "40",
            "2022-07": "44",
            "2022-08": "44",
            "2022-09": "44",
            "2022-10": "44",
            "2022-11": "44",
            "2022-12": "44",
            "2023-01": "44",
            "2023-02": "44",
            "2023-03": "44",
            "2023-04": "44",
            "2023-05": "44",
            "2024-03": "45",
            "2024-04": "45",
            "2024-05": "45",
            "2025-05": "47",
            "2025-06": "47"
        },
        "3": {
            "2018-11": "1",
            "2018-12": "1",
            "2019-01": "1",
            "2019-02": "1",
            "2019-03": "1",
            "2019-04": "1",
            "2019-05": "1",
            "2020-07": "2",
            "2020-08": "2",
            "2020-09": "2",
            "2020-10": "2",
            "2021-03": "3",
            "2021-04": "3",
            "2021-05": "3",
            "2021-06": "3",
            "2021-07": "3",
            "2021-08": "3",
            "2022-08": "5",
            "2022-09": "5",
            "2022-10": "5",
            "2022-11": "5",
            "2022-12": "5",
            "2023-01": "5",
            "2023-02": "5",
            "2023-03": "5"
        },
        "30": {
            "2020-09": "42",
            "2020-10": "42",
            "2020-11": "42",
            "2020-12": "42",
            "2021-01": "42",
            "2021-02": "42",
            "2021-03": "42",
            "2021-04": "42",
            "2021-05": "42",
            "2021-06": "42",
            "2021-07": "42",
            "2022-07": "44",
            "2022-08": "44",
            "2022-09": "44",
            "2022-10": "44",
            "2022-11": "44",
            "2022-12": "44",
            "2023-01": "44",
            "2023-02": "44",
            "2023-03": "44",
            "2023-04": "44",
            "2023-05": "44",
            "2023-12": "45",
            "2024-01": "45",
            "2024-02": "45",
            "2024-03": "45",
            "2024-04": "45",
            "2024-05": "45",
            "2025-05": "47",
            "2025-06": "47"
        },
        "31": {
            "2019-01": "30",
            "2019-02": "30",
            "2019-03": "30",
            "2019-04": "30",
            "2019-05": "30",
            "2019-06": "30",
            "2019-07": "30",
            "2019-08": "30",
            "2019-09": "31",
            "2019-10": "31",
            "2019-11": "31",
            "2019-12": "31",
            "2020-01": "31",
            "2020-02": "31",
            "2020-03": "31",
            "2024-01": "36",
            "2024-02": "36",
            "2024-03": "36",
            "2024-04": "36",
            "2024-05": "36",
            "2024-06": "36",
            "2024-10": "37",
            "2024-11": "37",
            "2024-12": "37",
            "2025-01": "37"
        },
        "32": {
            "2020-09": "12",
            "2020-10": "12",
            "2020-11": "12",
            "2020-12": "12",
            "2021-01": "12",
            "2021-02": "12",
            "2021-03": "12",
            "2021-04": "12",
            "2021-05": "12",
            "2021-06": "12",
            "2021-07": "12",
            "2021-08": "12"
        },
        "33": {
            "2019-09": "31",
            "2019-10": "31",
            "2019-11": "31",
            "2019-12": "31",
            "2020-01": "31",
            "2020-02": "31",
            "2020-03": "31",
            "2021-08": "34",
            "2021-09": "34",
            "2021-10": "34",
            "2021-11": "34",
            "2021-12": "34",
            "2022-01": "34",
            "2022-02": "34",
            "2022-03": "34",
            "2022-04": "34",
            "2022-05": "34",
            "2022-06": "34",
            "2022-07": "34",
            "2023-07": "36",
            "2023-08": "36",
            "2023-09": "36",
            "2023-10": "36",
            "2023-11": "36",
            "2023-12": "36"
        },
        "34": {
            "2020-09": "22",
            "2020-10": "22",
            "2020-11": "22",
            "2020-12": "22",
            "2021-01": "22",
            "2021-02": "22",
            "2021-03": "22",
            "2021-04": "23",
            "2021-05": "23",
            "2021-06": "23",
            "2021-07": "23",
            "2021-10": "23",
            "2021-11": "23",
            "2021-12": "23",
            "2022-01": "23",
            "2022-02": "23",
            "2022-09": "25",
            "2022-10": "25",
            "2022-11": "25",
            "2022-12": "25",
            "2023-01": "25",
            "2024-01": "26",
            "2024-02": "26",
            "2024-03": "26",
            "2024-04": "26",
            "2024-05": "26",
            "2024-06": "26",
            "2024-07": "27",
            "2024-08": "27",
            "2024-09": "27",
            "2024-10": "27",
            "2024-11": "27",
            "2024-12": "27"
        },
        "35": {
            "2019-12": "11",
            "2020-01": "11",
            "2020-02": "11",
            "2020-03": "11",
            "2020-04": "11",
            "2020-05": "11",
            "2023-05": "15",
            "2023-06": "15",
            "2023-07": "15",
            "2023-08": "15",
            "2023-09": "15",
            "2023-10": "15",
            "2023-11": "15",
            "2023-12": "16",
            "2024-01": "16",
            "2024-02": "16",
            "2024-03": "16",
            "2024-04": "16",
            "2024-05": "16",
            "2024-06": "16",
            "2024-07": "16",
            "2024-08": "16",
            "2024-09": "16",
            "2024-10": "16"
        },
        "36": {
            "2021-09": "13",
            "2021-10": "13",
            "2021-11": "13",
            "2021-12": "13",
            "2022-01": "13",
            "2022-02": "13",
            "2022-03": "13",
            "2022-04": "13",
            "2022-05": "13",
            "2023-12": "16",
            "2024-01": "16"
        },
        "37": {
            "2018-10": "18",
            "2018-11": "18",
            "2018-12": "18",
            "2019-01": "19",
            "2019-02": "19",
            "2019-03": "19",
            "2019-04": "19",
            "2019-05": "19",
            "2019-06": "19",
            "2019-07": "19",
            "2019-08": "19",
            "2021-11": "23",
            "2021-12": "23",
            "2022-01": "23",
            "2022-02": "23",
            "2022-06": "24",
            "2022-07": "24",
            "2022-08": "24",
            "2022-09": "25",
            "2022-10": "25",
            "2022-11": "25",
            "2022-12": "25",
            "2023-01": "25",
            "2023-02": "25",
            "2023-03": "25",
            "2023-04": "25",
            "2023-05": "25",
            "2023-06": "25",
            "2023-07": "25",
            "2024-07": "27",
            "2024-08": "27",
            "2024-09": "27",
            "2024-10": "27",
            "2024-11": "27",
            "2024-12": "27"
        },
        "38": {
            "2018-01": "18",
            "2018-02": "18",
            "2018-03": "18",
            "2018-04": "18",
            "2018-05": "18",
            "2018-06": "18",
            "2018-07": "18",
            "2019-01": "19",
            "2019-02": "19",
            "2019-07": "19",
            "2019-08": "19",
            "2019-09": "20",
            "2019-10": "20",
            "2019-11": "20",
            "2019-12": "20",
            "2020-01": "20",
            "2020-02": "20",
            "2021-07": "23",
            "2021-08": "23",
            "2021-09": "23",
            "2023-08": "26",
            "2023-09": "26",
            "2023-10": "26",
            "2023-11": "26",
            "2023-12": "26",
            "2024-01": "26",
            "2024-02": "26",
            "2024-03": "26",
            "2024-04": "26",
            "2024-05": "26",
            "2024-06": "26"
        },
        "39": {
            "2019-01": "19",
            "2019-02": "19",
            "2019-03": "19",
            "2019-04": "19",
            "2019-05": "19",
            "2019-06": "19",
            "2022-09": "25",
            "2022-10": "25",
            "2022-11": "25",
            "2022-12": "25",
            "2023-01": "25",
            "2023-02": "25",
            "2023-03": "25",
            "2023-04": "25",
            "2023-05": "25",
            "2023-06": "25",
            "2023-07": "25",
            "2023-08": "26",
            "2023-09": "26",
            "2023-10": "26",
            "2023-11": "26",
            "2023-12": "26",
            "2024-01": "26"
        },
        "4": {
            "2019-06": "1",
            "2019-07": "1",
            "2019-08": "1",
            "2019-09": "1",
            "2019-10": "1",
            "2021-09": "4",
            "2021-10": "4",
            "2021-11": "4",
            "2021-12": "4",
            "2022-01": "4",
            "2022-02": "4",
            "2022-11": "5",
            "2022-12": "5",
            "2023-01": "5",
            "2023-02": "5",
            "2023-03": "5"
        },
        "40": {
            "2018-12": "1",
            "2019-01": "1",
            "2019-02": "1",
            "2019-03": "1",
            "2019-04": "1",
            "2019-05": "1",
            "2019-06": "1",
            "2019-07": "1",
            "2019-08": "1",
            "2019-09": "1",
            "2019-10": "1",
            "2023-04": "6",
            "2023-05": "6",
            "2023-06": "6",
            "2023-07": "6",
            "2023-08": "6",
            "2023-09": "6",
            "2023-10": "6",
            "2023-11": "7",
            "2023-12": "7",
            "2024-01": "7",
            "2024-02": "7",
            "2024-03": "7",
            "2024-04": "7",
            "2024-05": "7"
        },
        "41": {
            "2018-12": "10",
            "2019-01": "10",
            "2019-02": "10",
            "2019-03": "10",
            "2019-04": "10",
            "2019-05": "10",
            "2021-09": "13",
            "2021-10": "13",
            "2021-11": "13",
            "2021-12": "13",
            "2022-01": "13",
            "2022-02": "13",
            "2022-03": "13",
            "2022-04": "13",
            "2022-05": "13",
            "2023-10": "15",
            "2023-11": "15"
        },
        "42": {
            "2022-08": "5",
            "2022-09": "5",
            "2022-10": "5",
            "2022-11": "5",
            "2024-09": "8",
            "2024-10": "8",
            "2024-11": "8",
            "2024-12": "8",
            "2025-01": "8",
            "2025-02": "8",
            "2025-03": "8",
            "2025-04": "8",
            "2025-05": "8",
            "2025-06": "8"
        },
        "43": {
            "2021-09": "4",
            "2021-10": "4",
            "2021-11": "4",
            "2021-12": "4",
            "2022-01": "4",
            "2022-02": "4",
            "2022-03": "4",
            "2022-04": "4",
            "2022-05": "4",
            "2022-06": "4",
            "2022-07": "4",
            "2024-03": "7",
            "2024-04": "7",
            "2024-05": "7",
            "2024-06": "7",
            "2024-07": "7",
            "2024-08": "7"
        },
        "44": {
            "2020-04": "32",
            "2020-05": "32",
            "2020-06": "32",
            "2020-07": "32",
            "2020-08": "32",
            "2020-09": "32",
            "2020-12": "33",
            "2021-01": "33",
            "2021-02": "33",
            "2021-03": "33",
            "2021-04": "33",
            "2021-05": "33",
            "2021-06": "33",
            "2021-07": "33",
            "2022-09": "35",
            "2022-10": "35",
            "2022-11": "35",
            "2022-12": "35",
            "2023-01": "35",
            "2023-02": "35",
            "2023-03": "35",
            "2023-04": "35",
            "2023-05": "35",
            "2023-06": "35",
            "2025-06": "38"
        },
        "45": {
            "2018-01": "0",
            "2018-02": "0",
            "2018-03": "0",
            "2018-04": "0",
            "2018-05": "0",
            "2018-06": "0",
            "2020-11": "3",
            "2020-12": "3",
            "2021-01": "3",
            "2021-02": "3",
            "2021-03": "3",
            "2021-04": "3",
            "2021-05": "3",
            "2021-06": "3",
            "2021-07": "3",
            "2021-08": "3",
            "2023-04": "6",
            "2023-05": "6",
            "2023-06": "6",
            "2023-07": "6",
            "2023-08": "6",
            "2023-09": "6",
            "2023-10": "6"
        },
        "46": {
            "2021-09": "4",
            "2021-10": "4",
            "2021-11": "4",
            "2021-12": "4",
            "2022-01": "4",
            "2022-02": "4",
            "2022-03": "4",
            "2022-04": "4",
            "2022-05": "4",
            "2022-06": "4",
            "2022-07": "4",
            "2025-04": "8",
            "2025-05": "8",
            "2025-06": "8"
        },
        "47": {
            "2022-08": "35",
            "2022-09": "35",
            "2022-10": "35",
            "2022-11": "35",
            "2022-12": "35",
            "2023-01": "35",
            "2023-02": "35",
            "2023-03": "35",
            "2023-04": "35",
            "2023-05": "35",
            "2023-06": "35"
        },
        "48": {
            "2019-06": "10",
            "2019-07": "10",
            "2019-08": "10",
            "2019-09": "10",
            "2019-10": "10",
            "2019-11": "10",
            "2021-01": "12",
            "2021-02": "12",
            "2021-03": "12",
            "2021-04": "12",
            "2021-05": "12",
            "2021-06": "12",
            "2021-07": "12",
            "2021-08": "12",
            "2024-05": "16",
            "2024-06": "16",
            "2024-07": "16",
            "2024-08": "16",
            "2024-09": "16",
            "2024-10": "16"
        },
        "49": {
            "2020-11": "3",
            "2020-12": "3",
            "2021-01": "3",
            "2021-02": "3",
            "2021-03": "3",
            "2021-04": "3",
            "2021-05": "3",
            "2021-06": "3",
            "2021-07": "3",
            "2021-08": "3",
            "2022-11": "5",
            "2022-12": "5",
            "2023-01": "5",
            "2023-02": "5",
            "2023-03": "5"
        },
        "5": {
            "2020-11": "3",
            "2020-12": "3",
            "2021-01": "3",
            "2021-02": "3",
            "2021-03": "3",
            "2021-04": "3",
            "2021-05": "3",
            "2021-06": "3",
            "2021-07": "3",
            "2021-08": "3",
            "2023-04": "6",
            "2023-05": "6",
            "2023-06": "6",
            "2023-07": "6",
            "2023-08": "6",
            "2023-09": "6",
            "2023-10": "6",
            "2024-09": "8",
            "2024-10": "8",
            "2024-11": "8",
            "2024-12": "8",
            "2025-01": "8",
            "2025-02": "8",
            "2025-03": "8",
            "2025-04": "8",
            "2025-05": "8"
        },
        "50": {
            "2020-10": "33",
            "2020-11": "33",
            "2021-04": "33",
            "2021-05": "33",
            "2021-06": "33",
            "2021-07": "33",
            "2022-08": "35",
            "2022-09": "35",
            "2022-10": "35",
            "2022-11": "35",
            "2022-12": "35",
            "2023-01": "35",
            "2024-01": "36",
            "2024-02": "36",
            "2024-03": "36",
            "2024-04": "36",
            "2024-05": "36",
            "2024-06": "36",
            "2025-06": "38"
        },
        "51": {
            "2018-01": "18",
            "2018-02": "18",
            "2018-03": "18",
            "2018-04": "18",
            "2018-05": "18",
            "2018-06": "18",
            "2018-07": "18",
            "2020-09": "22",
            "2020-10": "22",
            "2020-11": "22",
            "2020-12": "22",
            "2021-01": "22",
            "2021-02": "22",
            "2021-03": "22",
            "2021-04": "23",
            "2021-05": "23",
            "2021-06": "23",
            "2022-09": "25",
            "2022-10": "25",
            "2022-11": "25",
            "2022-12": "25",
            "2023-01": "25",
            "2023-02": "25",
            "2023-03": "25",
            "2023-04": "25",
            "2023-05": "25",
            "2023-06": "25",
            "2023-07": "25",
            "2024-07": "27",
            "2024-08": "27",
            "2024-09": "27",
            "2024-10": "27",
            "2024-11": "27",
            "2024-12": "27"
        },
        "52": {
            "2018-05": "0",
            "2018-06": "0",
            "2018-07": "0",
            "2018-08": "0",
            "2018-09": "0",
            "2018-10": "0",
            "2019-11": "2",
            "2019-12": "2",
            "2020-01": "2",
            "2020-02": "2",
            "2020-03": "2",
            "2020-04": "2",
            "2020-05": "2",
            "2020-06": "2",
            "2020-07": "2",
            "2020-08": "2",
            "2020-09": "2",
            "2020-10": "2",
            "2022-08": "5",
            "2022-09": "5",
            "2022-10": "5",
            "2022-11": "5",
            "2022-12": "5",
            "2023-01": "5",
            "2023-02": "5",
            "2023-03": "5",
            "2023-04": "6",
            "2023-05": "6",
            "2023-06": "6",
            "2023-07": "6",
            "2023-08": "6",
            "2023-09": "6",
            "2023-10": "6"
        },
        "53": {
            "2020-11": "3",
            "2020-12": "3",
            "2021-01": "3",
            "2021-02": "3",
            "2021-03": "3",
            "2021-04": "3",
            "2021-05": "3",
            "2021-06": "3",
            "2021-07": "3",
            "2021-08": "3",
            "2022-08": "5",
            "2022-09": "5",
            "2022-10": "5",
            "2022-12": "5",
            "2023-01": "5",
            "2023-02": "5",
            "2023-03": "5"
        },
        "54": {
            "2018-06": "39",
            "2018-07": "39",
            "2018-08": "39",
            "2018-09": "39",
            "2018-10": "39",
            "2018-11": "39",
            "2018-12": "39",
            "2021-08": "43",
            "2021-09": "43",
            "2021-10": "43",
            "2021-11": "43",
            "2021-12": "43",
            "2022-01": "43",
            "2022-02": "43",
            "2022-03": "43",
            "2022-04": "43",
            "2022-05": "43",
            "2022-06": "43",
            "2023-06": "45",
            "2023-07": "45",
            "2023-08": "45",
            "2023-09": "45",
            "2023-10": "45",
            "2023-11": "45",
            "2023-12": "45",
            "2024-01": "45",
            "2024-02": "45",
            "2024-03": "45",
            "2024-04": "45",
            "2024-05": "45"
        },
        "55": {
            "2018-03": "9",
            "2018-04": "9",
            "2018-05": "9",
            "2018-06": "9",
            "2018-07": "9",
            "2018-08": "9",
            "2018-09": "9",
            "2018-10": "9",
            "2018-11": "9",
            "2019-06": "10",
            "2019-07": "10",
            "2019-08": "10",
            "2019-09": "10",
            "2019-10": "10",
            "2019-11": "10",
            "2023-05": "15",
            "2023-06": "15",
            "2023-07": "15",
            "2023-08": "15",
            "2023-09": "15",
            "2023-10": "15",
            "2023-11": "15",
            "2023-12": "16",
            "2024-01": "16",
            "2024-02": "16",
            "2024-03": "16",
            "2024-04": "16",
            "2024-05": "16",
            "2024-06": "16",
            "2024-07": "16",
            "2024-08": "16",
            "2024-09": "16",
            "2024-10": "16",
            "2025-02": "17",
            "2025-03": "17",
            "2025-04": "17",
            "2025-05": "17",
            "2025-06": "17"
        },
        "56": {
            "2019-08": "40",
            "2019-09": "40",
            "2019-10": "40",
            "2019-11": "40",
            "2021-08": "43",
            "2021-09": "43",
            "2021-10": "43",
            "2021-11": "43",
            "2021-12": "43",
            "2022-01": "43",
            "2022-02": "43",
            "2022-03": "43",
            "2022-04": "43",
            "2022-05": "43",
            "2022-06": "43",
            "2023-06": "45",
            "2023-07": "45",
            "2023-08": "45",
            "2023-09": "45",
            "2023-10": "45",
            "2023-11": "45",
            "2023-12": "45",
            "2024-01": "45",
            "2024-12": "46",
            "2025-01": "46",
            "2025-02": "46",
            "2025-05": "47",
            "2025-06": "47"
        },
        "57": {
            "2018-01": "29",
            "2018-02": "29",
            "2018-03": "29",
            "2018-04": "29",
            "2018-05": "29",
            "2018-06": "29",
            "2018-07": "29",
            "2018-08": "29",
            "2018-09": "29",
            "2018-10": "29",
            "2018-11": "29",
            "2018-12": "29",
            "2022-08": "35",
            "2022-09": "35",
            "2022-10": "35",
            "2022-11": "35",
            "2022-12": "35",
            "2023-01": "35",
            "2023-02": "35",
            "2023-03": "35",
            "2023-04": "35",
            "2023-05": "35",
            "2023-06": "35",
            "2024-07": "37",
            "2024-08": "37",
            "2024-09": "37",
            "2024-10": "37",
            "2024-11": "37"
        },
        "58": {
            "2018-06": "9",
            "2018-07": "9",
            "2018-08": "9",
            "2018-09": "9",
            "2018-10": "9",
            "2018-11": "9",
            "2019-06": "10",
            "2019-07": "10",
            "2019-08": "10",
            "2019-09": "10",
            "2019-10": "10",
            "2019-11": "10"
        },
        "59": {
            "2018-01": "39",
            "2018-02": "39",
            "2018-03": "39",
            "2018-04": "39",
            "2018-05": "39",
            "2018-06": "39",
            "2019-12": "41",
            "2020-01": "41",
            "2020-02": "41",
            "2020-03": "41",
            "2020-04": "41",
            "2020-05": "41",
            "2020-06": "41",
            "2020-07": "41",
            "2020-08": "41",
            "2023-06": "45",
            "2023-07": "45",
            "2023-08": "45",
            "2023-09": "45",
            "2023-10": "45",
            "2023-11": "45",
            "2024-02": "45",
            "2024-03": "45",
            "2024-04": "45",
            "2024-05": "45",
            "2024-09": "46",
            "2024-10": "46",
            "2024-11": "46"
        },
        "6": {
            "2018-12": "10",
            "2019-01": "10",
            "2019-02": "10",
            "2019-03": "10",
            "2019-04": "10",
            "2019-05": "10",
            "2020-09": "12",
            "2020-10": "12",
            "2020-11": "12",
            "2020-12": "12"
        },
        "60": {
            "2021-09": "4",
            "2021-10": "4",
            "2021-11": "4",
            "2021-12": "4",
            "2022-01": "4",
            "2022-02": "4",
            "2022-03": "4",
            "2022-04": "4",
            "2022-05": "4",
            "2022-06": "4",
            "2022-07": "4"
        },
        "61": {
            "2018-01": "0",
            "2020-11": "3",
            "2020-12": "3",
            "2021-01": "3",
            "2021-02": "3",
            "2021-03": "3",
            "2021-04": "3",
            "2021-05": "3",
            "2021-06": "3",
            "2021-07": "3",
            "2021-08": "3",
            "2022-08": "5",
            "2022-09": "5",
            "2022-10": "5",
            "2024-09": "8",
            "2024-10": "8",
            "2024-11": "8",
            "2024-12": "8",
            "2025-01": "8",
            "2025-02": "8",
            "2025-03": "8",
            "2025-06": "8"
        },
        "62": {
            "2018-08": "18",
            "2018-09": "18",
            "2019-03": "19",
            "2019-04": "19",
            "2019-05": "19",
            "2019-06": "19",
            "2019-07": "19",
            "2019-08": "19",
            "2019-09": "20",
            "2019-10": "20",
            "2019-11": "20",
            "2019-12": "20",
            "2020-01": "20",
            "2020-02": "20",
            "2022-09": "25",
            "2022-10": "25",
            "2022-11": "25",
            "2022-12": "25",
            "2023-01": "25",
            "2023-02": "25",
            "2023-03": "25",
            "2023-04": "25",
            "2023-05": "25",
            "2023-06": "25",
            "2023-07": "25",
            "2023-08": "26",
            "2023-09": "26",
            "2023-10": "26",
            "2023-11": "26",
            "2023-12": "26",
            "2024-01": "26"
        },
        "63": {
            "2019-09": "31",
            "2019-10": "31",
            "2019-11": "31",
            "2019-12": "31",
            "2020-01": "31",
            "2020-02": "31",
            "2020-03": "31",
            "2023-07": "36",
            "2023-08": "36",
            "2023-09": "36",
            "2023-10": "36",
            "2023-11": "36",
            "2023-12": "36",
            "2024-01": "36",
            "2024-02": "36",
            "2024-03": "36",
            "2024-04": "36",
            "2024-05": "36",
            "2024-06": "36"
        },
        "64": {
            "2018-01": "39",
            "2018-02": "39",
            "2019-04": "40",
            "2019-05": "40",
            "2019-06": "40",
            "2019-07": "40",
            "2019-08": "40",
            "2019-09": "40",
            "2019-10": "40",
            "2019-11": "40",
            "2025-05": "47",
            "2025-06": "47"
        },
        "65": {
            "2019-09": "31",
            "2019-10": "31",
            "2019-11": "31",
            "2019-12": "31",
            "2020-01": "31",
            "2020-02": "31",
            "2020-03": "31",
            "2024-07": "37",
            "2024-08": "37",
            "2024-09": "37",
            "2024-10": "37",
            "2024-11": "37",
            "2024-12": "37",
            "2025-01": "37",
            "2025-02": "37",
            "2025-03": "37",
            "2025-04": "37",
            "2025-05": "38",
            "2025-06": "38"
        },
        "66": {
            "2020-10": "33",
            "2020-11": "33",
            "2020-12": "33",
            "2021-01": "33",
            "2021-02": "33",
            "2021-03": "33",
            "2021-04": "33",
            "2022-08": "35",
            "2022-09": "35",
            "2022-10": "35",
            "2022-11": "35",
            "2022-12": "35",
            "2023-01": "35"
        },
        "67": {
            "2018-01": "9",
            "2018-02": "9",
            "2018-03": "9",
            "2018-04": "9",
            "2018-05": "9",
            "2019-06": "10",
            "2019-07": "10",
            "2019-08": "10",
            "2019-09": "10",
            "2019-10": "10",
            "2019-11": "10",
            "2024-02": "16",
            "2024-03": "16",
            "2024-04": "16",
            "2024-05": "16",
            "2024-06": "16",
            "2024-07": "16",
            "2024-08": "16",
            "2024-09": "16",
            "2024-10": "16",
            "2024-11": "17",
            "2024-12": "17",
            "2025-01": "17"
        },
        "68": {
            "2019-09": "31",
            "2019-10": "31",
            "2019-11": "31",
            "2019-12": "31",
            "2020-01": "31",
            "2020-02": "31",
            "2020-03": "31",
            "2023-07": "36",
            "2023-08": "36",
            "2023-09": "36",
            "2023-10": "36",
            "2023-11": "36",
            "2023-12": "36"
        },
        "69": {
            "2019-06": "10",
            "2019-07": "10",
            "2019-08": "10",
            "2019-09": "10",
            "2019-10": "10",
            "2019-11": "10",
            "2023-12": "16",
            "2024-01": "16",
            "2024-02": "16",
            "2024-03": "16",
            "2024-04": "16",
            "2024-11": "17",
            "2024-12": "17",
            "2025-01": "17",
            "2025-02": "17",
            "2025-03": "17",
            "2025-04": "17",
            "2025-05": "17",
            "2025-06": "17"
        },
        "7": {
            "2018-12": "10",
            "2019-01": "10",
            "2019-02": "10",
            "2019-03": "10",
            "2019-04": "10",
            "2019-05": "10",
            "2022-06": "14",
            "2022-07": "14",
            "2022-08": "14",
            "2022-09": "14",
            "2022-10": "14",
            "2022-11": "14",
            "2022-12": "14",
            "2023-01": "14",
            "2023-02": "14",
            "2023-03": "14",
            "2023-04": "14",
            "2024-06": "16",
            "2024-07": "16",
            "2024-08": "16",
            "2024-09": "16",
            "2024-10": "16"
        },
        "70": {
            "2021-09": "4",
            "2021-10": "4",
            "2021-11": "4",
            "2021-12": "4",
            "2022-01": "4",
            "2022-02": "4",
            "2022-03": "4",
            "2022-04": "4",
            "2022-05": "4",
            "2022-06": "4",
            "2022-07": "4",
            "2023-04": "6",
            "2023-05": "6",
            "2023-06": "6",
            "2023-07": "6",
            "2023-08": "6",
            "2023-09": "6",
            "2023-10": "6"
        },
        "71": {
            "2018-01": "9",
            "2018-02": "9",
            "2018-03": "9",
            "2018-04": "9",
            "2018-05": "9",
            "2018-06": "9",
            "2018-07": "9",
            "2018-08": "9",
            "2018-09": "9",
            "2018-10": "9",
            "2018-11": "9",
            "2021-09": "13",
            "2021-10": "13",
            "2021-11": "13",
            "2021-12": "13",
            "2022-01": "13",
            "2022-02": "13",
            "2022-03": "13",
            "2022-04": "13",
            "2022-05": "13",
            "2023-12": "16",
            "2024-01": "16",
            "2024-02": "16",
            "2024-03": "16",
            "2024-04": "16",
            "2024-05": "16"
        },
        "72": {
            "2019-05": "1",
            "2019-06": "1",
            "2019-07": "1",
            "2019-08": "1",
            "2019-09": "1",
            "2019-10": "1",
            "2022-02": "4",
            "2022-03": "4",
            "2022-04": "4",
            "2022-05": "4",
            "2022-06": "4",
            "2022-07": "4",
            "2024-09": "8",
            "2024-10": "8",
            "2024-11": "8",
            "2024-12": "8",
            "2025-01": "8",
            "2025-02": "8",
            "2025-03": "8",
            "2025-04": "8",
            "2025-05": "8",
            "2025-06": "8"
        },
        "73": {
            "2020-04": "32",
            "2020-05": "32",
            "2020-06": "32",
            "2020-07": "32",
            "2020-08": "32",
            "2020-09": "32",
            "2020-10": "33",
            "2020-11": "33",
            "2020-12": "33",
            "2021-01": "33",
            "2021-02": "33",
            "2021-03": "33",
            "2021-05": "33",
            "2021-06": "33",
            "2021-07": "33",
            "2024-12": "37",
            "2025-01": "37",
            "2025-02": "37",
            "2025-03": "37",
            "2025-04": "37",
            "2025-05": "38",
            "2025-06": "38"
        },
        "74": {
            "2018-01": "29",
            "2023-01": "35",
            "2023-02": "35",
            "2023-03": "35",
            "2023-04": "35",
            "2023-05": "35",
            "2023-06": "35",
            "2024-07": "37",
            "2024-08": "37",
            "2024-09": "37",
            "2024-10": "37",
            "2024-11": "37",
            "2024-12": "37",
            "2025-01": "37",
            "2025-02": "37",
            "2025-03": "37",
            "2025-04": "37"
        },
        "8": {
            "2018-01": "9",
            "2018-02": "9",
            "2018-03": "9",
            "2018-04": "9",
            "2018-05": "9",
            "2018-06": "9",
            "2018-07": "9",
            "2018-08": "9",
            "2018-09": "9",
            "2018-10": "9",
            "2018-11": "9",
            "2020-03": "11",
            "2020-04": "11",
            "2020-05": "11",
            "2020-06": "11",
            "2020-07": "11",
            "2020-08": "11"
        },
        "9": {
            "2018-12": "10",
            "2019-01": "10",
            "2019-02": "10",
            "2019-03": "10",
            "2019-04": "10",
            "2019-05": "10"
        }
    }
}