{
    "hours": {
        "2": {
            "2019-05": -33.0,
            "2019-06": -270.0,
            "2019-07": -507.0
        },
        "4": {
            "2025-06": -37.0
        },
        "8": {
            "2024-02": -17.0
        }
    },
    "resources": {
        "1": {
            "2018-11": 2
        },
        "40": {
            "2019-01": 3,
            "2019-02": 3,
            "2019-03": 2,
            "2019-04": 1,
            "2019-05": 1,
            "2019-06": 2,
            "2019-07": 2,
            "2019-08": 1,
            "2019-09": 1,
            "2019-10": 1,
            "2019-11": 1
        }
    }
}