{
    "state_m": {
        "1": {
            "2018-01": {
                "M": 1
            },
            "2018-02": {
                "M": 1
            },
            "2018-03": {
                "M": 1
            }
        },
        "19": {
            "2018-01": {
                "M": 1
            },
            "2018-02": {
                "M": 1
            },
            "2018-03": {
                "M": 1
            },
            "2018-04": {
                "M": 1
            }
        },
        "2": {
            "2018-01": {
                "M": 1
            },
            "2018-02": {
                "M": 1
            },
            "2018-03": {
                "M": 1
            },
            "2018-04": {
                "M": 1
            }
        },
        "28": {
            "2018-01": {
                "M": 1
            },
            "2018-02": {
                "M": 1
            },
            "2018-03": {
                "M": 1
            },
            "2018-04": {
                "M": 1
            }
        }
    },
    "task": {
        "11": {
            "2018-01": "10"
        },
        "35": {
            "2018-01": "10"
        },
        "7": {
            "2018-01": "10"
        }
    }
}