{
    "elapsed": {
        "M": {
            "84": {
                "2025-06": 0
            },
            "98": {
                "2025-06": 0
            }
        }
    },
    "hours": {
        "1": {
            "2018-05": -46.0
        },
        "10": {
            "2019-03": -90.0
        },
        "15": {
            "2020-06": -71.0,
            "2020-07": -205.0,
            "2020-08": -339.0,
            "2021-05": -68.0,
            "2021-06": -140.0,
            "2021-07": -212.0
        },
        "17": {
            "2021-06": -42.0
        },
        "19": {
            "2018-12": -42.0,
            "2019-01": -42.0,
            "2019-02": -42.0,
            "2019-03": -42.0,
            "2019-04": -42.0,
            "2019-05": -42.0,
            "2019-06": -42.0,
            "2019-07": -42.0
        },
        "22": {
            "2020-11": -13.0,
            "2020-12": -63.0,
            "2021-01": -113.0
        },
        "24": {
            "2018-06": -31.0,
            "2018-07": -64.0,
            "2018-08": -97.0,
            "2018-09": -97.0,
            "2018-10": -97.0,
            "2018-11": -97.0
        },
        "28": {
            "2021-04": -295.0
        },
        "8": {
            "2018-01": -137.0,
            "2018-02": -194.0
        }
    },
    "resources": {
        "0": {
            "2018-01": 1,
            "2018-02": 1,
            "2018-03": 1,
            "2018-04": 1,
            "2018-06": 1,
            "2018-07": 1
        },
        "102": {
            "2018-01": 1,
            "2018-05": 1,
            "2018-06": 1,
            "2018-07": 1,
            "2018-09": 1,
            "2018-10": 1,
            "2018-11": 1,
            "2018-12": 1
        },
        "104": {
            "2019-11": 1,
            "2020-07": 1
        },
        "113": {
            "2018-10": 1,
            "2018-11": 1,
            "2018-12": 1,
            "2019-01": 1
        },
        "114": {
            "2019-08": 1,
            "2019-09": 1,
            "2019-10": 1,
            "2019-11": 1,
            "2019-12": 1,
            "2020-02": 1,
            "2020-03": 1,
            "2020-04": 1
        },
        "115": {
            "2020-05": 1,
            "2020-06": 1,
            "2020-07": 1,
            "2020-08": 1,
            "2020-09": 1,
            "2020-10": 1
        },
        "12": {
            "2018-11": 2,
            "2018-12": 2,
            "2019-01": 1,
            "2019-02": 1,
            "2019-07": 1,
            "2019-08": 1
        },
        "129": {
            "2021-12": 1,
            "2022-01": 1,
            "2022-02": 1
        },
        "136": {
            "2018-10": 2,
            "2018-11": 2,
            "2018-12": 4,
            "2019-01": 4,
            "2019-02": 4,
            "2019-03": 4,
            "2019-04": 4
        },
        "142": {
            "2023-01": 2,
            "2023-02": 1,
            "2023-05": 1,
            "2023-06": 1,
            "2023-07": 1,
            "2023-08": 2,
            "2023-09": 1,
            "2023-10": 1
        },
        "145": {
            "2018-01": 1,
            "2018-02": 1,
            "2018-03": 1
        },
        "149": {
            "2021-04": 1,
            "2021-05": 2,
            "2021-06": 2,
            "2021-07": 2,
            "2021-08": 2
        },
        "166": {
            "2019-03": 1
        },
        "170": {
            "2021-07": 1,
            "2021-08": 1,
            "2021-09": 1,
            "2021-10": 1,
            "2021-11": 1,
            "2021-12": 1
        },
        "2": {
            "2019-08": 1,
            "2019-09": 1,
            "2019-10": 1
        },
        "21": {
            "2018-01": 1,
            "2018-02": 1,
            "2018-03": 1,
            "2018-04": 1,
            "2018-05": 1,
            "2018-06": 1
        },
        "22": {
            "2019-02": 1,
            "2019-03": 1,
            "2019-04": 1
        },
        "23": {
            "2019-11": 1,
            "2019-12": 1,
            "2020-01": 1,
            "2020-02": 1
        },
        "24": {
            "2020-03": 1,
            "2020-04": 1
        },
        "29": {
            "2024-07": 1,
            "2024-08": 1
        },
        "38": {
            "2023-11": 1
        },
        "4": {
            "2021-02": 3,
            "2021-03": 3,
            "2021-04": 3,
            "2021-05": 3,
            "2021-06": 3,
            "2021-07": 3,
            "2021-08": 3,
            "2021-09": 3
        },
        "42": {
            "2018-03": 1,
            "2018-06": 1,
            "2018-07": 1
        },
        "44": {
            "2019-02": 5,
            "2019-03": 5,
            "2019-04": 5,
            "2019-05": 5,
            "2019-06": 5,
            "2019-07": 5
        },
        "45": {
            "2019-08": 2,
            "2019-09": 2,
            "2019-10": 1,
            "2019-11": 1,
            "2019-12": 1,
            "2020-01": 1,
            "2020-02": 2,
            "2020-03": 3,
            "2020-04": 4,
            "2020-05": 4,
            "2020-06": 4,
            "2020-07": 4
        },
        "46": {
            "2020-08": 1,
            "2020-09": 1,
            "2020-10": 1,
            "2020-11": 1,
            "2020-12": 1,
            "2021-01": 1,
            "2021-02": 1
        },
        "47": {
            "2021-03": 1,
            "2021-04": 1,
            "2021-05": 1,
            "2021-06": 1,
            "2021-07": 1,
            "2021-08": 1
        },
        "62": {
            "2018-01": 1,
            "2018-02": 1,
            "2018-03": 1,
            "2018-04": 1,
            "2018-05": 1,
            "2018-06": 1,
            "2018-07": 1,
            "2018-08": 1
        },
        "63": {
            "2018-12": 1,
            "2019-01": 1
        },
        "65": {
            "2020-06": 1
        },
        "66": {
            "2020-11": 1,
            "2021-04": 1
        },
        "73": {
            "2018-01": 2,
            "2018-02": 3,
            "2018-03": 5,
            "2018-04": 5,
            "2018-05": 5,
            "2018-06": 5
        },
        "75": {
            "2019-12": 1,
            "2020-01": 1,
            "2020-08": 1
        },
        "80": {
            "2024-01": 1,
            "2024-02": 1,
            "2024-03": 1,
            "2024-04": 1,
            "2024-07": 1
        },
        "83": {
            "2018-04": 1,
            "2018-05": 1
        },
        "85": {
            "2019-09": 1,
            "2019-10": 1,
            "2019-11": 1,
            "2019-12": 1,
            "2020-01": 1,
            "2020-02": 1,
            "2020-03": 1
        },
        "89": {
            "2023-12": 1
        },
        "92": {
            "2018-01": 1,
            "2018-02": 1,
            "2018-03": 2,
            "2018-04": 2,
            "2018-05": 2,
            "2018-06": 2,
            "2018-07": 2
        },
        "94": {
            "2019-03": 1,
            "2019-04": 1
        },
        "97": {
            "2022-04": 1,
            "2022-05": 1,
            "2022-09": 1
        }
    }
}