{
    "elapsed": {
        "M": {
            "29": {
                "2025-06": 0
            }
        }
    },
    "hours": {
        "1": {
            "2025-02": -51.0,
            "2025-03": -144.0
        }
    },
    "resources": {
        "1": {
            "2019-07": 1
        },
        "16": {
            "2022-12": 1,
            "2023-06": 1,
            "2023-07": 1,
            "2023-10": 1
        },
        "4": {
            "2021-02": 6,
            "2021-03": 6,
            "2021-04": 4,
            "2021-05": 3,
            "2021-06": 2,
            "2021-10": 1
        }
    }
}