{
    "elapsed": {
        "M": {
            "42": {
                "2025-06": 0
            },
            "9": {
                "2025-06": 0
            }
        }
    },
    "hours": {
        "4": {
            "2019-12": -118.0,
            "2022-03": -181.0,
            "2023-03": -45.0,
            "2023-04": -88.0
        }
    },
    "resources": {
        "10": {
            "2018-01": 1,
            "2018-02": 3,
            "2018-03": 2,
            "2018-04": 2,
            "2018-05": 2,
            "2018-06": 3,
            "2018-07": 3,
            "2018-08": 3,
            "2018-09": 3,
            "2018-10": 3,
            "2018-11": 3
        },
        "11": {
            "2018-12": 6,
            "2019-01": 6,
            "2019-02": 5,
            "2019-03": 4,
            "2019-04": 3,
            "2019-05": 3,
            "2019-06": 3,
            "2019-07": 3,
            "2019-08": 3,
            "2019-09": 3
        },
        "19": {
            "2018-01": 3,
            "2018-02": 3,
            "2018-03": 2,
            "2018-04": 1,
            "2018-05": 1,
            "2018-06": 1
        },
        "22": {
            "2020-05": 2,
            "2020-06": 1
        },
        "37": {
            "2023-12": 1,
            "2024-01": 1,
            "2024-02": 1
        }
    }
}