{
    "maint_types": {
        "1": {
            "capacity": {}
        }
    },
    "maintenances": {
        "M": {
            "affects": [
                "M"
            ],
            "capacity": 7,
            "capacity_usage": 1,
            "depends_on": [
                "M"
            ],
            "duration_periods": 6,
            "elapsed_time_size": 15,
            "max_elapsed_time": 60,
            "max_used_time": 1000,
            "type": "1",
            "used_time_size": 1000
        }
    },
    "parameters": {
        "default_type2_capacity": 66,
        "elapsed_time_size": 15,
        "end": "2025-06",
        "initial_unbalance": [
            -3,
            3
        ],
        "maint_capacity": 7,
        "maint_duration": 6,
        "maint_weight": 1,
        "maintenances": {
            "M": {
                "affects": [],
                "capacity_usage": 1,
                "depends_on": [],
                "duration_periods": 4,
                "elapsed_time_size": 3,
                "max_elapsed_time": 60,
                "max_used_time": 1000,
                "priority": 0,
                "type": "1",
                "used_time_size": 1000
            },
            "VG": {
                "affects": [],
                "capacity_usage": 3,
                "depends_on": [
                    "M"
                ],
                "duration_periods": 1,
                "elapsed_time_size": 3,
                "max_elapsed_time": 8,
                "max_used_time": null,
                "priority": 10,
                "type": "2",
                "used_time_size": null
            },
            "VI": {
                "affects": [],
                "capacity_usage": 6,
                "depends_on": [
                    "M"
                ],
                "duration_periods": 1,
                "elapsed_time_size": 3,
                "max_elapsed_time": 17,
                "max_used_time": null,
                "priority": 5,
                "type": "2",
                "used_time_size": null
            },
            "VS": {
                "affects": [],
                "capacity_usage": 4,
                "depends_on": [
                    "M"
                ],
                "duration_periods": 1,
                "elapsed_time_size": null,
                "max_elapsed_time": null,
                "max_used_time": 600,
                "priority": 2,
                "type": "2",
                "used_time_size": 200
            }
        },
        "max_elapsed_time": 60,
        "max_elapsed_time_2M": null,
        "max_used_time": 1000,
        "min_avail_percent": 0.1,
        "min_avail_value": 1,
        "min_hours_perc": 0.5,
        "min_usage_period": 0,
        "num_parallel_tasks": 3,
        "num_period": 90,
        "num_resources": 45,
        "perc_add_capacity": 0.1,
        "perc_capacity": 0.15,
        "perc_in_maint": 0.07,
        "seed": 8004,
        "start": "2018-01",
        "t_duration": [
            6,
            12
        ],
        "t_min_assign": [
            2,
            3,
            6
        ],
        "t_num_resource": [
            1,
            6
        ],
        "t_required_hours": [
            10,
            50,
            100
        ],
        "unavail_weight": 1
    },
    "resources": {
        "0": {
            "capacities": [
                "0",
                "A"
            ],
            "code": "",
            "initial": {
                "M": {
                    "elapsed": 35,
                    "used": 584
                }
            },
            "initial_elapsed": 35,
            "initial_used": 584,
            "min_usage_period": {
                "default": 0
            },
            "states": {},
            "type": 0
        },
        "1": {
            "capacities": [
                "0"
            ],
            "code": "",
            "initial": {
                "M": {
                    "elapsed": 5,
                    "used": 100
                }
            },
            "initial_elapsed": 5,
            "initial_used": 100,
            "min_usage_period": {
                "default": 0
            },
            "states": {},
            "type": 0
        },
        "10": {
            "capacities": [
                "1"
            ],
            "code": "",
            "initial": {
                "M": {
                    "elapsed": 47,
                    "used": 767
                }
            },
            "initial_elapsed": 47,
            "initial_used": 767,
            "min_usage_period": {
                "default": 0
            },
            "states": {},
            "type": 1
        },
        "11": {
            "capacities": [
                "1"
            ],
            "code": "",
            "initial": {
                "M": {
                    "elapsed": 10,
                    "used": 217
                }
            },
            "initial_elapsed": 10,
            "initial_used": 217,
            "min_usage_period": {
                "default": 0
            },
            "states": {},
            "type": 1
        },
        "12": {
            "capacities": [
                "2",
                "C",
                "B"
            ],
            "code": "",
            "initial": {
                "M": {
                    "elapsed": 40,
                    "used": 700
                }
            },
            "initial_elapsed": 40,
            "initial_used": 700,
            "min_usage_period": {
                "default": 0
            },
            "states": {},
            "type": 2
        },
        "13": {
            "capacities": [
                "D",
                "2"
            ],
            "code": "",
            "initial": {
                "M": {
                    "elapsed": 22,
                    "used": 334
                }
            },
            "initial_elapsed": 22,
            "initial_used": 334,
            "min_usage_period": {
                "default": 0
            },
            "states": {},
            "type": 2
        },
        "14": {
            "capacities": [
                "D",
                "2",
                "B"
            ],
            "code": "",
            "initial": {
                "M": {
                    "elapsed": 35,
                    "used": 567
                }
            },
            "initial_elapsed": 35,
            "initial_used": 567,
            "min_usage_period": {
                "default": 0
            },
            "states": {
                "2017-11": "21",
                "2017-12": "21"
            },
            "type": 2
        },
        "15": {
            "capacities": [
                "2",
                "C"
            ],
            "code": "",
            "initial": {
                "M": {
                    "elapsed": 22,
                    "used": 417
                }
            },
            "initial_elapsed": 22,
            "initial_used": 417,
            "min_usage_period": {
                "default": 0
            },
            "states": {},
            "type": 2
        },
        "16": {
            "capacities": [
                "E",
                "2"
            ],
            "code": "",
            "initial": {
                "M": {
                    "elapsed": 57,
                    "used": 917
                }
            },
            "initial_elapsed": 57,
            "initial_used": 917,
            "min_usage_period": {
                "default": 0
            },
            "states": {},
            "type": 2
        },
        "17": {
            "capacities": [
                "D",
                "2"
            ],
            "code": "",
            "initial": {
                "M": {
                    "elapsed": 7,
                    "used": 150
                }
            },
            "initial_elapsed": 7,
            "initial_used": 150,
            "min_usage_period": {
                "default": 0
            },
            "states": {},
            "type": 2
        },
        "18": {
            "capacities": [
                "E",
                "2"
            ],
            "code": "",
            "initial": {
                "M": {
                    "elapsed": 28,
                    "used": 434
                }
            },
            "initial_elapsed": 28,
            "initial_used": 434,
            "min_usage_period": {
                "default": 0
            },
            "states": {},
            "type": 2
        },
        "19": {
            "capacities": [
                "2",
                "B"
            ],
            "code": "",
            "initial": {
                "M": {
                    "elapsed": 59,
                    "used": 984
                }
            },
            "initial_elapsed": 59,
            "initial_used": 984,
            "min_usage_period": {
                "default": 0
            },
            "states": {},
            "type": 2
        },
        "2": {
            "capacities": [
                "0"
            ],
            "code": "",
            "initial": {
                "M": {
                    "elapsed": 60,
                    "used": 1000
                }
            },
            "initial_elapsed": 60,
            "initial_used": 1000,
            "min_usage_period": {
                "default": 0
            },
            "states": {
                "2017-07": "M",
                "2017-08": "M",
                "2017-09": "M",
                "2017-10": "M",
                "2017-11": "M",
                "2017-12": "M"
            },
            "type": 0
        },
        "20": {
            "capacities": [
                "1"
            ],
            "code": "",
            "initial": {
                "M": {
                    "elapsed": 25,
                    "used": 434
                }
            },
            "initial_elapsed": 25,
            "initial_used": 434,
            "min_usage_period": {
                "default": 0
            },
            "states": {},
            "type": 1
        },
        "21": {
            "capacities": [
                "E",
                "2"
            ],
            "code": "",
            "initial": {
                "M": {
                    "elapsed": 60,
                    "used": 1000
                }
            },
            "initial_elapsed": 60,
            "initial_used": 1000,
            "min_usage_period": {
                "default": 0
            },
            "states": {
                "2017-10": "M",
                "2017-11": "M",
                "2017-12": "M"
            },
            "type": 2
        },
        "22": {
            "capacities": [
                "1"
            ],
            "code": "",
            "initial": {
                "M": {
                    "elapsed": 34,
                    "used": 600
                }
            },
            "initial_elapsed": 34,
            "initial_used": 600,
            "min_usage_period": {
                "default": 0
            },
            "states": {},
            "type": 1
        },
        "23": {
            "capacities": [
                "E",
                "2",
                "B"
            ],
            "code": "",
            "initial": {
                "M": {
                    "elapsed": 31,
                    "used": 534
                }
            },
            "initial_elapsed": 31,
            "initial_used": 534,
            "min_usage_period": {
                "default": 0
            },
            "states": {},
            "type": 2
        },
        "24": {
            "capacities": [
                "E",
                "2"
            ],
            "code": "",
            "initial": {
                "M": {
                    "elapsed": 31,
                    "used": 567
                }
            },
            "initial_elapsed": 31,
            "initial_used": 567,
            "min_usage_period": {
                "default": 0
            },
            "states": {
                "2017-05": "21",
                "2017-06": "21",
                "2017-07": "21",
                "2017-08": "21",
                "2017-09": "21",
                "2017-10": "21",
                "2017-11": "21",
                "2017-12": "21"
            },
            "type": 2
        },
        "25": {
            "capacities": [
                "1"
            ],
            "code": "",
            "initial": {
                "M": {
                    "elapsed": 28,
                    "used": 434
                }
            },
            "initial_elapsed": 28,
            "initial_used": 434,
            "min_usage_period": {
                "default": 0
            },
            "states": {},
            "type": 1
        },
        "26": {
            "capacities": [
                "1"
            ],
            "code": "",
            "initial": {
                "M": {
                    "elapsed": 58,
                    "used": 917
                }
            },
            "initial_elapsed": 58,
            "initial_used": 917,
            "min_usage_period": {
                "default": 0
            },
            "states": {},
            "type": 1
        },
        "27": {
            "capacities": [
                "0"
            ],
            "code": "",
            "initial": {
                "M": {
                    "elapsed": 29,
                    "used": 467
                }
            },
            "initial_elapsed": 29,
            "initial_used": 467,
            "min_usage_period": {
                "default": 0
            },
            "states": {},
            "type": 0
        },
        "28": {
            "capacities": [
                "0",
                "A"
            ],
            "code": "",
            "initial": {
                "M": {
                    "elapsed": 23,
                    "used": 334
                }
            },
            "initial_elapsed": 23,
            "initial_used": 334,
            "min_usage_period": {
                "default": 0
            },
            "states": {},
            "type": 0
        },
        "29": {
            "capacities": [
                "E",
                "2"
            ],
            "code": "",
            "initial": {
                "M": {
                    "elapsed": 33,
                    "used": 534
                }
            },
            "initial_elapsed": 33,
            "initial_used": 534,
            "min_usage_period": {
                "default": 0
            },
            "states": {},
            "type": 2
        },
        "3": {
            "capacities": [
                "0",
                "A"
            ],
            "code": "",
            "initial": {
                "M": {
                    "elapsed": 22,
                    "used": 317
                }
            },
            "initial_elapsed": 22,
            "initial_used": 317,
            "min_usage_period": {
                "default": 0
            },
            "states": {},
            "type": 0
        },
        "30": {
            "capacities": [
                "0"
            ],
            "code": "",
            "initial": {
                "M": {
                    "elapsed": 52,
                    "used": 917
                }
            },
            "initial_elapsed": 52,
            "initial_used": 917,
            "min_usage_period": {
                "default": 0
            },
            "states": {},
            "type": 0
        },
        "31": {
            "capacities": [
                "0"
            ],
            "code": "",
            "initial": {
                "M": {
                    "elapsed": 30,
                    "used": 450
                }
            },
            "initial_elapsed": 30,
            "initial_used": 450,
            "min_usage_period": {
                "default": 0
            },
            "states": {
                "2017-11": "0",
                "2017-12": "0"
            },
            "type": 0
        },
        "32": {
            "capacities": [
                "0",
                "A"
            ],
            "code": "",
            "initial": {
                "M": {
                    "elapsed": 52,
                    "used": 917
                }
            },
            "initial_elapsed": 52,
            "initial_used": 917,
            "min_usage_period": {
                "default": 0
            },
            "states": {
                "2017-11": "0",
                "2017-12": "0"
            },
            "type": 0
        },
        "33": {
            "capacities": [
                "E",
                "2"
            ],
            "code": "",
            "initial": {
                "M": {
                    "elapsed": 22,
                    "used": 417
                }
            },
            "initial_elapsed": 22,
            "initial_used": 417,
            "min_usage_period": {
                "default": 0
            },
            "states": {},
            "type": 2
        },
        "34": {
            "capacities": [
                "1"
            ],
            "code": "",
            "initial": {
                "M": {
                    "elapsed": 58,
                    "used": 984
                }
            },
            "initial_elapsed": 58,
            "initial_used": 984,
            "min_usage_period": {
                "default": 0
            },
            "states": {},
            "type": 1
        },
        "35": {
            "capacities": [
                "1"
            ],
            "code": "",
            "initial": {
                "M": {
                    "elapsed": 57,
                    "used": 900
                }
            },
            "initial_elapsed": 57,
            "initial_used": 900,
            "min_usage_period": {
                "default": 0
            },
            "states": {},
            "type": 1
        },
        "36": {
            "capacities": [
                "1"
            ],
            "code": "",
            "initial": {
                "M": {
                    "elapsed": 56,
                    "used": 967
                }
            },
            "initial_elapsed": 56,
            "initial_used": 967,
            "min_usage_period": {
                "default": 0
            },
            "states": {},
            "type": 1
        },
        "37": {
            "capacities": [
                "1"
            ],
            "code": "",
            "initial": {
                "M": {
                    "elapsed": 21,
                    "used": 350
                }
            },
            "initial_elapsed": 21,
            "initial_used": 350,
            "min_usage_period": {
                "default": 0
            },
            "states": {},
            "type": 1
        },
        "38": {
            "capacities": [
                "0",
                "A"
            ],
            "code": "",
            "initial": {
                "M": {
                    "elapsed": 39,
                    "used": 684
                }
            },
            "initial_elapsed": 39,
            "initial_used": 684,
            "min_usage_period": {
                "default": 0
            },
            "states": {},
            "type": 0
        },
        "39": {
            "capacities": [
                "1"
            ],
            "code": "",
            "initial": {
                "M": {
                    "elapsed": 53,
                    "used": 834
                }
            },
            "initial_elapsed": 53,
            "initial_used": 834,
            "min_usage_period": {
                "default": 0
            },
            "states": {},
            "type": 1
        },
        "4": {
            "capacities": [
                "0",
                "A"
            ],
            "code": "",
            "initial": {
                "M": {
                    "elapsed": 43,
                    "used": 684
                }
            },
            "initial_elapsed": 43,
            "initial_used": 684,
            "min_usage_period": {
                "default": 0
            },
            "states": {},
            "type": 0
        },
        "40": {
            "capacities": [
                "0",
                "A"
            ],
            "code": "",
            "initial": {
                "M": {
                    "elapsed": 23,
                    "used": 400
                }
            },
            "initial_elapsed": 23,
            "initial_used": 400,
            "min_usage_period": {
                "default": 0
            },
            "states": {},
            "type": 0
        },
        "41": {
            "capacities": [
                "1"
            ],
            "code": "",
            "initial": {
                "M": {
                    "elapsed": 16,
                    "used": 234
                }
            },
            "initial_elapsed": 16,
            "initial_used": 234,
            "min_usage_period": {
                "default": 0
            },
            "states": {},
            "type": 1
        },
        "42": {
            "capacities": [
                "1"
            ],
            "code": "",
            "initial": {
                "M": {
                    "elapsed": 30,
                    "used": 467
                }
            },
            "initial_elapsed": 30,
            "initial_used": 467,
            "min_usage_period": {
                "default": 0
            },
            "states": {},
            "type": 1
        },
        "43": {
            "capacities": [
                "0",
                "A"
            ],
            "code": "",
            "initial": {
                "M": {
                    "elapsed": 22,
                    "used": 367
                }
            },
            "initial_elapsed": 22,
            "initial_used": 367,
            "min_usage_period": {
                "default": 0
            },
            "states": {},
            "type": 0
        },
        "44": {
            "capacities": [
                "1"
            ],
            "code": "",
            "initial": {
                "M": {
                    "elapsed": 48,
                    "used": 817
                }
            },
            "initial_elapsed": 48,
            "initial_used": 817,
            "min_usage_period": {
                "default": 0
            },
            "states": {},
            "type": 1
        },
        "5": {
            "capacities": [
                "0",
                "A"
            ],
            "code": "",
            "initial": {
                "M": {
                    "elapsed": 53,
                    "used": 900
                }
            },
            "initial_elapsed": 53,
            "initial_used": 900,
            "min_usage_period": {
                "default": 0
            },
            "states": {
                "2017-11": "0",
                "2017-12": "0"
            },
            "type": 0
        },
        "6": {
            "capacities": [
                "1"
            ],
            "code": "",
            "initial": {
                "M": {
                    "elapsed": 47,
                    "used": 734
                }
            },
            "initial_elapsed": 47,
            "initial_used": 734,
            "min_usage_period": {
                "default": 0
            },
            "states": {},
            "type": 1
        },
        "7": {
            "capacities": [
                "1"
            ],
            "code": "",
            "initial": {
                "M": {
                    "elapsed": 14,
                    "used": 200
                }
            },
            "initial_elapsed": 14,
            "initial_used": 200,
            "min_usage_period": {
                "default": 0
            },
            "states": {},
            "type": 1
        },
        "8": {
            "capacities": [
                "1"
            ],
            "code": "",
            "initial": {
                "M": {
                    "elapsed": 49,
                    "used": 784
                }
            },
            "initial_elapsed": 49,
            "initial_used": 784,
            "min_usage_period": {
                "default": 0
            },
            "states": {
                "2017-11": "10",
                "2017-12": "10"
            },
            "type": 1
        },
        "9": {
            "capacities": [
                "1"
            ],
            "code": "",
            "initial": {
                "M": {
                    "elapsed": 60,
                    "used": 1000
                }
            },
            "initial_elapsed": 60,
            "initial_used": 1000,
            "min_usage_period": {
                "default": 0
            },
            "states": {
                "2017-12": "M"
            },
            "type": 1
        }
    },
    "tasks": {
        "0": {
            "capacities": [
                "0"
            ],
            "consumption": 69,
            "end": "2018-09",
            "matricule": "",
            "min_assign": 2,
            "num_resource": 4,
            "start": "2018-01",
            "type_resource": 0
        },
        "1": {
            "capacities": [
                "0"
            ],
            "consumption": 44,
            "end": "2019-07",
            "matricule": "",
            "min_assign": 6,
            "num_resource": 6,
            "start": "2018-10",
            "type_resource": 0
        },
        "10": {
            "capacities": [
                "1"
            ],
            "consumption": 21,
            "end": "2018-06",
            "matricule": "",
            "min_assign": 3,
            "num_resource": 3,
            "start": "2018-01",
            "type_resource": 1
        },
        "11": {
            "capacities": [
                "1"
            ],
            "consumption": 45,
            "end": "2019-02",
            "matricule": "",
            "min_assign": 3,
            "num_resource": 3,
            "start": "2018-07",
            "type_resource": 1
        },
        "12": {
            "capacities": [
                "1"
            ],
            "consumption": 37,
            "end": "2019-09",
            "matricule": "",
            "min_assign": 3,
            "num_resource": 2,
            "start": "2019-03",
            "type_resource": 1
        },
        "13": {
            "capacities": [
                "1"
            ],
            "consumption": 53,
            "end": "2020-08",
            "matricule": "",
            "min_assign": 6,
            "num_resource": 6,
            "start": "2019-10",
            "type_resource": 1
        },
        "14": {
            "capacities": [
                "1"
            ],
            "consumption": 41,
            "end": "2021-04",
            "matricule": "",
            "min_assign": 3,
            "num_resource": 2,
            "start": "2020-09",
            "type_resource": 1
        },
        "15": {
            "capacities": [
                "1"
            ],
            "consumption": 80,
            "end": "2022-02",
            "matricule": "",
            "min_assign": 2,
            "num_resource": 4,
            "start": "2021-05",
            "type_resource": 1
        },
        "16": {
            "capacities": [
                "1"
            ],
            "consumption": 42,
            "end": "2023-02",
            "matricule": "",
            "min_assign": 6,
            "num_resource": 1,
            "start": "2022-03",
            "type_resource": 1
        },
        "17": {
            "capacities": [
                "1"
            ],
            "consumption": 33,
            "end": "2023-09",
            "matricule": "",
            "min_assign": 3,
            "num_resource": 1,
            "start": "2023-03",
            "type_resource": 1
        },
        "18": {
            "capacities": [
                "1"
            ],
            "consumption": 55,
            "end": "2024-07",
            "matricule": "",
            "min_assign": 3,
            "num_resource": 4,
            "start": "2023-10",
            "type_resource": 1
        },
        "19": {
            "capacities": [
                "1"
            ],
            "consumption": 45,
            "end": "2025-02",
            "matricule": "",
            "min_assign": 2,
            "num_resource": 2,
            "start": "2024-08",
            "type_resource": 1
        },
        "2": {
            "capacities": [
                "0",
                "A"
            ],
            "consumption": 24,
            "end": "2020-06",
            "matricule": "",
            "min_assign": 3,
            "num_resource": 6,
            "start": "2019-08",
            "type_resource": 0
        },
        "20": {
            "capacities": [
                "1"
            ],
            "consumption": 68,
            "end": "2025-06",
            "matricule": "",
            "min_assign": 6,
            "num_resource": 3,
            "start": "2025-03",
            "type_resource": 1
        },
        "21": {
            "capacities": [
                "2"
            ],
            "consumption": 19,
            "end": "2018-06",
            "matricule": "",
            "min_assign": 6,
            "num_resource": 2,
            "start": "2018-01",
            "type_resource": 2
        },
        "22": {
            "capacities": [
                "2"
            ],
            "consumption": 24,
            "end": "2019-03",
            "matricule": "",
            "min_assign": 6,
            "num_resource": 1,
            "start": "2018-07",
            "type_resource": 2
        },
        "23": {
            "capacities": [
                "2",
                "B"
            ],
            "consumption": 41,
            "end": "2020-02",
            "matricule": "",
            "min_assign": 2,
            "num_resource": 3,
            "start": "2019-04",
            "type_resource": 2
        },
        "24": {
            "capacities": [
                "2",
                "C"
            ],
            "consumption": 63,
            "end": "2020-11",
            "matricule": "",
            "min_assign": 3,
            "num_resource": 1,
            "start": "2020-03",
            "type_resource": 2
        },
        "25": {
            "capacities": [
                "2"
            ],
            "consumption": 66,
            "end": "2021-11",
            "matricule": "",
            "min_assign": 2,
            "num_resource": 3,
            "start": "2020-12",
            "type_resource": 2
        },
        "26": {
            "capacities": [
                "D",
                "2"
            ],
            "consumption": 93,
            "end": "2022-06",
            "matricule": "",
            "min_assign": 6,
            "num_resource": 2,
            "start": "2021-12",
            "type_resource": 2
        },
        "27": {
            "capacities": [
                "2"
            ],
            "consumption": 59,
            "end": "2023-04",
            "matricule": "",
            "min_assign": 2,
            "num_resource": 1,
            "start": "2022-07",
            "type_resource": 2
        },
        "28": {
            "capacities": [
                "E",
                "2"
            ],
            "consumption": 50,
            "end": "2023-12",
            "matricule": "",
            "min_assign": 6,
            "num_resource": 5,
            "start": "2023-05",
            "type_resource": 2
        },
        "29": {
            "capacities": [
                "2"
            ],
            "consumption": 88,
            "end": "2024-12",
            "matricule": "",
            "min_assign": 2,
            "num_resource": 3,
            "start": "2024-01",
            "type_resource": 2
        },
        "3": {
            "capacities": [
                "0"
            ],
            "consumption": 35,
            "end": "2021-01",
            "matricule": "",
            "min_assign": 2,
            "num_resource": 6,
            "start": "2020-07",
            "type_resource": 0
        },
        "30": {
            "capacities": [
                "2"
            ],
            "consumption": 68,
            "end": "2025-06",
            "matricule": "",
            "min_assign": 2,
            "num_resource": 6,
            "start": "2025-01",
            "type_resource": 2
        },
        "4": {
            "capacities": [
                "0"
            ],
            "consumption": 19,
            "end": "2021-08",
            "matricule": "",
            "min_assign": 2,
            "num_resource": 6,
            "start": "2021-02",
            "type_resource": 0
        },
        "5": {
            "capacities": [
                "0"
            ],
            "consumption": 32,
            "end": "2022-07",
            "matricule": "",
            "min_assign": 2,
            "num_resource": 3,
            "start": "2021-09",
            "type_resource": 0
        },
        "6": {
            "capacities": [
                "0"
            ],
            "consumption": 74,
            "end": "2023-06",
            "matricule": "",
            "min_assign": 6,
            "num_resource": 1,
            "start": "2022-08",
            "type_resource": 0
        },
        "7": {
            "capacities": [
                "0"
            ],
            "consumption": 57,
            "end": "2024-05",
            "matricule": "",
            "min_assign": 6,
            "num_resource": 1,
            "start": "2023-07",
            "type_resource": 0
        },
        "8": {
            "capacities": [
                "0"
            ],
            "consumption": 61,
            "end": "2025-03",
            "matricule": "",
            "min_assign": 2,
            "num_resource": 4,
            "start": "2024-06",
            "type_resource": 0
        },
        "9": {
            "capacities": [
                "0"
            ],
            "consumption": 39,
            "end": "2025-06",
            "matricule": "",
            "min_assign": 6,
            "num_resource": 2,
            "start": "2025-04",
            "type_resource": 0
        }
    }
}