{
    "state_m": {
        "24": {
            "2018-01": {
                "M": 1
            },
            "2018-02": {
                "M": 1
            },
            "2018-03": {
                "M": 1
            }
        },
        "33": {
            "2018-01": {
                "M": 1
            },
            "2018-02": {
                "M": 1
            },
            "2018-03": {
                "M": 1
            }
        },
        "54": {
            "2018-01": {
                "M": 1
            },
            "2018-02": {
                "M": 1
            },
            "2018-03": {
                "M": 1
            }
        },
        "56": {
            "2018-01": {
                "M": 1
            }
        }
    },
    "task": {
        "12": {
            "2018-01": "22"
        },
        "14": {
            "2018-01": "22"
        },
        "19": {
            "2018-01": "33"
        },
        "41": {
            "2018-01": "22"
        },
        "42": {
            "2018-01": "22"
        }
    }
}