{
    "hours": {
        "1": {
            "2018-01": -1261.0,
            "2018-02": -1377.0
        },
        "2": {
            "2022-03": -50.0
        },
        "3": {
            "2024-05": -210.0,
            "2024-09": -74.0
        }
    },
    "resources": {
        "11": {
            "2018-03": 1
        },
        "13": {
            "2019-09": 2,
            "2019-10": 2,
            "2019-11": 1,
            "2019-12": 1
        },
        "17": {
            "2023-07": 1
        },
        "20": {
            "2018-01": 1,
            "2018-07": 1,
            "2018-08": 1,
            "2018-09": 1,
            "2018-10": 1
        },
        "21": {
            "2018-11": 5,
            "2018-12": 5,
            "2019-01": 3,
            "2019-02": 2
        },
        "22": {
            "2019-06": 3,
            "2019-07": 3,
            "2019-08": 3,
            "2019-09": 3,
            "2019-10": 3,
            "2019-11": 3,
            "2019-12": 3,
            "2020-01": 3,
            "2020-02": 3,
            "2020-03": 1,
            "2020-04": 1,
            "2020-05": 2
        },
        "24": {
            "2021-05": 2,
            "2021-06": 1,
            "2021-07": 1,
            "2021-11": 2,
            "2022-01": 1,
            "2022-02": 1
        }
    }
}