{
    "hours": {
        "3": {
            "2018-10": -214.0,
            "2018-11": -454.0
        },
        "4": {
            "2022-01": -27.0,
            "2022-02": -453.0,
            "2022-03": -879.0
        },
        "8": {
            "2024-08": -42.0
        }
    },
    "resources": {
        "10": {
            "2018-01": 1,
            "2018-02": 1,
            "2018-03": 2,
            "2018-04": 2,
            "2018-05": 3,
            "2018-06": 2,
            "2018-07": 2,
            "2018-08": 2
        },
        "11": {
            "2018-12": 4,
            "2019-01": 4,
            "2019-02": 3,
            "2019-03": 2,
            "2019-04": 1,
            "2019-05": 1,
            "2019-06": 2,
            "2019-07": 2,
            "2019-08": 2,
            "2019-09": 2
        }
    }
}