{
    "elapsed": {
        "M": {
            "42": {
                "2025-06": 0
            }
        }
    },
    "hours": {
        "3": {
            "2018-09": -14.0,
            "2018-10": -214.0,
            "2018-11": -414.0,
            "2019-05": -25.0
        },
        "4": {
            "2022-02": -104.0,
            "2022-03": -530.0
        },
        "5": {
            "2018-03": -53.0,
            "2019-06": -28.0,
            "2022-06": -171.0
        },
        "8": {
            "2018-01": -72.0,
            "2018-02": -95.0,
            "2018-03": -118.0,
            "2018-04": -141.0,
            "2024-08": -42.0
        }
    },
    "resources": {
        "10": {
            "2018-01": 1,
            "2018-02": 1,
            "2018-03": 2,
            "2018-04": 2,
            "2018-05": 2,
            "2018-06": 3,
            "2018-07": 1,
            "2018-08": 1,
            "2018-09": 1,
            "2018-10": 1,
            "2018-11": 1
        },
        "11": {
            "2018-12": 4,
            "2019-01": 4,
            "2019-02": 3,
            "2019-03": 2,
            "2019-06": 1,
            "2019-07": 2,
            "2019-08": 2,
            "2019-09": 2
        },
        "12": {
            "2019-10": 4
        },
        "13": {
            "2020-09": 1
        },
        "14": {
            "2021-08": 6
        },
        "19": {
            "2018-01": 2
        }
    }
}