{
    "capacity": {
        "1": {
            "2020-06": -6
        }
    },
    "elapsed": {
        "M": {
            "100": {
                "2025-06": 0
            },
            "109": {
                "2025-06": 0
            },
            "119": {
                "2025-06": 0
            },
            "137": {
                "2025-06": 0
            },
            "187": {
                "2025-06": 0
            },
            "194": {
                "2025-06": 0
            },
            "212": {
                "2025-06": 0
            },
            "53": {
                "2025-06": 0
            },
            "65": {
                "2025-06": 0
            }
        }
    },
    "hours": {
        "16": {
            "2023-06": -15.0,
            "2023-07": -161.0
        },
        "23": {
            "2023-01": -64.0,
            "2023-02": -117.0
        },
        "24": {
            "2025-04": -159.0
        },
        "25": {
            "2025-04": -3.0
        },
        "27": {
            "2018-01": -183.0,
            "2022-07": -21.0,
            "2022-08": -105.0,
            "2022-09": -105.0,
            "2022-10": -105.0,
            "2022-11": -105.0,
            "2022-12": -105.0,
            "2023-01": -105.0,
            "2023-02": -105.0,
            "2023-03": -105.0,
            "2023-04": -105.0,
            "2023-05": -105.0,
            "2023-06": -105.0
        },
        "31": {
            "2025-01": -36.0,
            "2025-02": -266.0,
            "2025-03": -450.0
        },
        "32": {
            "2024-03": -7.0,
            "2024-04": -91.0,
            "2024-05": -91.0,
            "2024-06": -91.0,
            "2024-07": -91.0,
            "2024-08": -91.0,
            "2024-09": -137.0,
            "2024-10": -183.0,
            "2024-11": -229.0,
            "2024-12": -275.0,
            "2025-01": -321.0,
            "2025-02": -367.0,
            "2025-03": -367.0
        },
        "4": {
            "2018-01": -449.0,
            "2018-02": -449.0,
            "2018-03": -449.0,
            "2018-04": -449.0
        },
        "9": {
            "2022-12": -64.0,
            "2023-01": -229.0,
            "2023-02": -88.0,
            "2023-03": -187.0
        }
    },
    "resources": {
        "0": {
            "2018-01": 3,
            "2018-02": 6,
            "2018-03": 6,
            "2018-04": 6,
            "2018-05": 6,
            "2018-06": 6,
            "2018-07": 6
        },
        "1": {
            "2018-08": 4,
            "2018-09": 2,
            "2018-10": 2,
            "2018-11": 3,
            "2018-12": 4,
            "2019-01": 4,
            "2019-02": 2,
            "2019-03": 2,
            "2019-04": 2,
            "2019-05": 2
        },
        "10": {
            "2018-01": 3,
            "2018-02": 3,
            "2018-03": 4,
            "2018-04": 4,
            "2018-05": 5,
            "2018-06": 5,
            "2018-07": 5,
            "2018-08": 5,
            "2018-09": 5,
            "2018-10": 5,
            "2018-11": 5,
            "2018-12": 5
        },
        "100": {
            "2020-07": 5,
            "2020-08": 3,
            "2020-10": 1,
            "2020-11": 2,
            "2020-12": 4,
            "2021-01": 5,
            "2021-02": 5
        },
        "101": {
            "2021-03": 4,
            "2021-04": 2,
            "2021-08": 1,
            "2021-09": 2,
            "2021-10": 2,
            "2021-11": 2
        },
        "102": {
            "2022-02": 2,
            "2022-03": 2,
            "2022-04": 1,
            "2022-05": 1,
            "2022-06": 1,
            "2022-07": 2,
            "2022-08": 1,
            "2022-10": 1,
            "2022-11": 1
        },
        "104": {
            "2023-08": 1,
            "2023-09": 1,
            "2023-10": 1,
            "2023-11": 1,
            "2023-12": 1,
            "2024-01": 1
        },
        "105": {
            "2024-05": 1,
            "2024-06": 1
        },
        "106": {
            "2024-10": 3,
            "2025-03": 1
        },
        "108": {
            "2018-01": 4,
            "2018-02": 3,
            "2018-03": 3,
            "2018-04": 4,
            "2018-05": 5,
            "2018-06": 5,
            "2018-07": 5,
            "2018-08": 5,
            "2018-09": 4,
            "2018-10": 4,
            "2018-11": 5,
            "2018-12": 5
        },
        "109": {
            "2019-01": 3,
            "2019-02": 2,
            "2019-03": 2,
            "2019-04": 2,
            "2019-11": 2
        },
        "11": {
            "2019-01": 3,
            "2019-02": 3,
            "2019-03": 3,
            "2019-04": 3,
            "2019-05": 3,
            "2019-06": 3,
            "2019-07": 3,
            "2019-08": 3,
            "2019-09": 3
        },
        "110": {
            "2019-12": 2,
            "2020-01": 1,
            "2020-04": 1,
            "2020-05": 1,
            "2020-07": 1,
            "2020-08": 1,
            "2020-09": 1,
            "2020-10": 1,
            "2020-11": 1
        },
        "111": {
            "2020-12": 5,
            "2021-01": 2,
            "2021-04": 1,
            "2021-05": 4,
            "2021-06": 4
        },
        "112": {
            "2021-07": 3,
            "2022-01": 1
        },
        "114": {
            "2023-05": 2
        },
        "115": {
            "2023-06": 5,
            "2023-07": 4,
            "2023-08": 4,
            "2023-09": 2,
            "2024-02": 1,
            "2024-03": 2
        },
        "116": {
            "2024-04": 2,
            "2024-05": 2,
            "2024-08": 2,
            "2024-11": 1,
            "2024-12": 1,
            "2025-01": 2
        },
        "117": {
            "2025-02": 3,
            "2025-03": 2,
            "2025-06": 1
        },
        "118": {
            "2018-01": 4,
            "2018-02": 4,
            "2018-03": 5,
            "2018-04": 4,
            "2018-05": 3,
            "2018-06": 4,
            "2018-07": 4,
            "2018-08": 4,
            "2018-09": 5,
            "2018-10": 5
        },
        "119": {
            "2018-11": 3,
            "2018-12": 3,
            "2019-01": 2,
            "2019-02": 1,
            "2019-03": 1,
            "2019-04": 1,
            "2019-05": 1,
            "2019-06": 1,
            "2019-07": 2
        },
        "120": {
            "2019-08": 1,
            "2020-02": 2,
            "2020-03": 3,
            "2020-04": 3
        },
        "121": {
            "2020-05": 2,
            "2020-06": 2,
            "2020-07": 1,
            "2020-08": 1,
            "2020-09": 1,
            "2020-10": 1,
            "2020-11": 1,
            "2020-12": 1,
            "2021-01": 1,
            "2021-02": 2
        },
        "122": {
            "2021-03": 2,
            "2021-11": 1,
            "2021-12": 1
        },
        "123": {
            "2022-01": 4,
            "2022-02": 3,
            "2022-03": 3,
            "2022-04": 3,
            "2022-05": 3,
            "2022-06": 3,
            "2022-07": 3,
            "2022-08": 4
        },
        "124": {
            "2023-01": 1,
            "2023-02": 1,
            "2023-08": 1
        },
        "125": {
            "2023-09": 1,
            "2023-10": 1,
            "2023-11": 1,
            "2024-06": 1
        },
        "126": {
            "2024-07": 2,
            "2024-08": 1,
            "2025-01": 1
        },
        "127": {
            "2025-02": 1,
            "2025-03": 1,
            "2025-04": 1,
            "2025-05": 1
        },
        "128": {
            "2018-01": 1,
            "2018-02": 1,
            "2018-03": 1,
            "2018-04": 1,
            "2018-05": 1,
            "2018-06": 1,
            "2018-07": 1,
            "2018-08": 1,
            "2018-09": 1,
            "2018-10": 1,
            "2018-11": 1,
            "2018-12": 1
        },
        "129": {
            "2019-01": 4,
            "2019-02": 3,
            "2019-03": 3,
            "2019-04": 4,
            "2019-05": 1,
            "2019-06": 2,
            "2019-10": 3
        },
        "13": {
            "2020-10": 6,
            "2020-11": 4,
            "2020-12": 2
        },
        "130": {
            "2019-11": 2,
            "2019-12": 2,
            "2020-01": 2,
            "2020-02": 2,
            "2020-03": 2,
            "2020-04": 2,
            "2020-05": 2,
            "2020-06": 2
        },
        "132": {
            "2021-07": 1,
            "2022-02": 1
        },
        "136": {
            "2025-02": 2,
            "2025-03": 2
        },
        "137": {
            "2025-04": 3
        },
        "138": {
            "2018-01": 4,
            "2018-02": 4,
            "2018-03": 4,
            "2018-04": 4,
            "2018-05": 4,
            "2018-06": 4,
            "2018-07": 5,
            "2018-08": 5,
            "2018-09": 5
        },
        "139": {
            "2018-10": 6,
            "2018-11": 6,
            "2018-12": 6,
            "2019-01": 6,
            "2019-02": 6,
            "2019-03": 6,
            "2019-04": 6,
            "2019-05": 6
        },
        "14": {
            "2021-08": 3,
            "2021-09": 3,
            "2021-10": 3,
            "2021-11": 3,
            "2021-12": 3,
            "2022-01": 3
        },
        "140": {
            "2019-06": 2,
            "2019-07": 2,
            "2019-08": 2,
            "2019-09": 1,
            "2019-10": 1,
            "2019-11": 1,
            "2019-12": 1
        },
        "141": {
            "2020-01": 4,
            "2020-02": 4,
            "2020-03": 4,
            "2020-04": 4,
            "2020-05": 3,
            "2020-06": 2,
            "2020-10": 3
        },
        "142": {
            "2021-05": 1
        },
        "143": {
            "2021-06": 2
        },
        "144": {
            "2022-09": 1
        },
        "145": {
            "2022-10": 1,
            "2023-01": 1,
            "2023-04": 1,
            "2023-08": 1
        },
        "146": {
            "2024-03": 3,
            "2024-04": 3,
            "2024-05": 4,
            "2024-06": 4,
            "2024-07": 5,
            "2024-08": 5
        },
        "147": {
            "2024-09": 2,
            "2024-10": 2,
            "2024-11": 2,
            "2024-12": 2,
            "2025-03": 1,
            "2025-06": 2
        },
        "148": {
            "2018-01": 1,
            "2018-02": 1,
            "2018-03": 2,
            "2018-04": 2,
            "2018-05": 4,
            "2018-06": 4
        },
        "149": {
            "2018-07": 2,
            "2018-08": 2,
            "2018-09": 2,
            "2018-10": 2,
            "2018-11": 1,
            "2019-05": 1
        },
        "15": {
            "2022-02": 1,
            "2022-03": 1,
            "2022-10": 1,
            "2022-11": 1
        },
        "150": {
            "2019-06": 1,
            "2019-07": 1,
            "2019-10": 1,
            "2019-12": 2,
            "2020-01": 4,
            "2020-02": 6
        },
        "151": {
            "2020-03": 2,
            "2020-04": 1,
            "2020-08": 1,
            "2020-09": 1
        },
        "152": {
            "2020-10": 1,
            "2021-05": 2,
            "2021-06": 2,
            "2021-07": 2,
            "2021-08": 3
        },
        "153": {
            "2022-02": 4,
            "2022-03": 4
        },
        "154": {
            "2022-04": 1,
            "2022-05": 1,
            "2022-06": 1,
            "2023-02": 1
        },
        "156": {
            "2024-08": 1,
            "2024-09": 1
        },
        "157": {
            "2024-10": 2,
            "2024-11": 2,
            "2024-12": 1
        },
        "16": {
            "2022-12": 1,
            "2023-01": 1,
            "2023-02": 1,
            "2023-03": 1,
            "2023-04": 1,
            "2023-05": 1,
            "2023-11": 1
        },
        "17": {
            "2023-12": 4,
            "2024-09": 1,
            "2024-10": 4
        },
        "18": {
            "2024-11": 5,
            "2024-12": 2
        },
        "2": {
            "2019-06": 1,
            "2020-01": 1,
            "2020-02": 2,
            "2020-03": 2,
            "2020-04": 2
        },
        "20": {
            "2018-01": 2,
            "2018-02": 2,
            "2018-03": 2,
            "2018-04": 2,
            "2018-05": 2,
            "2018-06": 2,
            "2018-07": 2,
            "2018-08": 2,
            "2018-09": 2
        },
        "21": {
            "2018-10": 1,
            "2018-11": 1,
            "2018-12": 1,
            "2019-01": 1,
            "2019-02": 1,
            "2019-03": 1,
            "2019-04": 1
        },
        "22": {
            "2019-11": 1,
            "2019-12": 1
        },
        "23": {
            "2020-01": 1,
            "2020-05": 1,
            "2020-06": 2,
            "2020-07": 1,
            "2020-08": 1
        },
        "24": {
            "2020-11": 1,
            "2020-12": 1,
            "2021-01": 1,
            "2021-09": 1,
            "2021-10": 1
        },
        "25": {
            "2021-11": 2,
            "2022-03": 2,
            "2022-04": 2
        },
        "26": {
            "2022-05": 1,
            "2022-11": 1,
            "2022-12": 1,
            "2023-01": 2
        },
        "27": {
            "2023-02": 3,
            "2023-03": 3,
            "2023-04": 3,
            "2023-05": 3,
            "2023-06": 3,
            "2023-07": 3,
            "2023-08": 3
        },
        "28": {
            "2024-04": 1
        },
        "29": {
            "2024-05": 3,
            "2024-06": 1,
            "2024-07": 1,
            "2025-02": 2,
            "2025-03": 3,
            "2025-04": 3
        },
        "31": {
            "2018-01": 2,
            "2018-02": 2,
            "2018-03": 4,
            "2018-04": 4,
            "2018-05": 4,
            "2018-06": 4,
            "2018-07": 4,
            "2018-08": 4
        },
        "32": {
            "2018-09": 2,
            "2018-10": 1,
            "2018-11": 1,
            "2018-12": 1,
            "2019-03": 1,
            "2019-05": 1,
            "2019-06": 1
        },
        "33": {
            "2019-07": 4,
            "2019-08": 4,
            "2019-09": 4,
            "2019-10": 4,
            "2019-11": 4,
            "2019-12": 4,
            "2020-01": 4,
            "2020-02": 4
        },
        "34": {
            "2020-03": 2,
            "2020-10": 2,
            "2020-11": 2
        },
        "35": {
            "2021-06": 1,
            "2021-07": 1,
            "2021-11": 4
        },
        "36": {
            "2021-12": 1,
            "2022-06": 1,
            "2022-09": 2,
            "2022-10": 3
        },
        "37": {
            "2023-03": 1,
            "2023-06": 1,
            "2023-07": 2
        },
        "4": {
            "2021-01": 4,
            "2021-02": 3,
            "2021-03": 3,
            "2021-04": 3,
            "2021-05": 2,
            "2021-12": 2
        },
        "40": {
            "2024-11": 1,
            "2024-12": 1,
            "2025-03": 1,
            "2025-04": 1,
            "2025-05": 1
        },
        "41": {
            "2018-01": 3,
            "2018-02": 5,
            "2018-03": 5,
            "2018-04": 5,
            "2018-05": 5,
            "2018-06": 4,
            "2018-07": 4,
            "2018-08": 4
        },
        "42": {
            "2018-09": 1,
            "2018-10": 1
        },
        "43": {
            "2019-04": 1,
            "2019-09": 2,
            "2019-10": 2
        },
        "44": {
            "2019-11": 6,
            "2019-12": 6,
            "2020-01": 6,
            "2020-02": 6,
            "2020-03": 6,
            "2020-04": 6
        },
        "45": {
            "2020-05": 2
        },
        "47": {
            "2021-09": 3
        },
        "48": {
            "2022-07": 3,
            "2022-08": 2,
            "2022-09": 2,
            "2022-10": 1
        },
        "49": {
            "2023-06": 5,
            "2023-11": 3,
            "2023-12": 5
        },
        "5": {
            "2022-11": 2
        },
        "51": {
            "2024-10": 4,
            "2024-11": 2,
            "2025-05": 1
        },
        "53": {
            "2018-01": 6,
            "2018-02": 5,
            "2018-03": 4,
            "2018-04": 5,
            "2018-05": 6,
            "2018-06": 5,
            "2018-07": 5
        },
        "54": {
            "2018-08": 5,
            "2018-09": 5,
            "2018-10": 5,
            "2018-11": 5,
            "2018-12": 5,
            "2019-01": 5
        },
        "55": {
            "2019-02": 2,
            "2019-03": 2,
            "2019-04": 2,
            "2019-05": 2,
            "2019-06": 1,
            "2019-09": 1
        },
        "56": {
            "2019-10": 2,
            "2020-04": 1,
            "2020-05": 3
        },
        "57": {
            "2020-06": 3,
            "2020-11": 1,
            "2020-12": 3,
            "2021-01": 3,
            "2021-02": 4,
            "2021-03": 4
        },
        "58": {
            "2021-12": 1
        },
        "59": {
            "2022-01": 5,
            "2022-02": 5,
            "2022-03": 4,
            "2022-04": 4,
            "2022-05": 4,
            "2022-06": 5
        },
        "6": {
            "2023-10": 1
        },
        "60": {
            "2022-07": 1,
            "2023-03": 1
        },
        "61": {
            "2023-04": 3,
            "2023-05": 1
        },
        "62": {
            "2023-10": 1,
            "2024-03": 1,
            "2024-04": 1,
            "2024-05": 1,
            "2024-06": 1
        },
        "63": {
            "2024-07": 1,
            "2025-04": 3,
            "2025-05": 6
        },
        "64": {
            "2025-06": 2
        },
        "65": {
            "2018-01": 3,
            "2018-02": 4,
            "2018-03": 3,
            "2018-04": 3,
            "2018-05": 3,
            "2018-06": 3,
            "2018-07": 3,
            "2018-08": 3,
            "2018-09": 3,
            "2018-10": 3
        },
        "66": {
            "2018-11": 5,
            "2018-12": 4,
            "2019-01": 4,
            "2019-02": 4,
            "2019-03": 4,
            "2019-04": 4,
            "2019-05": 4,
            "2019-06": 4,
            "2019-07": 5
        },
        "67": {
            "2019-08": 3,
            "2019-09": 1,
            "2020-05": 2,
            "2020-06": 3
        },
        "68": {
            "2020-07": 4,
            "2020-08": 4,
            "2020-09": 4,
            "2020-10": 4,
            "2020-11": 4,
            "2020-12": 4
        },
        "69": {
            "2021-01": 2,
            "2021-05": 1,
            "2021-08": 1,
            "2021-11": 2
        },
        "7": {
            "2023-11": 1,
            "2024-07": 1
        },
        "70": {
            "2021-12": 2,
            "2022-08": 2,
            "2022-09": 3,
            "2022-10": 4,
            "2022-11": 4
        },
        "71": {
            "2023-04": 1,
            "2023-05": 1
        },
        "73": {
            "2024-07": 1,
            "2024-11": 1,
            "2024-12": 1
        },
        "75": {
            "2018-01": 1,
            "2018-02": 2,
            "2018-03": 1,
            "2018-06": 1,
            "2018-07": 2
        },
        "76": {
            "2018-08": 5,
            "2018-09": 1,
            "2019-01": 3
        },
        "77": {
            "2019-02": 3,
            "2019-03": 3,
            "2019-04": 3,
            "2019-05": 3,
            "2019-06": 3,
            "2019-07": 3
        },
        "78": {
            "2019-08": 2,
            "2019-09": 1,
            "2020-02": 1,
            "2020-03": 2
        },
        "79": {
            "2020-04": 4,
            "2021-01": 1,
            "2021-02": 2,
            "2021-03": 3
        },
        "8": {
            "2024-08": 3,
            "2024-09": 1,
            "2024-10": 1,
            "2024-11": 1,
            "2024-12": 1,
            "2025-01": 1,
            "2025-02": 1
        },
        "80": {
            "2021-04": 4,
            "2021-05": 4,
            "2021-06": 4,
            "2021-07": 4,
            "2021-08": 4,
            "2021-09": 4
        },
        "83": {
            "2023-10": 2,
            "2023-11": 2
        },
        "84": {
            "2024-08": 1,
            "2024-09": 1
        },
        "85": {
            "2025-05": 3
        },
        "86": {
            "2018-01": 3,
            "2018-02": 3,
            "2018-03": 5,
            "2018-04": 5,
            "2018-05": 6,
            "2018-06": 6,
            "2018-07": 5,
            "2018-08": 5,
            "2018-09": 5,
            "2018-10": 5,
            "2018-11": 5,
            "2018-12": 5
        },
        "87": {
            "2019-01": 5,
            "2019-02": 5,
            "2019-03": 5,
            "2019-04": 5,
            "2019-05": 5,
            "2019-06": 5,
            "2019-07": 5,
            "2019-08": 5
        },
        "88": {
            "2019-11": 2,
            "2019-12": 1,
            "2020-01": 1,
            "2020-02": 1
        },
        "89": {
            "2020-03": 2,
            "2020-04": 1
        },
        "9": {
            "2025-03": 1,
            "2025-04": 1
        },
        "90": {
            "2020-12": 2
        },
        "91": {
            "2021-07": 1,
            "2021-08": 1,
            "2021-09": 1,
            "2022-03": 1,
            "2022-04": 2
        },
        "92": {
            "2022-05": 1,
            "2022-06": 1,
            "2022-08": 1,
            "2022-09": 1,
            "2022-10": 1,
            "2022-11": 1
        },
        "93": {
            "2023-04": 1,
            "2023-05": 1
        },
        "94": {
            "2023-06": 2,
            "2023-07": 2,
            "2023-08": 1,
            "2023-11": 1,
            "2023-12": 2,
            "2024-01": 2,
            "2024-02": 2
        },
        "97": {
            "2018-01": 1,
            "2018-02": 1,
            "2018-03": 1,
            "2018-04": 1,
            "2018-05": 1,
            "2018-06": 1,
            "2018-07": 1,
            "2018-08": 1,
            "2018-09": 1,
            "2018-10": 1,
            "2018-11": 1,
            "2018-12": 1
        },
        "98": {
            "2019-01": 1
        },
        "99": {
            "2019-10": 3,
            "2019-11": 3,
            "2019-12": 3,
            "2020-01": 3,
            "2020-02": 3,
            "2020-03": 3,
            "2020-04": 3,
            "2020-05": 3,
            "2020-06": 3
        }
    }
}