{
    "elapsed": {
        "M": {
            "174": {
                "2025-06": 0
            }
        }
    },
    "hours": {
        "10": {
            "2024-05": -89.0
        },
        "11": {
            "2022-04": -56.0
        },
        "15": {
            "2022-07": -66.0,
            "2022-08": -136.0,
            "2022-09": -206.0,
            "2022-10": -276.0
        },
        "16": {
            "2024-03": -136.0,
            "2024-06": -268.0,
            "2024-09": -49.0
        },
        "17": {
            "2024-06": -22.0,
            "2024-07": -22.0,
            "2024-08": -22.0,
            "2024-09": -22.0,
            "2024-10": -22.0,
            "2024-11": -22.0,
            "2024-12": -22.0,
            "2025-01": -22.0,
            "2025-02": -22.0,
            "2025-03": -22.0,
            "2025-04": -22.0,
            "2025-05": -22.0,
            "2025-06": -22.0
        },
        "20": {
            "2020-07": -58.0,
            "2020-08": -117.0
        },
        "21": {
            "2024-11": -57.0
        },
        "22": {
            "2018-10": -72.0,
            "2018-11": -125.0,
            "2018-12": -231.0,
            "2019-01": -337.0
        },
        "23": {
            "2018-01": -430.0,
            "2018-02": -430.0,
            "2018-03": -430.0,
            "2018-04": -430.0,
            "2018-05": -430.0,
            "2018-06": -430.0,
            "2018-07": -430.0,
            "2018-08": -430.0,
            "2018-09": -430.0
        },
        "25": {
            "2021-04": -81.0
        },
        "27": {
            "2018-01": -45.0,
            "2018-02": -92.0,
            "2019-06": -32.0,
            "2019-07": -32.0,
            "2019-08": -32.0,
            "2019-09": -32.0,
            "2019-10": -32.0,
            "2019-11": -32.0,
            "2019-12": -32.0,
            "2020-01": -32.0,
            "2020-02": -32.0,
            "2020-03": -32.0
        },
        "28": {
            "2018-10": -26.0,
            "2018-11": -79.0,
            "2023-04": -17.0,
            "2024-02": -89.0,
            "2024-03": -89.0,
            "2024-04": -89.0
        },
        "29": {
            "2020-08": -48.0,
            "2024-01": -21.0,
            "2024-02": -78.0,
            "2024-03": -135.0
        },
        "3": {
            "2018-06": -111.0,
            "2022-02": -15.0,
            "2022-03": -179.0
        },
        "6": {
            "2019-03": -56.0,
            "2019-04": -137.0,
            "2019-05": -137.0,
            "2019-06": -137.0,
            "2019-07": -137.0,
            "2019-08": -137.0,
            "2020-05": -27.0
        },
        "7": {
            "2024-07": -26.0,
            "2024-10": -37.0
        },
        "8": {
            "2024-12": -292.0
        }
    },
    "resources": {
        "0": {
            "2018-01": 1,
            "2018-02": 1,
            "2018-03": 1,
            "2018-07": 1,
            "2018-08": 1,
            "2018-09": 1,
            "2018-10": 1
        },
        "1": {
            "2018-11": 5,
            "2018-12": 5,
            "2019-01": 4,
            "2019-02": 4,
            "2019-03": 4,
            "2019-04": 4,
            "2019-05": 4,
            "2019-06": 3,
            "2019-07": 2,
            "2019-08": 1,
            "2019-09": 1,
            "2019-10": 3
        },
        "10": {
            "2019-05": 1,
            "2019-06": 1,
            "2019-07": 1,
            "2019-08": 1,
            "2019-11": 1
        },
        "102": {
            "2019-01": 1,
            "2019-02": 1,
            "2019-03": 1
        },
        "103": {
            "2019-04": 2,
            "2019-05": 1,
            "2019-06": 1,
            "2019-08": 1,
            "2019-09": 1,
            "2019-10": 1,
            "2019-11": 1
        },
        "104": {
            "2020-07": 1,
            "2020-10": 3,
            "2020-11": 3
        },
        "108": {
            "2023-03": 1,
            "2023-04": 1,
            "2023-05": 1,
            "2023-06": 1,
            "2023-07": 1
        },
        "11": {
            "2019-12": 1,
            "2020-01": 1,
            "2020-02": 1,
            "2020-03": 2,
            "2020-04": 1,
            "2020-05": 1,
            "2020-06": 1,
            "2020-07": 1,
            "2020-08": 2
        },
        "111": {
            "2018-06": 1,
            "2018-07": 1,
            "2018-08": 1,
            "2018-09": 1,
            "2018-10": 1,
            "2018-11": 1
        },
        "112": {
            "2018-12": 4,
            "2019-01": 4,
            "2019-02": 4,
            "2019-03": 4,
            "2019-04": 4,
            "2019-05": 4,
            "2019-06": 4
        },
        "113": {
            "2019-07": 1,
            "2019-08": 1,
            "2019-09": 1,
            "2019-10": 1,
            "2019-11": 1,
            "2019-12": 1
        },
        "115": {
            "2021-01": 1,
            "2021-07": 1
        },
        "117": {
            "2022-08": 2,
            "2022-09": 2,
            "2022-10": 2,
            "2022-11": 2,
            "2022-12": 2,
            "2023-01": 2
        },
        "122": {
            "2018-07": 2,
            "2018-08": 2
        },
        "123": {
            "2018-09": 2,
            "2018-10": 2,
            "2018-11": 1,
            "2018-12": 1
        },
        "128": {
            "2023-06": 1,
            "2023-07": 1
        },
        "130": {
            "2024-03": 1,
            "2024-04": 1,
            "2024-05": 1,
            "2024-06": 1,
            "2024-07": 1,
            "2024-08": 1,
            "2024-09": 1
        },
        "131": {
            "2024-10": 1,
            "2025-05": 1
        },
        "134": {
            "2018-12": 2,
            "2019-01": 2,
            "2019-02": 2,
            "2019-03": 2,
            "2019-04": 2,
            "2019-05": 2,
            "2019-06": 2,
            "2019-07": 2
        },
        "135": {
            "2019-08": 1,
            "2019-09": 1,
            "2019-10": 1
        },
        "137": {
            "2020-11": 1,
            "2020-12": 1,
            "2021-01": 1,
            "2021-02": 1,
            "2021-03": 1,
            "2021-04": 1
        },
        "138": {
            "2021-05": 2,
            "2021-06": 1,
            "2021-07": 1
        },
        "139": {
            "2022-04": 2,
            "2022-05": 2,
            "2022-06": 1,
            "2022-12": 1,
            "2023-01": 1
        },
        "143": {
            "2018-01": 1,
            "2018-02": 1,
            "2018-03": 1,
            "2018-04": 1,
            "2018-05": 1,
            "2018-06": 1,
            "2018-07": 1,
            "2018-08": 1
        },
        "145": {
            "2019-09": 6,
            "2019-10": 6,
            "2019-11": 5,
            "2019-12": 5,
            "2020-01": 5,
            "2020-02": 5,
            "2020-03": 5,
            "2020-04": 5,
            "2020-05": 4,
            "2020-06": 4,
            "2020-07": 4
        },
        "21": {
            "2020-03": 1,
            "2020-04": 1,
            "2020-05": 1,
            "2020-06": 1,
            "2020-07": 1,
            "2020-08": 1
        },
        "26": {
            "2023-08": 1,
            "2023-11": 1,
            "2023-12": 1,
            "2024-01": 1,
            "2024-02": 1,
            "2024-03": 1,
            "2024-04": 1,
            "2024-05": 1,
            "2024-06": 1
        },
        "27": {
            "2024-07": 1,
            "2024-08": 1,
            "2024-09": 1,
            "2024-10": 1,
            "2024-11": 1,
            "2024-12": 1
        },
        "3": {
            "2020-11": 2,
            "2020-12": 2,
            "2021-01": 2,
            "2021-02": 2
        },
        "30": {
            "2019-08": 1
        },
        "33": {
            "2020-12": 1,
            "2021-01": 1,
            "2021-02": 1
        },
        "37": {
            "2024-07": 1,
            "2024-08": 1,
            "2024-09": 1
        },
        "40": {
            "2019-07": 2,
            "2019-08": 2,
            "2019-09": 2,
            "2019-10": 2,
            "2019-11": 2
        },
        "48": {
            "2018-04": 1,
            "2018-05": 1,
            "2018-06": 1
        },
        "49": {
            "2019-01": 1,
            "2019-02": 1,
            "2019-03": 1,
            "2019-04": 2,
            "2019-05": 1
        },
        "50": {
            "2020-05": 1
        },
        "57": {
            "2024-09": 1,
            "2024-10": 1
        },
        "59": {
            "2018-12": 1,
            "2019-01": 1
        },
        "70": {
            "2018-12": 1,
            "2019-01": 1,
            "2019-02": 1,
            "2019-03": 1,
            "2019-04": 1,
            "2019-05": 1,
            "2019-06": 1,
            "2019-07": 1
        },
        "71": {
            "2019-08": 1,
            "2019-09": 1,
            "2019-10": 1,
            "2019-11": 1,
            "2020-02": 2,
            "2020-03": 2,
            "2020-04": 2,
            "2020-05": 2,
            "2020-06": 3,
            "2020-07": 3
        },
        "76": {
            "2023-05": 2,
            "2023-06": 2,
            "2023-07": 2
        },
        "8": {
            "2025-01": 1,
            "2025-02": 1
        },
        "80": {
            "2018-01": 1,
            "2018-02": 1,
            "2018-03": 1,
            "2018-04": 2,
            "2018-05": 3,
            "2018-06": 3,
            "2018-07": 3,
            "2018-08": 3,
            "2018-09": 3
        },
        "81": {
            "2019-07": 1,
            "2019-08": 1,
            "2019-09": 1
        },
        "91": {
            "2018-07": 1,
            "2018-08": 1,
            "2018-09": 1,
            "2018-10": 1,
            "2018-11": 2,
            "2018-12": 1,
            "2019-01": 1,
            "2019-02": 1,
            "2019-03": 1,
            "2019-04": 1
        },
        "93": {
            "2020-01": 1,
            "2020-02": 1,
            "2020-03": 1,
            "2020-04": 1,
            "2020-05": 1,
            "2020-06": 1
        },
        "94": {
            "2021-01": 1,
            "2021-02": 1,
            "2021-03": 1
        },
        "98": {
            "2023-07": 1,
            "2024-02": 1
        }
    }
}