{
    "available": {
        "2": {
            "2018-01": -1,
            "2018-02": -1,
            "2018-03": -1
        }
    },
    "elapsed": {
        "M": {
            "10": {
                "2025-06": 0
            },
            "20": {
                "2025-06": 0
            }
        }
    },
    "hours": {
        "10": {
            "2025-01": -12.0
        },
        "4": {
            "2019-12": -182.0,
            "2020-01": -210.0
        },
        "8": {
            "2025-01": -82.0,
            "2025-06": -52.0
        },
        "9": {
            "2025-01": -20.0
        }
    },
    "resources": {
        "13": {
            "2019-08": 2,
            "2019-09": 2,
            "2019-10": 1,
            "2020-02": 1,
            "2020-03": 1,
            "2020-04": 2
        },
        "38": {
            "2021-02": 1
        }
    }
}