{
    "elapsed": {
        "M": {
            "23": {
                "2025-06": 0
            }
        }
    },
    "hours": {
        "3": {
            "2018-11": -14.0,
            "2018-12": -14.0,
            "2019-01": -14.0,
            "2019-02": -14.0,
            "2019-03": -14.0,
            "2019-04": -14.0,
            "2019-05": -14.0,
            "2019-06": -14.0,
            "2020-12": -14.0
        },
        "4": {
            "2021-09": -63.0,
            "2022-08": -17.0,
            "2022-09": -89.0
        },
        "5": {
            "2019-12": -3.0,
            "2025-05": -119.0,
            "2025-06": -290.0
        }
    },
    "resources": {
        "10": {
            "2018-02": 2,
            "2018-03": 2,
            "2018-04": 3,
            "2018-05": 2,
            "2018-06": 2,
            "2018-07": 1,
            "2018-08": 1,
            "2018-09": 3,
            "2018-10": 5,
            "2018-11": 5
        },
        "11": {
            "2018-12": 5,
            "2019-01": 4,
            "2019-02": 4,
            "2019-03": 4,
            "2019-04": 2,
            "2019-05": 2,
            "2019-06": 2,
            "2019-07": 3,
            "2019-08": 3,
            "2019-09": 3
        },
        "12": {
            "2019-10": 1,
            "2020-01": 1,
            "2020-08": 1
        },
        "19": {
            "2018-01": 2,
            "2018-02": 2,
            "2018-03": 3,
            "2018-04": 2,
            "2018-05": 2,
            "2018-06": 3
        },
        "22": {
            "2020-05": 1,
            "2020-08": 1,
            "2020-09": 1,
            "2020-10": 2
        },
        "27": {
            "2024-08": 1
        },
        "37": {
            "2024-07": 1,
            "2024-08": 1
        },
        "9": {
            "2025-06": 5
        }
    }
}