{
    "elapsed": {
        "M": {
            "23": {
                "2025-06": 0
            },
            "67": {
                "2025-06": 0
            }
        }
    },
    "hours": {
        "6": {
            "2018-08": -28.0,
            "2018-09": -95.0
        }
    },
    "resources": {
        "1": {
            "2018-11": 1,
            "2018-12": 1,
            "2019-02": 1,
            "2019-03": 1,
            "2019-04": 1,
            "2019-05": 1
        },
        "22": {
            "2019-03": 3,
            "2019-04": 3,
            "2019-05": 3,
            "2019-06": 3,
            "2019-07": 3,
            "2019-08": 3
        },
        "32": {
            "2018-01": 2
        }
    }
}