{
    "available": {
        "4": {
            "2020-09": -1,
            "2020-10": -1,
            "2020-11": -1,
            "2020-12": -1,
            "2021-01": -1
        }
    },
    "elapsed": {
        "M": {
            "56": {
                "2021-11": 0,
                "2021-12": -1,
                "2022-01": -2,
                "2022-02": -3,
                "2022-03": -4,
                "2022-04": -5,
                "2022-05": -6,
                "2022-06": -7,
                "2022-07": -8,
                "2022-08": -9,
                "2022-09": -10,
                "2022-10": -11,
                "2022-11": -12,
                "2022-12": -13,
                "2023-01": -14,
                "2023-02": -15,
                "2023-03": -16,
                "2023-04": -17,
                "2023-05": -18,
                "2023-06": -19,
                "2023-07": -20,
                "2023-08": -21,
                "2023-09": -22,
                "2023-10": -23,
                "2023-11": -24,
                "2023-12": -25,
                "2024-01": -26,
                "2024-02": -27,
                "2024-03": -28,
                "2024-04": -29,
                "2024-05": -30,
                "2024-06": -31,
                "2024-07": -32,
                "2024-08": -33,
                "2024-09": -34,
                "2024-10": -35,
                "2024-11": -36,
                "2024-12": -37,
                "2025-01": -38,
                "2025-02": -39,
                "2025-03": -40,
                "2025-04": -41,
                "2025-05": -42,
                "2025-06": -43
            }
        }
    },
    "hours": {
        "2": {
            "2019-08": -252.0,
            "2019-09": -516.0
        },
        "3": {
            "2019-08": -7.0,
            "2019-09": -95.0
        }
    },
    "resources": {
        "10": {
            "2018-01": 2,
            "2018-02": 2,
            "2018-05": 1,
            "2018-06": 1,
            "2018-07": 1
        },
        "18": {
            "2023-12": 2,
            "2024-01": 1,
            "2024-02": 1,
            "2024-03": 1,
            "2024-04": 1,
            "2024-05": 1,
            "2024-06": 1,
            "2024-07": 1
        }
    }
}