{
    "hours": {
        "1": {
            "2022-07": -120.0,
            "2022-09": -390.0
        },
        "2": {
            "2018-02": -30.0,
            "2022-04": -116.0
        },
        "4": {
            "2019-05": -8.0,
            "2022-06": -1.0
        },
        "5": {
            "2023-12": -80.0
        },
        "6": {
            "2021-10": -39.0,
            "2021-11": -119.0
        }
    },
    "resources": {
        "1": {
            "2018-08": 2,
            "2018-09": 2
        },
        "10": {
            "2018-02": 2
        },
        "11": {
            "2018-12": 2,
            "2019-01": 1
        },
        "2": {
            "2019-08": 4
        },
        "20": {
            "2018-01": 2,
            "2018-02": 1,
            "2018-03": 1,
            "2018-04": 4,
            "2018-05": 4,
            "2018-06": 4,
            "2018-07": 4
        },
        "21": {
            "2018-08": 3,
            "2018-09": 2
        },
        "5": {
            "2021-11": 2,
            "2021-12": 1,
            "2022-01": 1,
            "2022-02": 1
        }
    }
}