{
    "hours": {
        "1": {
            "2021-09": -58.0,
            "2025-06": -47.0
        },
        "4": {
            "2018-01": -382.0,
            "2018-02": -382.0
        }
    },
    "resources": {
        "1": {
            "2018-12": 2,
            "2019-06": 1,
            "2019-07": 1
        },
        "4": {
            "2021-02": 6,
            "2021-03": 6,
            "2021-04": 6,
            "2021-05": 3,
            "2021-06": 3,
            "2021-07": 2
        }
    }
}