{
    "hours": {
        "10": {
            "2020-01": -11.0,
            "2021-11": -12.0
        },
        "13": {
            "2023-06": -244.0
        },
        "15": {
            "2022-07": -35.0
        },
        "8": {
            "2022-06": -101.0
        }
    },
    "resources": {
        "0": {
            "2018-05": 1
        },
        "21": {
            "2018-06": 1
        },
        "25": {
            "2021-04": 1,
            "2021-05": 1,
            "2021-08": 1
        },
        "41": {
            "2018-01": 1,
            "2018-02": 1,
            "2018-03": 2,
            "2018-04": 1,
            "2018-07": 1,
            "2018-08": 1
        },
        "42": {
            "2019-02": 1,
            "2019-03": 1,
            "2019-04": 1
        },
        "43": {
            "2019-11": 1,
            "2019-12": 1,
            "2020-01": 1
        },
        "46": {
            "2022-02": 1,
            "2022-03": 1
        },
        "47": {
            "2022-09": 1
        }
    }
}