{
    "hours": {
        "1": {
            "2022-03": -71.0
        },
        "2": {
            "2018-03": -30.0
        },
        "7": {
            "2021-09": -4.0,
            "2021-10": -36.0,
            "2021-11": -68.0
        }
    },
    "resources": {
        "1": {
            "2018-08": 2
        },
        "11": {
            "2018-12": 1
        },
        "15": {
            "2021-09": 1,
            "2021-10": 1,
            "2021-11": 1
        },
        "2": {
            "2019-08": 2,
            "2019-09": 2,
            "2019-10": 2
        },
        "20": {
            "2018-01": 3,
            "2018-02": 3,
            "2018-03": 3,
            "2018-04": 3,
            "2018-05": 1,
            "2018-06": 1,
            "2018-07": 3
        },
        "21": {
            "2018-08": 2,
            "2018-09": 1,
            "2019-02": 1,
            "2019-03": 1
        },
        "22": {
            "2019-04": 2
        },
        "24": {
            "2021-02": 1
        },
        "5": {
            "2021-11": 2,
            "2021-12": 1
        }
    }
}