{
    "available": {
        "5": {
            "2024-11": -1
        }
    },
    "hours": {
        "16": {
            "2018-11": -76.0,
            "2018-12": -296.0
        },
        "3": {
            "2019-05": -22.0,
            "2023-08": -118.0,
            "2023-11": -18.0
        },
        "4": {
            "2018-11": -19.0,
            "2023-08": -224.0
        },
        "5": {
            "2019-10": -22.0,
            "2019-11": -86.0,
            "2024-05": -107.0
        },
        "6": {
            "2020-01": -47.0,
            "2022-02": -5.0,
            "2022-03": -32.0
        }
    },
    "resources": {
        "10": {
            "2018-01": 3,
            "2018-02": 3,
            "2018-03": 3,
            "2018-04": 3,
            "2018-05": 3,
            "2018-06": 1,
            "2018-07": 1,
            "2018-08": 2,
            "2018-09": 2,
            "2018-10": 2
        },
        "11": {
            "2019-01": 4,
            "2019-02": 4,
            "2019-03": 3,
            "2019-04": 3,
            "2019-05": 3,
            "2019-08": 1,
            "2019-09": 1
        },
        "76": {
            "2018-08": 1
        }
    }
}