{
    "available": {
        "2": {
            "2018-01": -1,
            "2018-02": -1,
            "2018-03": -1
        }
    },
    "hours": {
        "10": {
            "2018-05": -2.0
        },
        "4": {
            "2019-12": -143.0,
            "2020-01": -587.0
        },
        "7": {
            "2023-03": -38.0
        },
        "8": {
            "2025-03": -7.0
        }
    },
    "resources": {
        "13": {
            "2019-08": 1,
            "2020-02": 1,
            "2020-03": 2,
            "2020-04": 2
        },
        "35": {
            "2019-03": 1
        }
    }
}