{
    "hours": {
        "3": {
            "2019-08": -35.0,
            "2023-04": -71.0
        }
    },
    "resources": {
        "13": {
            "2019-09": 1,
            "2019-10": 1,
            "2019-11": 1,
            "2019-12": 1,
            "2020-01": 1,
            "2020-02": 1,
            "2020-03": 1,
            "2020-04": 1,
            "2020-05": 1,
            "2020-06": 1
        },
        "21": {
            "2018-11": 6,
            "2018-12": 6,
            "2019-01": 4,
            "2019-02": 2,
            "2019-03": 2,
            "2019-04": 2,
            "2019-05": 3
        },
        "22": {
            "2019-06": 3,
            "2019-07": 2,
            "2019-08": 2,
            "2019-09": 2,
            "2019-10": 2,
            "2019-11": 1,
            "2019-12": 1,
            "2020-01": 1,
            "2020-02": 1,
            "2020-03": 1,
            "2020-04": 1,
            "2020-05": 2
        },
        "23": {
            "2020-06": 1,
            "2020-07": 1,
            "2020-11": 1
        },
        "24": {
            "2021-05": 2,
            "2021-06": 1,
            "2021-07": 1,
            "2021-09": 1,
            "2021-10": 1,
            "2021-11": 1
        },
        "25": {
            "2022-03": 1,
            "2022-04": 1,
            "2022-05": 1
        }
    }
}