{
    "available": {
        "2": {
            "2018-01": -1,
            "2018-02": -1,
            "2018-03": -1
        }
    },
    "hours": {
        "10": {
            "2020-03": -22.0
        },
        "4": {
            "2020-03": -31.0
        },
        "8": {
            "2024-10": -136.0,
            "2025-03": -13.0
        },
        "9": {
            "2022-01": -14.0,
            "2022-02": -122.0,
            "2022-03": -230.0
        }
    },
    "resources": {
        "13": {
            "2019-08": 4,
            "2019-09": 4,
            "2019-10": 3,
            "2019-11": 1,
            "2019-12": 1,
            "2020-01": 1,
            "2020-02": 1,
            "2020-03": 1,
            "2020-04": 2
        },
        "28": {
            "2022-05": 2
        },
        "35": {
            "2019-03": 1
        },
        "36": {
            "2019-10": 1,
            "2020-04": 1
        },
        "38": {
            "2021-02": 1
        },
        "44": {
            "2024-11": 1,
            "2024-12": 1,
            "2025-01": 1
        }
    }
}