{
    "elapsed": {
        "M": {
            "138": {
                "2025-06": 0
            },
            "168": {
                "2025-06": 0
            },
            "204": {
                "2025-06": 0
            }
        }
    },
    "hours": {
        "11": {
            "2018-11": -266.0
        },
        "13": {
            "2022-10": -184.0,
            "2022-11": -62.0
        },
        "14": {
            "2024-12": -62.0,
            "2025-01": -306.0
        },
        "16": {
            "2021-01": -19.0,
            "2021-02": -19.0,
            "2021-03": -19.0
        },
        "17": {
            "2024-11": -25.0,
            "2025-06": -291.0
        },
        "21": {
            "2024-01": -13.0
        },
        "23": {
            "2024-04": -54.0
        },
        "24": {
            "2020-09": -90.0,
            "2025-06": -168.0
        },
        "5": {
            "2022-09": -7.0,
            "2022-10": -82.0,
            "2022-11": -157.0
        },
        "9": {
            "2018-01": -239.0,
            "2019-10": -10.0,
            "2019-11": -10.0,
            "2019-12": -10.0,
            "2020-01": -10.0,
            "2020-02": -10.0
        }
    },
    "resources": {
        "0": {
            "2018-01": 1,
            "2018-02": 1,
            "2018-03": 1,
            "2018-04": 1,
            "2018-05": 3,
            "2018-06": 3,
            "2018-07": 3
        },
        "100": {
            "2020-07": 3,
            "2020-08": 3,
            "2020-09": 3,
            "2020-10": 3,
            "2020-11": 2,
            "2021-01": 1,
            "2021-02": 1
        },
        "108": {
            "2018-02": 1,
            "2018-03": 1,
            "2018-04": 1,
            "2018-05": 1,
            "2018-06": 1,
            "2018-07": 1,
            "2018-08": 1,
            "2018-09": 1,
            "2018-10": 1,
            "2018-11": 1,
            "2018-12": 1
        },
        "115": {
            "2023-06": 1,
            "2023-07": 1,
            "2023-08": 1,
            "2023-09": 1,
            "2023-10": 1
        },
        "117": {
            "2025-02": 2,
            "2025-03": 2
        },
        "119": {
            "2019-05": 1,
            "2019-06": 1,
            "2019-07": 1
        },
        "120": {
            "2019-08": 2,
            "2019-09": 2,
            "2019-10": 2,
            "2019-11": 2,
            "2019-12": 2,
            "2020-01": 2,
            "2020-02": 2,
            "2020-03": 2,
            "2020-04": 2
        },
        "123": {
            "2022-01": 1,
            "2022-02": 1,
            "2022-03": 1,
            "2022-08": 1
        },
        "124": {
            "2023-04": 1,
            "2023-05": 1
        },
        "127": {
            "2025-02": 1,
            "2025-03": 1,
            "2025-04": 1,
            "2025-05": 1,
            "2025-06": 1
        },
        "130": {
            "2020-02": 1
        },
        "134": {
            "2023-03": 1,
            "2023-04": 2,
            "2023-05": 2
        },
        "140": {
            "2019-06": 1,
            "2019-07": 1
        },
        "146": {
            "2024-07": 1,
            "2024-08": 1
        },
        "148": {
            "2018-01": 1,
            "2018-02": 1,
            "2018-03": 1,
            "2018-04": 1,
            "2018-05": 1,
            "2018-06": 1
        },
        "151": {
            "2020-08": 1,
            "2020-09": 1
        },
        "155": {
            "2023-03": 1,
            "2023-09": 1,
            "2023-10": 1,
            "2023-11": 1,
            "2023-12": 1
        },
        "163": {
            "2021-12": 2
        },
        "171": {
            "2020-04": 1
        },
        "172": {
            "2020-07": 3,
            "2020-08": 3,
            "2020-09": 3,
            "2020-10": 3,
            "2020-11": 3,
            "2020-12": 3
        },
        "174": {
            "2021-07": 1,
            "2021-08": 1,
            "2021-09": 1
        },
        "21": {
            "2019-04": 1
        },
        "23": {
            "2020-01": 1,
            "2020-02": 1,
            "2020-05": 1,
            "2020-06": 1,
            "2020-07": 1
        },
        "31": {
            "2018-01": 1,
            "2018-02": 1,
            "2018-03": 1,
            "2018-04": 1,
            "2018-05": 1,
            "2018-06": 2,
            "2018-07": 2,
            "2018-08": 2
        },
        "35": {
            "2020-12": 2,
            "2021-04": 1,
            "2021-05": 2
        },
        "41": {
            "2018-01": 1,
            "2018-03": 1,
            "2018-05": 1,
            "2018-06": 2,
            "2018-07": 2,
            "2018-08": 2
        },
        "43": {
            "2019-04": 1,
            "2019-05": 1,
            "2019-06": 2,
            "2019-07": 2,
            "2019-08": 2,
            "2019-09": 2,
            "2019-10": 2
        },
        "53": {
            "2018-01": 1,
            "2018-02": 1,
            "2018-03": 1,
            "2018-04": 1,
            "2018-05": 1,
            "2018-06": 1,
            "2018-07": 2
        },
        "75": {
            "2018-01": 6,
            "2018-02": 4,
            "2018-03": 2,
            "2018-04": 1,
            "2018-05": 2,
            "2018-06": 3,
            "2018-07": 3
        },
        "82": {
            "2023-05": 1,
            "2023-06": 2,
            "2023-07": 2,
            "2023-08": 1,
            "2023-09": 1
        },
        "84": {
            "2025-01": 1
        },
        "86": {
            "2018-01": 4,
            "2018-02": 4,
            "2018-03": 4,
            "2018-04": 4,
            "2018-05": 4,
            "2018-06": 3,
            "2018-07": 3,
            "2018-08": 2,
            "2018-09": 1,
            "2018-10": 2,
            "2018-11": 2,
            "2018-12": 2
        },
        "87": {
            "2019-07": 1,
            "2019-08": 1
        },
        "88": {
            "2019-09": 1,
            "2019-10": 1,
            "2019-11": 1
        },
        "89": {
            "2020-11": 1
        },
        "90": {
            "2020-12": 1
        },
        "92": {
            "2022-05": 2,
            "2022-06": 1,
            "2022-07": 1,
            "2022-08": 2,
            "2022-09": 3,
            "2022-10": 3,
            "2022-11": 3
        }
    }
}