{
    "hours": {
        "1": {
            "2025-03": -89.0
        }
    },
    "min_assign": {
        "51": {
            "2021-06": {
                "2021-06": {
                    "24": 2
                }
            },
            "2021-10": {
                "2021-10": {
                    "24": 2
                }
            }
        }
    },
    "resources": {
        "0": {
            "2018-07": 1
        },
        "1": {
            "2018-12": 3,
            "2019-01": 2
        },
        "11": {
            "2018-08": 1
        },
        "12": {
            "2019-05": 1,
            "2019-11": 1,
            "2019-12": 1,
            "2020-01": 2
        },
        "16": {
            "2022-12": 1,
            "2023-06": 1,
            "2023-07": 1,
            "2023-10": 1
        },
        "2": {
            "2019-08": 1,
            "2019-09": 1,
            "2020-07": 1
        },
        "4": {
            "2021-02": 6,
            "2021-03": 6,
            "2021-04": 5,
            "2021-05": 5,
            "2021-06": 4,
            "2021-07": 4,
            "2021-09": 1,
            "2021-10": 1
        }
    }
}